RMS_ch1,MAV_ch1,WL_ch1,SSC_ch1,RMS_ch2,MAV_ch2,WL_ch2,SSC_ch2,Label
2.913551,2.445521,121.3719,22,1.686573,1.276876,71.89725,25,0
2.884931,2.415352,121.0438,24,1.957892,1.485964,88.96164,26,0
3.505054,2.927507,141.804,21,2.417628,1.796206,97.35191,25,0
3.548207,2.979972,154.7624,23,2.443248,1.881274,102.2199,23,0
4.95446,3.738527,202.6868,23,2.502741,1.878437,100.2202,23,0
5.328728,4.106205,242.5774,22,2.466809,1.832357,102.4452,21,0
6.256648,4.845964,293.7368,21,2.456345,1.855643,100.7631,21,0
8.584901,6.401595,382.1288,24,4.245144,2.80982,173.9574,21,0
9.330591,7.404857,438.7769,23,4.379587,2.986281,189.735,24,0
10.23207,7.89261,480.1629,22,4.793902,3.440707,224.3567,23,0
11.24543,8.668898,482.3549,20,4.949253,3.70151,239.7506,22,0
10.91722,8.220875,464.5072,20,6.047428,4.472695,296.8486,24,0
9.570717,6.982667,394.5705,20,5.752557,4.275261,253.4861,22,0
9.192286,6.492554,368.7941,20,6.174512,4.694052,266.1339,21,0
7.695508,5.629754,283.8773,19,6.534667,5.105082,289.1928,22,0
6.321213,5.114673,286.0106,19,7.396321,5.853539,340.5432,22,0
6.683269,5.448443,307.4073,20,8.423131,6.549786,356.5277,21,0
6.610302,5.4987,353.7995,21,8.415406,6.585376,401.8628,23,0
6.648609,5.539067,362.7098,22,8.825393,7.10327,445.0822,22,0
6.734888,5.680022,380.4333,23,8.616677,6.881284,414.727,23,0
7.04721,5.904595,424.109,24,8.348115,6.749891,397.187,23,0
6.718608,5.664388,395.5787,23,8.427703,6.930354,411.1161,22,0
8.3328,6.778039,415.02,21,10.458,8.307936,482.7346,23,0
10.63526,8.575276,534.688,20,10.62992,8.533541,502.6772,22,0
11.55167,9.352529,596.502,21,12.8702,10.4915,604.5846,21,0
11.23265,8.80434,550.4711,22,14.02944,11.83913,674.3607,21,0
11.67913,9.294912,558.9182,24,14.43243,11.91942,674.4121,20,0
11.50693,9.136161,572.6036,24,13.01946,10.37096,564.3792,21,0
10.70269,8.63871,519.9623,24,13.83657,10.8582,567.0633,21,0
9.876639,7.957857,487.4452,24,13.21957,10.16711,547.7081,24,0
10.61095,8.902819,539.2293,24,15.22466,11.27783,708.8488,25,0
10.63619,8.77975,542.7225,22,15.89331,11.99629,766.6493,25,0
10.6284,8.580568,539.3664,23,17.76153,14.13698,919.4624,25,0
9.832304,7.814405,541.5499,25,17.38066,13.78176,911.6725,24,0
10.2967,8.193056,588.2354,25,17.10978,13.65026,916.4936,24,0
11.00726,8.598621,649.236,27,17.14402,13.79577,953.8997,25,0
11.77785,9.558313,740.9556,29,21.78505,16.56353,1138.557,24,0
13.01843,10.40705,814.9397,28,26.41947,19.77324,1319.958,23,0
12.66819,10.00323,764.7075,28,29.20834,22.60894,1530.646,24,0
13.4546,10.64747,802.9564,27,30.2838,23.90428,1597.993,23,0
14.73808,11.78215,836.2208,25,30.12678,23.74187,1460.228,23,0
14.24649,11.09736,759.7191,24,26.98566,21.12283,1287.725,24,0
13.10277,10.28578,689.5679,24,23.04356,18.57114,1135.722,22,0
14.24712,11.58535,745.3408,23,21.33823,17.80512,1075.855,21,0
14.0679,11.3913,692.0663,23,19.88991,16.58391,961.9866,20,0
12.00204,9.67625,614.5788,23,19.02526,15.64365,954.6493,20,0
13.32531,10.64764,700.8331,24,19.66816,16.18541,1031.793,21,0
12.44978,9.645134,636.5477,25,19.84554,16.17282,1091.337,22,0
11.04308,8.100842,564.3659,25,18.72844,15.10337,1040.412,25,0
10.54347,7.902068,555.3227,24,18.59624,14.73975,1039.666,25,0
12.20307,9.095553,624.7008,24,19.07654,15.36416,1069.269,24,0
10.21485,7.62745,508.561,24,19.00156,15.10435,994.6796,25,0
10.06342,7.428282,478.42,22,17.38592,13.90478,873.9313,24,0
13.18091,9.701255,635.6868,22,16.10479,12.84165,798.6369,23,0
13.15097,9.567106,651.585,22,16.64599,13.64889,876.611,25,0
12.00293,8.787062,626.2905,23,16.80172,13.70277,825.254,24,0
12.76392,9.605075,673.2538,23,16.68644,13.80351,802.7653,22,0
13.3452,10.34887,723.5186,25,16.81963,13.93858,764.1072,21,0
10.41192,8.306612,580.0853,24,18.0438,15.3402,765.2797,20,0
9.794508,7.964749,530.9641,21,17.64435,15.02482,695.1428,19,0
9.772028,7.891545,490.0572,21,16.2021,13.69102,612.8414,20,0
8.879823,7.217137,436.6844,22,16.1742,13.82927,609.3637,19,0
8.533954,7.114586,435.7502,23,18.02788,14.948,763.5972,19,0
8.886721,7.515864,477.7406,23,17.35985,14.31021,757.8094,21,0
8.963517,7.513803,482.5489,25,17.51776,14.37592,814.8685,22,0
7.701004,6.330327,411.6743,26,17.00395,13.54322,787.0842,23,0
7.721497,6.406419,437.6487,24,15.92975,12.63936,827.3811,25,0
8.50424,6.866093,454.2784,23,14.5206,11.56075,777.8922,26,0
9.039765,7.219583,473.2257,25,15.38224,11.90232,810.8724,25,0
9.149172,7.349894,505.0972,24,15.77105,12.18469,807.0536,25,0
9.220254,7.55963,530.6072,23,16.12915,12.74615,841.7086,23,0
9.917675,8.079031,554.4931,24,18.27985,14.06593,886.0189,24,0
9.689971,8.007573,569.9081,24,17.14106,13.21467,816.3079,22,0
9.140778,7.605181,513.9728,23,15.72309,11.9383,777.5637,25,0
8.662096,7.035614,475.8954,22,14.75553,10.96465,726.4269,24,0
9.258449,7.671824,504.113,23,14.47986,10.82289,652.8615,24,0
8.497169,7.024804,462.2091,23,11.48631,9.335827,549.0185,23,0
9.190377,7.34795,471.9468,24,14.37211,10.82346,584.3665,23,0
9.002228,7.162219,442.578,24,15.18765,11.73279,605.6804,23,0
9.031477,7.178603,430.2245,24,15.26548,11.86778,610.3803,25,0
8.13526,6.130248,358.8326,24,17.43529,13.59715,805.1457,24,0
8.237465,6.291378,360.3983,25,17.23683,13.23022,807.5156,26,0
6.713391,5.431277,325.1861,25,14.15077,10.84228,709.918,26,0
6.789109,5.572234,341.1359,27,12.82827,9.340485,624.3323,25,0
6.776062,5.521513,342.5504,26,12.9615,9.524584,655.02,24,0
7.559076,6.135241,384.2799,26,12.88195,8.927058,582.6569,25,0
7.198471,5.880376,362.0924,26,13.74922,9.310838,570.6939,25,0
7.20998,5.982062,343.7891,24,14.10989,9.997905,587.9467,25,0
6.512571,5.230772,310.2839,23,15.86742,11.98565,656.7035,25,0
6.352244,5.076818,285.9026,22,15.56103,11.53252,622.1217,24,0
5.484825,4.551091,255.9821,21,12.88992,9.928528,508.7761,23,0
5.385664,4.503539,228.6492,20,11.97848,9.237939,488.2919,22,0
5.970932,4.634976,231.8008,21,12.51722,9.48667,526.2529,23,0
6.174614,4.846832,244.2524,21,10.5392,8.087805,451.6647,23,0
5.927474,4.597613,245.3395,23,10.09687,7.661041,417.0174,22,0
6.854339,5.288403,280.7373,23,9.86382,7.299125,387.3108,22,0
6.566548,4.856725,271.4466,23,8.071019,6.249818,323.2121,23,0
5.321228,4.016131,245.6144,24,7.640329,6.006067,326.354,23,0
4.973855,3.517981,214.4234,25,7.240368,5.516819,320.715,21,0
6.730383,4.844059,252.805,24,6.647528,4.951638,281.9699,22,0
5.825604,4.124,207.0798,21,6.360557,4.473356,259.1939,25,0
5.735913,3.942852,193.4026,23,6.12403,4.140708,234.4408,25,0
6.364707,4.435905,220.9101,22,4.23981,3.298416,166.7577,25,0
7.08394,5.057621,266.7497,21,3.526201,2.732945,146.4452,26,0
5.341048,3.613414,211.1136,20,4.218836,3.164194,169.7081,25,0
6.100373,4.312019,259.8387,21,4.342226,3.342296,168.4854,24,0
7.36163,5.587727,310.4836,19,4.363036,3.330487,165.9263,23,0
4.234286,3.416015,167.5591,20,2.653956,1.899654,96.73795,20,0
4.389075,3.608999,190.9543,21,3.164887,2.346613,131.6084,21,0
4.825987,3.970028,211.5952,21,3.350605,2.60971,139.2521,21,0
5.619744,4.694839,235.0954,19,4.52054,3.535411,201.4289,21,0
5.266946,4.302435,226.3512,18,4.931934,3.968262,235.3392,21,0
5.141221,4.14891,230.5627,20,6.14797,4.734972,279.0337,22,0
5.582693,4.502698,241.9696,19,7.621536,5.840502,394.5065,22,0
5.953134,4.692637,253.0197,21,9.248781,7.308109,537.6854,24,0
7.134164,5.388129,341.8112,23,12.93672,9.698017,677.2344,24,0
8.268146,6.544354,421.0785,24,14.64556,11.61822,803.3547,24,0
9.632715,7.806233,478.5432,25,17.30869,13.97887,960.5677,24,0
9.70702,7.995581,478.619,25,17.77968,14.43237,950.7711,23,0
10.55781,8.873191,497.6852,23,17.72567,14.57878,877.0596,21,0
9.593757,7.792284,414.8027,23,15.50003,12.37182,726.7219,21,0
9.299279,7.480103,419.4087,23,15.63538,12.40414,717.2306,21,0
8.40036,6.841161,405.2123,24,13.70905,11.17183,643.0591,22,0
8.165665,6.388081,401.5,24,17.53306,13.95184,874.4438,23,0
7.006862,5.558856,369.3105,24,19.99329,16.03965,1038.105,23,0
7.152636,5.748494,390.2831,24,22.19456,18.0285,1096.088,23,0
7.293542,5.793486,352.5009,22,21.62253,17.41083,1087.27,24,0
6.873127,5.383565,335.6651,22,21.01411,16.53862,1006.452,21,0
8.086724,6.559086,349.8365,23,19.96528,15.78153,802.9694,20,0
9.603827,7.756071,468.115,23,17.59091,13.65673,652.257,19,0
10.22278,8.355262,441.302,23,16.97807,13.73592,641.0062,19,0
12.63182,9.843963,562.1693,24,21.27052,16.16996,764.4905,18,0
14.18448,11.5999,683.0298,24,21.00479,15.68692,752.0574,22,0
14.16488,11.53995,716.7891,23,19.04285,13.65373,706.2201,22,0
13.91157,11.13623,714.5171,23,20.79213,15.36738,853.1776,23,0
14.3737,11.49387,766.7301,23,20.02099,14.56237,899.1558,23,0
13.08652,10.79044,721.9689,23,15.55399,12.39032,747.4581,22,0
12.86322,10.51048,682.0914,22,21.18621,16.89466,920.9097,20,0
15.58542,12.2311,767.9623,23,23.91723,19.46135,947.092,18,0
16.81334,13.4835,797.1033,23,25.79068,20.66502,1041.809,18,0
17.42066,14.10807,856.1025,23,26.51312,21.53903,1048.773,19,0
17.32384,13.84872,866.6957,23,28.74017,24.48485,1117.954,19,0
19.71676,15.6713,953.6841,23,25.8306,21.50349,1037.009,18,0
19.06848,15.41059,957.3965,23,28.25915,22.46204,1237.872,21,0
18.09943,14.15523,885.3527,22,26.08083,20.74607,1132.195,22,0
18.52316,14.62381,871.9062,21,24.77913,19.26005,1069.53,23,0
21.24843,17.18453,1029.188,20,23.09115,17.31606,1061.181,24,0
19.51574,15.91542,1005.806,21,22.50796,16.55747,1054.2,25,0
18.04112,14.18828,914.5612,22,17.34822,14.51869,808.817,23,0
17.63429,13.70327,892.9797,23,19.00946,15.40646,724.6556,21,0
15.97479,11.88026,823.2647,24,19.36508,15.73068,752.0871,21,0
10.99453,8.27916,555.136,25,19.24018,15.3783,733.7717,20,0
9.215953,7.30756,435.5151,25,20.32238,16.71634,795.0514,20,0
8.592642,6.743653,400.4299,25,22.86323,17.86316,963.4377,23,0
9.751909,7.535622,463.5955,25,21.25802,16.90086,1020.98,24,0
10.99182,8.433391,542.5856,26,22.73896,18.50818,1176.874,24,0
11.08596,8.563961,558.0795,27,22.51009,18.31438,1161.82,24,0
12.06711,9.045296,597.7565,28,22.46237,18.31108,1031.952,21,0
12.1008,9.072523,597.3298,27,19.28719,16.54648,915.1008,20,0
11.13787,8.426845,530.3298,26,20.82703,17.42591,927.7341,19,0
9.668,7.442094,437.2352,23,18.94967,15.57681,759.389,18,0
9.670808,7.52666,415.1989,23,18.47587,15.35236,721.0101,17,0
9.509265,7.537105,475.9647,23,17.54047,14.48847,761.0616,20,0
10.16582,8.202848,531.2168,23,15.97154,12.54654,615.1513,20,0
10.15348,8.261613,513.5011,22,13.11248,10.85142,506.4283,20,0
10.49403,8.61727,571.7348,24,16.92751,13.30743,662.6913,22,0
10.93771,9.084603,611.0817,22,16.6027,12.76581,738.764,23,0
11.31007,9.365188,573.3674,21,17.19362,13.16459,826.227,24,0
11.62758,9.709504,598.1416,21,18.17307,14.69015,930.073,25,0
11.68903,9.631079,609.7382,21,20.27663,16.30581,1048.526,25,0
12.41823,10.26957,595.6121,20,17.12679,13.60491,909.7407,26,0
12.01195,9.76402,544.4348,20,17.42081,13.90646,873.8604,26,0
9.96499,7.945256,448.2115,20,16.21331,12.60292,750.1792,26,0
8.692378,6.813744,362.3479,20,17.35167,13.21691,791.6154,26,0
7.94591,6.182549,338.2793,23,13.73858,10.53609,656.6867,25,0
5.619118,4.556405,266.4947,24,13.06088,9.922159,584.7275,25,0
5.531638,4.473285,276.6142,26,11.82525,8.766335,530.4105,24,0
5.313442,4.258401,274.4197,27,11.26649,7.965391,473.5742,22,0
5.73449,4.538321,293.86,26,6.670393,5.140342,307.47,23,0
7.404469,5.376281,319.6324,26,5.829878,4.158609,255.5015,23,0
5.003214,3.847149,234.088,23,2.986189,2.53182,130.1815,25,0
5.34996,4.175669,248.7171,23,3.242669,2.649429,143.2764,25,0
6.245363,4.777892,268.5041,23,4.042232,3.161353,173.8905,24,0
6.604055,5.088668,286.8521,23,4.850606,3.813164,172.4963,25,0
8.118885,6.482507,390.5233,22,5.699583,4.50062,241.0414,23,0
8.391093,6.727346,416.9625,22,8.423022,6.530821,334.7912,24,0
9.338423,7.694312,492.6066,23,11.31399,8.966124,383.1723,20,0
9.522902,7.995654,521.624,23,12.32597,10.05787,439.3464,19,0
9.090114,7.391837,473.2726,24,14.74481,11.74653,581.5635,19,0
8.484607,6.856328,399.6994,23,17.33024,13.7367,730.1077,20,0
9.821417,7.684133,438.1387,23,16.49171,12.5751,624.8799,17,0
9.993053,7.843373,457.4772,22,15.27558,11.32754,629.1956,17,0
9.906211,7.80754,447.7354,22,15.83685,11.82674,638.2515,18,0
9.925778,7.837229,447.6417,21,14.92873,11.36125,629.7224,17,0
10.5773,8.34929,491.6187,22,13.0112,10.49285,559.4608,18,0
10.38256,8.225374,536.5172,23,14.1725,11.35074,671.1246,20,0
11.43177,9.057598,587.602,23,16.42075,13.3454,731.7853,24,0
11.46138,8.928995,598.1572,23,21.43048,16.87951,986.2187,23,0
12.50121,10.14768,709.5616,24,20.94588,16.32523,959.5744,24,0
12.10405,9.736996,710.5037,25,21.33825,16.54714,965.1324,23,0
13.42397,10.90886,760.9404,24,21.68071,17.26232,1052.331,26,0
12.42148,9.994325,703.1338,25,23.40288,18.30241,1233.209,24,0
12.77062,10.37097,726.1753,26,19.74145,15.64996,1042.803,23,0
12.48268,10.05575,659.8422,22,21.19417,17.14973,1104.416,22,0
12.04281,9.449844,568.5318,22,26.59179,21.50676,1354.121,20,0
11.46447,8.959619,538.8486,20,27.32108,22.46573,1399.65,20,0
13.6413,10.05518,651.32,20,28.475,23.02732,1436.172,21,0
13.60887,10.15479,656.5145,21,27.8163,21.94318,1409.14,23,0
14.17651,10.62085,728.0869,25,28.44639,22.9051,1515.158,25,0
17.23322,13.59816,915.3752,26,25.84097,20.49434,1362.888,25,0
17.84754,14.28033,953.8793,25,26.23483,20.60895,1280.659,25,0
17.82744,14.56221,880.8141,25,23.67098,19.05867,1124.604,24,0
18.26354,15.01436,946.026,22,24.72044,20.49437,1174.451,22,0
19.51557,16.25623,982.3884,21,24.26481,19.75442,1038.926,21,0
18.0213,14.89754,910.1702,20,21.10911,17.25855,886.1798,20,0
17.73286,14.30481,828.5859,20,23.20906,18.49254,1021.409,19,0
15.76986,12.26023,705.2078,21,26.16597,20.68357,1239.3,20,0
19.53897,14.94527,861.6813,21,29.42944,22.83732,1438.193,21,0
17.91552,13.60273,795.2253,22,29.10744,22.56024,1487.585,23,0
17.17981,12.46571,704.9863,23,32.86244,26.9754,1887.709,24,0
16.91809,12.34618,787.722,23,31.33776,24.99221,1822.774,26,0
19.62695,14.87523,989.5939,24,28.13984,21.83052,1533.327,24,0
16.80349,13.06261,839.5613,24,25.6805,20.25911,1443.435,24,0
17.30651,13.51708,866.3143,25,25.35752,20.19678,1371.642,24,0
19.00112,15.35781,1056.822,26,21.41776,17.38271,1097.247,24,0
22.03165,17.60837,1190.985,26,21.73458,17.65294,1051.239,24,0
19.81536,15.52254,1007.482,25,21.78999,17.88873,1028.852,24,0
18.86456,14.65227,926.6713,25,19.30357,15.92611,820.3171,22,0
18.89299,14.44567,969.1119,24,19.22046,15.57619,792.7897,20,0
19.22192,14.69958,924.7605,24,18.34622,14.65254,679.5393,20,0
15.77946,12.444,798.8158,25,16.77837,14.19773,665.218,20,0
15.93486,12.66792,852.2588,26,15.75256,12.90488,622.5936,19,0
16.12401,12.76483,877.0867,26,17.53297,14.16678,775.9343,20,0
16.20737,13.16634,913.3023,26,18.80781,14.89085,846.0503,22,0
13.68852,11.04999,759.0601,26,18.44216,14.21278,808.7919,20,0
12.44693,10.32076,665.1515,25,17.17619,12.77519,705.0998,20,0
11.95707,9.655304,608.1411,22,18.55675,14.4043,762.8705,20,0
10.65223,8.400031,523.9189,24,17.81966,14.01872,696.0189,21,0
9.602249,7.492871,435.8173,24,14.91503,11.68093,566.0457,20,0
12.31274,9.353153,547.858,22,15.43292,12.4086,645.4169,19,0
13.09032,9.942772,605.1466,23,16.64286,13.88181,720.6951,22,0
13.18442,10.10508,622.8015,23,14.46165,11.63443,659.4702,23,0
13.7168,10.89302,696.5405,22,13.27611,10.63026,577.8453,22,0
14.23564,11.60009,754.9871,23,14.78841,12.09934,744.2454,23,0
11.90281,9.854997,687.1732,23,16.55583,13.3176,784.0322,23,0
10.82125,9.144758,640.4168,23,15.20224,11.97868,716.3255,22,0
10.68861,8.977792,624.7004,24,17.50391,14.10823,883.0344,22,0
11.07597,9.097525,644.2619,24,19.09582,15.67145,1021.219,24,0
11.40337,9.198603,668.8853,24,19.78509,15.98487,971.4058,25,0
10.87672,8.734862,625.7442,24,18.30485,14.46366,951.4603,26,0
11.18211,8.793615,643.0387,24,19.28286,15.38328,1039.674,26,0
11.91857,9.377217,697.3536,26,17.63453,14.03391,941.439,26,0
11.04916,8.630304,624.3968,26,16.73634,13.16033,871.6527,26,0
9.062371,6.882559,478.8656,27,14.8092,11.77602,794.0033,25,0
9.168459,6.92113,472.8442,26,13.27421,10.03421,662.0022,26,0
7.830824,6.015069,406.7338,27,11.97019,9.135048,571.3408,25,0
5.977112,4.592802,308.0128,26,11.09709,7.933823,472.054,23,0
5.557155,4.344825,257.2541,25,8.145916,6.239094,345.8663,23,0
5.324748,4.16234,236.7978,22,7.553113,5.593868,306.9112,24,0
4.902549,3.941692,208.9019,19,8.525258,6.544715,366.5833,23,0
4.821644,3.901844,188.1722,17,6.933169,5.220155,310.5047,22,0
5.20174,4.314999,189.2968,15,6.988049,5.430667,317.9612,21,0
4.70074,3.810561,163.37,14,6.477087,4.996983,304.3578,21,0
4.715931,3.803916,177.0253,16,5.862378,4.648904,265.3855,20,0
4.809625,3.906653,188.6337,18,3.997626,3.326412,184.5485,22,0
3.530706,2.924944,168.6223,23,2.375996,1.598715,103.5029,28,0
3.19772,2.701655,122.6483,21,3.168411,2.305746,137.096,28,0
2.917831,2.404803,118.4711,23,3.497978,2.691626,172.1293,28,0
3.815444,3.00965,174.8797,24,4.128938,3.325153,214.7157,25,0
4.042852,3.162865,185.099,24,6.131879,4.753396,295.4696,24,0
4.99155,3.877726,226.7482,24,7.009952,5.281667,334.0781,23,0
5.439178,4.347181,253.5287,27,6.904992,5.122786,339.7427,23,0
6.149949,5.115449,284.4155,23,7.298918,5.52451,365.9454,22,0
6.770535,5.518909,272.7516,22,7.652063,5.835433,381.0833,24,0
6.882025,5.549584,285.0881,21,7.39898,5.415473,369.3037,24,0
6.487775,5.153583,260.7678,23,6.980962,5.303558,341.7781,24,0
6.341708,4.872548,271.7586,21,8.878776,6.639443,442.862,23,0
6.056022,4.588296,268.3315,23,10.75031,8.168459,541.6849,24,0
5.245804,4.18653,230.5718,25,12.82912,9.643677,609.364,23,0
5.311403,4.386185,238.344,24,14.11481,10.71117,691.0672,24,0
6.045239,4.956172,273.6378,23,15.96385,12.63823,766.7979,23,0
6.739213,5.561717,304.6209,22,16.80103,13.60132,822.0289,22,0
7.814775,6.48149,389.3153,22,17.75475,14.4156,904.7867,21,0
8.107689,6.719884,441.6678,20,18.33731,15.18194,966.4553,22,0
8.379527,7.051327,460.97,20,18.15077,15.22649,935.3362,22,0
8.352515,6.938284,431.6777,21,19.0448,15.94386,963.4528,23,0
8.885938,7.40215,440.8001,21,19.47217,15.74221,881.0154,22,0
8.323922,6.893611,357.0114,19,18.07113,14.36957,706.9079,22,0
8.74672,6.983747,339.4458,19,16.47523,13.03596,545.8912,22,0
10.0768,8.025853,401.9896,20,15.53835,11.98971,483.3795,21,0
13.15031,9.95361,538.701,19,15.08516,11.79394,562.0359,22,0
13.41356,10.32465,587.3008,18,12.97396,10.67459,588.0392,21,0
14.82264,11.82794,687.384,21,14.59754,12.00781,672.8823,21,0
15.57924,12.85768,793.5052,22,17.65768,13.99447,903.2475,22,0
15.87378,13.20369,755.6706,20,19.82179,16.26856,973.4741,23,0
16.30144,13.48988,793.7762,21,18.59516,14.97487,902.8769,24,0
16.11617,13.1653,814.9673,22,21.30372,17.66063,1097.939,25,0
15.07581,12.08936,760.4406,23,21.13674,17.35931,1158.682,25,0
14.24872,11.22571,689.7323,24,19.36208,15.97855,948.5165,25,0
14.95327,11.78809,790.5856,24,17.51631,14.24979,951.715,24,0
11.62056,9.428991,616.1419,26,18.07125,14.97892,994.2354,24,0
11.31847,9.008416,571.8115,25,17.62657,14.59952,888.9907,24,0
12.22162,9.697633,611.2877,24,16.74994,13.8351,815.5357,23,0
12.78304,10.40158,608.3397,25,17.75866,14.74431,885.87,23,0
13.28642,10.61648,643.7606,26,17.8164,14.7185,824.8726,23,0
16.14909,13.0979,850.2643,25,19.52009,15.66391,861.9518,23,0
16.59291,13.80719,885.2714,25,17.00571,13.41644,743.111,22,0
15.86046,12.96329,840.7304,25,18.98863,15.23045,872.2999,23,0
16.04289,12.94916,837.0022,25,18.42032,14.36435,904.5203,24,0
14.00082,11.06182,684.0903,26,18.5166,14.49679,961.3934,26,0
10.68255,8.746119,529.033,26,21.83619,15.98803,1080.668,25,0
9.913562,8.192231,499.7239,25,21.86384,16.06579,1066.21,24,0
10.39584,8.369876,514.7296,26,22.92935,16.68376,1046.596,23,0
9.414145,7.655233,543.1115,25,22.70856,16.66771,983.7456,22,0
10.96621,8.744561,549.0983,24,22.83009,16.76435,951.9836,21,0
11.01803,8.770952,545.3033,25,19.12914,14.84659,773.4157,22,0
11.65715,9.162368,579.7131,25,19.01126,14.39998,797.3988,24,0
12.58041,10.1747,639.5746,25,16.79201,12.85116,803.0586,25,0
12.58672,10.24001,637.1473,24,15.9618,12.13581,779.5671,27,0
11.37807,9.24232,637.7273,24,16.32255,12.52523,851.3774,26,0
12.30798,10.05922,659.6984,23,14.64831,11.67912,769.0489,27,0
11.92774,9.865713,650.0892,23,14.82797,12.01161,748.8756,27,0
12.38255,10.17974,676.0092,23,16.06604,12.68422,783.3221,27,0
12.48731,10.33097,668.0554,21,17.05366,13.85645,863.7329,28,0
12.42437,10.31451,628.5131,22,20.54421,16.10606,935.7352,26,0
11.51108,9.498627,586.7534,23,20.50113,16.0017,962.5983,23,0
11.45709,9.492253,550.6505,21,21.34748,17.05335,1004.075,22,0
9.346629,8.076588,445.1703,22,20.38368,16.30234,859.4621,22,0
9.650299,8.313982,490.0545,23,20.43799,16.17868,842.7433,21,0
10.57741,9.100253,586.1175,21,21.33451,16.60334,981.4066,23,0
11.29641,9.877287,678.3251,22,22.54392,17.66968,1063.671,24,0
11.24618,9.667171,694.8363,24,22.75008,18.07883,1054.753,25,0
11.1801,9.536424,665.5702,24,23.68978,18.66471,1206.006,26,0
10.12831,8.186188,571.5424,25,25.1848,19.9427,1330.811,25,0
8.639815,6.98858,459.3358,24,21.64479,17.61848,1123.017,25,0
7.403548,5.892607,341.5338,23,20.98255,17.20427,1070.65,24,0
8.771212,6.802977,364.5666,22,20.26672,16.33726,1141.151,24,0
9.733682,7.451736,453.3549,22,20.98751,17.43634,1123.385,24,0
11.6076,9.386308,564.0374,22,18.6262,15.63444,973.3277,25,0
12.09084,9.969148,623.277,23,20.47568,16.16481,983.277,24,0
12.30796,10.22699,650.3335,23,20.99328,16.14753,1087.314,25,0
13.03744,10.68659,695.1471,22,21.15048,16.43541,1074.486,25,0
12.10707,9.759499,603.4194,22,22.84648,17.083,1148.561,26,0
11.33899,9.107501,526.3871,21,23.49211,17.83206,1284.639,24,0
12.58984,10.06407,618.1053,22,22.4487,17.7791,1265.303,24,0
13.24235,10.86651,645.1369,22,21.5102,17.41125,1160.513,22,0
11.55025,9.545326,551.0651,22,21.87065,17.83723,1171.745,21,0
11.63479,9.632804,553.5482,22,17.40372,14.60598,919.1642,20,0
12.1662,10.09743,629.1739,23,16.39177,13.61399,828.5981,19,0
10.71748,8.960199,525.8336,22,16.21455,13.35925,807.5604,20,0
10.29965,8.594229,505.8889,22,15.61862,12.55417,794.5813,21,0
11.03696,8.989454,525.6843,23,16.17332,12.86467,809.764,22,0
10.93889,8.794202,527.8384,23,17.47853,14.40804,908.3436,22,0
10.20013,8.121079,485.0417,23,18.84488,15.41197,968.3688,22,0
11.24259,8.957836,551.6638,25,19.08599,15.341,970.1078,23,0
10.46267,8.153797,518.0659,23,18.99142,15.12818,930.788,24,0
10.97857,8.543152,549.889,25,17.00086,12.57585,755.9188,23,0
11.51091,9.072543,597.4437,25,14.34214,9.607325,587.0287,24,0
11.21563,8.737756,570.0222,24,11.08535,7.233922,436.1429,23,0
9.836529,7.530375,516.9042,26,6.475947,4.656106,271.0299,20,0
2.730899,2.307624,109.3135,21,3.968697,3.094032,162.6609,23,0
2.508207,2.061824,107.3369,22,4.78747,3.817713,203.4027,22,0
2.922179,2.229181,120.2298,22,5.80548,4.626326,278.8012,23,0
3.658617,2.703476,145.0808,23,7.53169,5.768357,380.6662,23,0
4.322405,3.358061,183.3503,23,9.575732,7.330943,507.5225,25,0
4.705976,3.736639,215.5151,22,9.438256,7.189095,533.1022,25,0
5.254169,4.317414,250.5435,22,9.95767,7.853689,578.5491,25,0
5.536641,4.618208,278.9925,23,10.18618,8.052636,591.1343,26,0
5.428589,4.460841,274.3392,25,10.01546,8.052865,579.1248,24,0
5.32749,4.380143,278.8953,25,10.41409,8.348181,596.3696,24,0
5.196026,4.270529,251.7864,23,10.84929,8.807024,587.3147,22,0
5.298387,4.406942,270.6794,23,10.88072,8.665829,591.5219,23,0
5.265349,4.470711,265.9552,23,12.66484,10.04222,684.4248,23,0
5.34004,4.585667,253.8017,23,14.07249,11.22193,740.8663,22,0
5.249002,4.506638,242.1913,24,13.19848,10.35885,655.5909,22,0
5.459724,4.673415,277.2846,25,14.08172,11.45402,709.7698,22,0
5.3569,4.613837,263.1901,25,14.05128,11.32284,705.272,21,0
6.162267,5.097582,273.2827,21,12.23713,9.667564,574.8779,21,0
7.838758,6.040978,351.1302,20,12.08803,9.630329,606.8307,22,0
9.646116,7.40875,425.4537,19,15.52338,11.64752,775.2136,25,0
10.44858,8.146413,460.8683,21,17.38069,11.90986,810.637,25,0
12.47966,9.803999,573.4935,22,21.15324,14.83863,1007.312,23,0
13.749,11.08191,658.5281,25,27.71214,20.42754,1357.481,23,0
14.23881,11.8645,633.5668,26,28.27959,20.64654,1278.895,25,0
15.62822,12.93371,676.9874,25,28.92593,20.85769,1276.55,25,0
16.02615,13.74023,658.9322,22,28.38735,21.21522,1287.906,26,0
14.86116,12.57291,587.5969,22,26.284,19.58427,1220.573,28,0
14.20757,11.98724,515.4431,22,21.79677,16.56402,1055.657,28,0
14.50476,12.0962,591.0153,21,21.42155,16.69908,1158.673,26,0
15.06859,12.64064,709.8514,23,18.78416,15.54673,1066.46,24,0
15.85305,13.19277,808.5308,26,23.66084,18.83982,1288.389,23,0
16.33253,13.80583,816.7541,25,24.59821,19.914,1305.42,22,0
16.40257,13.80236,871.6003,24,23.90945,19.54171,1222.129,20,0
16.0438,13.22351,849.6569,24,23.38226,18.90175,1142.251,18,0
13.14205,10.62801,668.3698,24,25.71518,20.96067,1280.568,19,0
11.60432,9.440892,618.7083,24,23.44796,19.05985,1170.617,19,0
14.02574,11.16843,756.2151,25,24.45684,19.73687,1144.192,21,0
15.27458,11.87623,839.9414,25,24.74944,19.99561,1193.726,22,0
15.81951,12.59852,818.5401,25,24.97721,20.05952,1246.091,23,0
18.22477,14.67886,964.941,24,23.02474,18.34759,1127.664,23,0
20.91493,17.3124,1143.557,24,26.43461,20.89342,1296.777,22,0
19.73542,15.86284,1078.007,26,25.89208,20.398,1343.892,24,0
19.03667,15.05319,983.5012,27,25.48453,19.71609,1317.194,23,0
18.71384,14.64327,992.8084,26,25.53102,19.89441,1316.412,23,0
17.68561,14.1456,937.4459,25,27.49704,21.72585,1329.608,24,0
14.68781,11.80372,755.1135,24,21.7525,17.43715,1079.275,25,0
15.08851,11.98567,749.4499,23,20.46808,16.24648,948.2069,24,0
14.42877,11.69871,745.9517,22,20.82103,17.04543,1016.477,26,0
13.51623,10.85644,694.252,23,21.29585,17.59324,1029.582,25,0
13.01225,10.69546,667.067,22,20.09884,16.38491,1002.691,25,0
12.54683,10.11904,624.861,23,20.70861,16.93176,1042.416,24,0
11.9197,10.10673,628.4921,23,24.03474,19.17916,1242.615,25,0
12.12365,9.961319,610.8738,22,23.42449,18.33978,1170.894,26,0
13.95286,11.41131,711.5028,23,25.73918,20.41173,1299.159,26,0
12.98896,10.03667,646.4619,23,24.07357,19.00242,1271.541,27,0
13.38552,10.49952,672.5206,21,24.91894,19.87798,1291.79,26,0
13.08916,10.31481,628.8965,23,22.32673,18.39909,1194.013,25,0
13.42101,10.92783,703.235,24,23.92368,19.85688,1168.525,24,0
13.22835,10.45968,677.9269,23,22.04928,17.95927,1084.542,24,0
15.29882,12.51964,853.8304,24,23.15849,19.45328,1148.432,24,0
15.06651,12.31635,891.7321,25,22.65768,19.15909,1137.181,24,0
14.44174,11.30295,839.8047,26,23.04753,19.43223,1096.52,25,0
14.43923,11.40894,806.2233,25,21.2222,17.33566,1054.103,26,0
12.81164,10.41687,748.0698,26,20.27282,16.83849,966.9424,25,0
10.95495,9.07602,602.2192,26,21.4747,17.48714,1038.022,24,0
11.58517,9.461886,583.6014,24,21.08708,16.43574,946.3633,24,0
11.82155,9.788432,641.1178,24,21.46262,16.76435,856.011,25,0
10.70072,8.673668,556.3505,26,21.56608,16.94806,890.6298,24,0
11.99612,9.19,590.3151,25,21.8933,17.20624,989.9954,26,0
15.28885,11.5316,736.6415,24,23.27396,17.80309,1035.379,26,0
14.93869,11.24456,701.144,26,24.54476,18.69997,1182.349,26,0
16.23769,12.51337,730.2786,26,24.81789,18.49367,1215.218,25,0
16.5172,12.93499,829.7749,26,25.11339,18.63163,1241.399,25,0
15.5164,12.07045,759.5137,26,25.01554,18.62309,1176.022,23,0
11.76002,9.402793,578.5337,25,21.89878,16.3292,1020.64,23,0
11.13927,8.780762,549.024,22,19.05155,14.05533,844.6559,24,0
9.110034,7.539938,504.7578,22,15.51029,11.3253,752.2836,26,0
9.254396,7.626589,442.3381,22,13.24372,9.652854,624.4144,24,0
9.222624,7.796118,440.8792,20,10.32518,7.528232,504.5925,23,0
10.49775,8.753204,452.4272,21,7.985539,6.120187,391.705,22,0
19.74886,13.73742,735.3566,23,6.95007,5.686367,345.3003,22,0
20.6509,14.83527,780.3334,20,6.305185,4.996505,288.6768,23,0
20.48936,14.56545,822.4781,22,5.757155,4.588342,261.9362,26,0
20.28602,13.98647,820.9698,23,5.067938,3.806969,220.6515,26,0
2.775314,2.143751,115.7917,21,3.265189,2.393175,129.3713,21,0
2.839822,2.189658,115.359,22,3.083986,2.219491,118.1448,21,0
3.002041,2.339759,123.2764,22,3.258048,2.354142,135.7681,23,0
3.529089,2.663621,129.6801,23,6.154418,4.094655,222.6278,23,0
3.4114,2.62593,134.0597,23,6.94652,4.899643,288.6229,22,0
3.482963,2.689897,144.0777,22,7.03655,5.08046,309.2206,23,0
3.767089,2.955483,159.8828,21,7.604773,5.969299,343.0651,21,0
4.680898,3.746119,212.019,21,10.04029,8.117075,504.7899,19,0
4.404377,3.5525,213.5202,22,9.864766,7.907119,532.597,22,0
4.678833,3.799702,208.6628,20,10.42641,8.437149,576.434,23,0
4.919429,4.01436,230.8508,21,10.76871,9.040884,588.9167,25,0
6.132544,4.753139,303.4692,22,12.85749,10.71131,704.6493,27,0
5.921619,4.456587,270.0269,23,12.9063,10.66203,662.5598,26,0
5.876644,4.393253,277.2185,23,14.28257,11.76385,702.8262,26,0
6.801041,5.147464,353.0532,26,14.96622,12.28775,770.2453,25,0
7.674647,5.989306,436.554,26,19.56926,15.69995,1086.462,24,0
7.870044,6.157854,447.8252,26,23.16164,17.56634,1177.038,23,0
8.80804,6.940314,500.8453,25,23.88814,18.23756,1195.928,24,0
10.03572,8.276811,605.8353,25,24.57753,18.72299,1236.576,23,0
9.702538,7.826349,587.0308,26,24.00266,17.81313,1136.38,23,0
9.9779,7.531709,523.848,26,21.74736,15.81436,888.591,20,0
10.36458,7.939439,523.8616,24,20.54203,16.0004,994.9218,22,0
10.52036,8.152825,535.8926,24,23.06917,18.17906,1205.905,22,0
9.733101,7.425124,467.2256,22,22.50154,17.59523,1234.308,23,0
9.592359,7.376915,431.5097,21,27.00254,21.80338,1497.934,23,0
9.517319,7.73477,471.5348,21,29.72588,24.45033,1735.775,24,0
9.040057,7.385794,484.5422,21,28.68481,23.09415,1577.523,24,0
8.411559,6.942062,484.2027,23,26.37121,20.42205,1328.974,24,0
10.55171,8.377368,549.6253,25,25.60267,19.7546,1186.426,22,0
13.43319,10.70778,728.8453,27,22.15066,17.52418,1003.603,22,0
13.16445,10.40747,726.5884,27,18.67288,15.25532,771.0345,20,0
14.22197,11.41813,772.1809,27,17.36798,14.39939,749.7484,20,0
14.30299,11.53668,762.5997,26,18.53231,15.54214,911.2735,21,0
13.22941,10.62845,781.7197,26,19.55694,16.49307,1011.333,22,0
12.85838,10.2055,722.4537,27,20.90975,16.69382,978.9427,22,0
13.55643,10.5986,727.9266,26,19.4212,15.30577,924.3696,22,0
13.21408,10.25238,698.8129,26,21.26275,16.974,1076.706,22,0
13.15446,10.22181,699.2858,25,23.43787,18.47358,1177.529,22,0
13.77398,10.7637,639.332,25,23.73841,18.86267,1117.226,24,0
12.46816,9.890765,580.3329,23,22.27479,17.95485,1134.064,24,0
13.23009,10.85919,677.6259,22,24.08322,20.00156,1288.148,25,0
12.43564,10.02224,604.5292,21,24.72547,20.70315,1274.774,25,0
12.18501,9.662195,574.3813,20,22.08819,18.43931,1118.044,26,0
11.46115,9.05341,541.8771,19,21.27942,17.42723,1173.963,25,0
10.91282,8.63397,543.0955,20,25.22143,20.61555,1372.335,26,0
11.78678,9.046208,550.4971,21,26.785,21.8776,1504.854,25,0
11.44331,8.820788,521.0645,21,25.53471,20.48719,1358.198,27,0
12.15077,9.404089,577.4818,23,25.78833,21.15184,1434.417,25,0
12.41498,9.800878,643.3922,23,28.43536,23.78296,1527.332,26,0
12.76852,10.22204,638.1901,22,25.5596,21.2486,1399.833,25,0
10.52011,8.731566,550.2982,22,22.47571,18.40748,1148.275,27,0
10.29216,8.366105,551.3218,22,21.76744,17.55673,1103.637,25,0
10.04268,8.256983,520.283,20,20.79046,16.5682,945.7397,25,0
10.9417,8.685006,571.6905,21,17.72337,14.62631,794.0568,23,0
11.52444,9.006701,611.5163,21,16.99604,14.24193,691.3513,23,0
10.9138,8.160167,550.3494,22,20.22843,16.80484,912.6255,22,0
11.20883,8.570094,596.2264,23,19.14633,15.65614,867.7768,23,0
10.47853,7.808973,558.529,23,18.21159,14.45187,788.7345,24,0
8.265102,6.041399,393.6448,23,17.76734,14.00123,781.8196,25,0
6.232281,4.915594,290.4166,23,17.9499,14.27488,844.4503,24,0
6.59858,5.432047,280.3881,20,13.94832,11.5529,672.4728,24,0
5.877405,4.802614,220.3321,18,14.18277,11.69028,691.6953,23,0
9.196062,6.665068,329.9805,19,14.54086,12.0723,747.3018,22,0
10.08547,7.71554,407.4763,18,13.52348,11.42921,740.78,23,0
9.836368,7.486768,430.3265,20,13.55908,11.23549,731.2051,25,0
10.41139,7.937664,479.6679,22,14.12276,11.55444,751.415,25,0
11.5142,9.29358,561.931,23,15.33225,12.84419,782.653,25,0
9.67515,8.000014,506.1117,23,15.39047,12.66933,785.6196,23,0
8.657052,6.802027,433.3586,24,16.98417,13.97538,809.7777,23,0
8.715279,6.896471,419.1184,22,16.14405,13.3078,721.9786,22,0
7.939214,6.183332,401.286,22,16.46408,13.35393,683.037,22,0
6.584992,5.25445,329.0907,21,15.85228,12.51688,671.2093,21,0
6.033964,4.935857,308.7223,21,17.72475,13.97422,787.1957,23,0
6.284687,5.089838,311.332,23,16.55303,12.91883,775.3994,24,0
6.191149,4.964284,310.545,23,18.36692,14.25241,873.9964,23,0
6.673116,5.36107,334.7138,25,17.871,14.13808,878.7054,23,0
6.352741,5.009417,302.4925,28,17.7751,14.00825,911.4327,22,0
5.851445,4.479461,262.9484,27,15.64583,12.44561,785.4221,21,0
5.52705,4.255963,256.2712,25,14.68503,11.39124,708.4081,21,0
4.966864,3.663431,211.4051,25,10.56141,8.208155,546.0103,22,0
6.015499,4.055743,237.3988,25,8.615777,6.260278,405.7662,22,0
7.125253,4.946898,338.3624,25,6.024805,4.511485,261.0955,22,0
7.399778,5.376657,366.2325,24,4.379343,3.325525,182.2754,23,0
7.812628,5.913457,393.0955,24,3.047633,2.346039,127.8638,25,0
8.345344,6.565382,436.0151,24,2.595431,2.035326,109.8827,26,0
7.28597,5.830094,393.0729,24,2.342783,1.884707,106.7503,25,0
6.16048,4.860411,301.1586,23,2.28871,1.845151,95.33588,23,0
7.939906,6.046644,389.1257,23,2.219698,1.842566,87.51316,23,0
7.720211,5.7851,384.1871,24,2.171213,1.851103,93.52555,22,0
2.874682,2.378855,86.36289,21,3.390596,2.441962,142.6785,23,1
4.157732,3.152448,156.203,21,4.847839,3.450739,213.0076,23,1
4.509485,3.544258,179.9947,22,5.30552,3.879361,247.0124,23,1
5.133985,4.123162,222.0116,21,5.533223,4.17056,249.1172,22,1
6.775694,5.439801,278.9981,24,7.576579,5.308162,317.6863,22,1
6.87569,5.540084,290.8207,20,11.95683,8.263064,499.6306,22,1
7.388919,5.764515,302.1482,19,12.45562,8.816231,535.2462,22,1
7.522433,5.91133,313.6315,18,13.05664,9.715595,586.855,23,1
7.333079,5.681683,296.9198,20,13.04622,9.7142,601.9323,26,1
5.93127,4.503051,247.8713,21,12.45498,9.46789,579.3189,26,1
5.818594,4.410973,239.798,23,8.322046,6.660648,427.9161,27,1
4.489751,3.681609,183.0853,24,7.972113,6.204132,403.4146,27,1
4.081022,3.39067,168.8029,24,6.765054,5.189671,361.0934,28,1
4.510905,3.695223,200.5963,23,7.300119,5.547642,382.6846,26,1
4.579785,3.782295,219.1971,23,7.261351,5.467852,379.9427,26,1
4.481295,3.612229,224.2379,24,7.247513,5.48029,356.9616,24,1
4.47241,3.671604,237.9481,22,6.096786,4.730756,310.5334,22,1
4.849617,3.989384,272.3582,24,6.802452,5.379961,341.1052,22,1
5.228146,4.185707,285.0109,24,6.228716,4.982953,317.5283,23,1
5.274424,4.276106,271.4244,24,6.55505,5.080462,337.8547,23,1
5.369741,4.451855,277.4407,23,6.609067,5.126657,353.8713,23,1
6.324349,5.092402,325.0551,23,6.650969,5.205038,331.7209,24,1
6.215449,4.986152,300.2975,24,7.262725,5.530553,350.8604,25,1
7.587893,5.791648,354.0206,25,7.98683,6.266459,410.7069,24,1
8.488292,6.651237,432.8728,24,7.171356,5.651199,353.1157,23,1
8.564939,6.654755,420.6425,26,7.111886,5.610981,340.7972,23,1
8.305727,6.482485,414.8054,25,7.156106,5.675943,362.7874,22,1
8.462456,6.635193,429.7907,24,5.936279,4.808466,295.285,22,1
9.64754,7.054403,454.4381,24,5.803544,4.713123,280.1351,22,1
10.0335,7.252054,432.0855,23,6.651969,5.319079,319.0396,22,1
10.35909,7.717599,473.029,22,9.329825,6.914659,410.168,22,1
10.21395,7.375634,440.1917,21,10.59253,8.118994,493.6229,23,1
10.41124,7.624296,444.7076,21,11.67871,9.194228,579.342,22,1
8.573974,6.73874,342.4283,20,11.51696,8.946124,550.8915,23,1
7.942183,6.318452,368.7274,23,12.35081,9.744606,536.8947,24,1
9.000736,7.092371,408.0583,23,11.33864,9.089042,497.2391,22,1
9.215016,7.460928,410.7068,24,10.50159,8.393576,434.543,22,1
9.321399,7.654615,427.1511,24,9.430903,7.684705,327.4927,22,1
10.62511,8.368383,503.7585,26,10.28581,8.529245,379.4772,20,1
10.1663,7.772365,455.5438,24,8.727065,7.217214,349.1973,20,1
9.353506,7.277676,420.6133,22,7.453379,6.028798,295.6964,18,1
9.270571,7.202808,442.0788,22,7.646228,6.1709,299.4008,19,1
8.88201,6.789279,425.2997,21,8.561853,6.741565,347.984,17,1
6.725489,5.575988,355.0123,22,8.584801,6.830861,339.7094,18,1
8.692371,7.065704,427.5077,23,8.648726,6.799085,333.4389,18,1
8.162828,6.414059,415.0688,23,9.34893,7.743908,374.1979,18,1
10.26993,7.541776,495.6716,22,10.1395,8.408888,428.7975,17,1
10.98058,8.269086,559.6526,24,10.06287,8.083896,428.3269,20,1
11.82349,9.229692,608.8011,22,9.380771,7.38283,387.3987,20,1
11.73454,9.276941,605.8264,23,9.413938,7.54805,414.3747,20,1
12.1742,9.840107,634.9829,24,9.081201,6.978356,398.6478,23,1
10.32817,8.505688,533.3715,25,8.574052,6.487936,341.3116,23,1
10.1739,8.322713,480.4963,24,9.537119,7.500226,394.0746,21,1
9.354069,7.479198,427.1185,24,10.06402,8.092052,409.1967,21,1
7.882765,6.10397,353.8086,25,11.32791,9.011654,499.7914,21,1
9.180744,7.039083,450.4781,25,13.48543,10.92985,605.7281,21,1
10.62659,8.240493,515.948,23,14.11292,11.68927,706.1496,21,1
11.82565,9.233346,591.7701,23,15.52858,12.60992,711.3511,21,1
13.08569,10.35376,666.3576,22,14.90343,11.55931,674.2695,21,1
18.46805,14.73443,941.2459,22,14.77542,11.82936,636.1097,19,1
18.47961,14.66242,927.4688,21,13.59679,10.99956,590.4889,20,1
24.77836,18.46647,1199.056,23,14.20581,11.53101,612.5113,21,1
26.16242,19.79681,1338.331,23,13.93376,11.0673,719.0314,23,1
28.03668,22.14111,1397.548,22,14.38675,11.77017,787.4601,24,1
25.61553,19.55437,1265.143,23,17.91724,13.77784,895.9419,24,1
26.03756,20.08556,1316.875,24,17.51375,13.14495,849.8988,23,1
19.95079,15.96247,980.5185,24,18.31876,13.4722,885.035,22,1
19.05519,15.44783,933.9047,23,18.69124,13.57777,880.7403,23,1
15.84517,13.02796,886.4203,26,20.54219,15.5269,1025.77,23,1
15.72201,12.89705,800.269,23,20.6906,15.55105,1056.097,23,1
16.58198,13.80722,838.1689,22,21.28479,16.67284,1141.923,24,1
17.83408,15.30398,1014.092,22,20.80141,16.20316,1063.676,24,1
20.8465,17.02281,1099.615,24,20.20362,16.30013,993.1112,22,1
21.93528,17.87778,1200.968,23,19.00191,14.95933,900.7287,23,1
22.79881,18.55039,1302.844,24,14.7446,11.58661,689.4922,25,1
22.30659,17.94361,1310.613,26,14.36278,10.94776,599.6882,25,1
22.02492,17.37753,1232.25,26,15.22096,11.60755,694.796,25,1
18.98817,15.26648,1085.696,26,14.14706,10.67892,689.7966,26,1
21.73045,17.17633,1262.391,25,13.84584,10.44378,689.6656,26,1
24.77948,19.63156,1444.43,25,15.31742,11.97084,770.9565,24,1
25.07822,20.04336,1394.249,25,16.8816,13.49626,865.5218,24,1
25.32888,20.4757,1449.711,23,16.20551,12.9985,832.3569,24,1
24.20983,19.14397,1310.317,24,15.57148,12.11377,738.8444,25,1
20.38676,15.83019,983.6238,23,14.82693,11.47687,644.766,23,1
14.53684,11.6351,682.5125,24,13.45105,10.33551,615.7343,25,1
13.56163,10.46306,628.1116,25,11.1302,8.525011,529.6811,23,1
12.89437,9.964381,612.2803,24,8.672871,7.252655,394.4219,23,1
13.35646,10.2032,653.6126,25,11.54401,9.12757,515.653,23,1
14.63608,11.38806,758.3075,25,12.42898,10.12792,557.6401,21,1
17.44839,13.85053,964.7695,24,12.41975,10.06749,540.6221,21,1
16.20283,12.64808,911.0322,25,12.74382,10.57826,557.4804,20,1
16.83366,12.82747,879.382,24,12.52959,10.18053,542.5356,19,1
16.63084,12.82355,892.2776,25,9.74039,8.002505,413.0293,21,1
17.06479,13.09743,860.3313,23,8.445124,6.961915,373.5815,20,1
13.69877,10.05603,622.0704,23,9.003806,7.521167,364.79,21,1
13.89118,10.40383,599.7446,20,7.579853,6.304784,329.9056,19,1
11.703,9.159671,513.5376,21,7.876423,6.570846,389.867,20,1
10.8774,8.003009,443.5967,19,8.46168,6.988241,401.5132,19,1
8.729467,6.888228,403.8069,19,8.325729,6.719459,387.4825,22,1
12.91701,9.449132,529.8071,19,7.76778,6.278902,403.179,22,1
13.06727,9.439189,545.8132,19,8.180038,6.715954,435.4391,24,1
12.54326,8.538129,505.9337,22,7.318588,5.948452,353.6603,21,1
13.32509,9.538261,567.2445,21,6.602524,5.380387,339.198,23,1
12.74694,8.94056,520.3109,21,6.349063,5.187522,335.0195,24,1
8.851003,6.739372,400.0265,23,5.908544,4.68002,276.5349,24,1
12.19217,8.689285,541.0294,23,5.181485,4.124405,234.5681,24,1
12.73786,9.604086,607.9556,22,5.551097,4.382957,245.554,25,1
12.1561,9.140275,559.2539,24,5.987299,4.704242,270.6852,24,1
11.6995,8.293334,505.2825,25,6.417864,4.950051,290.4423,22,1
12.03276,8.732048,528.2667,24,6.292494,4.995895,292.2356,20,1
8.064003,6.605266,373.0096,24,6.177199,4.92721,279.1557,19,1
6.981707,5.570609,323.7487,23,5.640855,4.390695,261.3634,20,1
7.083956,5.584804,341.3446,23,4.881979,3.889921,224.2553,21,1
7.322128,5.926836,358.8359,23,4.293852,3.661426,209.9477,23,1
6.816149,5.511044,341.155,23,4.354036,3.614637,215.2643,23,1
6.575391,5.210745,305.9106,22,4.227562,3.514258,210.2256,22,1
6.985052,5.599479,326.4581,22,4.138072,3.447007,202.403,23,1
6.81732,5.476542,334.1631,23,4.070371,3.39165,199.9066,23,1
9.966887,7.104701,463.0638,23,3.845599,3.176064,182.4587,22,1
9.528047,6.660271,444.9384,24,3.223327,2.685298,164.0957,24,1
9.481051,6.617743,462.6194,25,3.31697,2.705975,161.1324,23,1
9.333435,6.440052,471.2689,25,3.351472,2.729098,148.8305,22,1
9.571317,6.655313,482.0227,26,3.196018,2.575315,128.7088,20,1
6.750917,5.427285,396.0118,26,3.177287,2.541403,138.6131,20,1
6.475119,5.016876,354.4351,25,3.346184,2.709157,138.917,19,1
6.536139,4.948377,346.3362,26,2.959221,2.395699,128.6328,20,1
6.048591,4.449308,246.1984,23,3.981712,2.746203,164.461,26,1
6.858813,5.173692,285.0432,24,4.153699,3.002831,185.9783,25,1
7.655988,6.103003,325.0438,24,4.680371,3.587268,233.2953,25,1
7.817126,6.282002,325.505,24,4.923455,3.939637,255.1254,24,1
7.041942,5.677192,314.5652,24,4.527417,3.749899,235.2083,25,1
7.132534,5.599892,315.8992,25,6.120446,4.730487,303.5436,23,1
7.114105,5.624924,303.7557,23,6.955812,5.555535,357.3548,25,1
7.354795,5.796063,284.3017,22,7.52554,5.957824,391.393,25,1
8.907623,6.985176,361.762,23,7.413505,5.737146,376.5478,26,1
8.830223,6.958767,325.9347,23,7.615528,5.831985,370.0242,24,1
9.079936,7.386966,340.3527,18,8.145142,6.261759,377.7295,24,1
9.200427,7.666542,377.0323,19,8.286802,6.314871,372.2857,23,1
8.604892,7.090799,359.4181,17,8.020103,6.088544,339.0098,24,1
7.971224,6.811088,343.9289,17,8.437512,6.598687,399.3869,24,1
9.967854,8.365552,430.0885,16,8.774874,7.116102,418.2386,22,1
12.0936,9.563489,560.6395,19,7.373054,6.038048,346.205,21,1
12.76152,10.22456,599.2953,19,8.663334,6.612406,355.9684,21,1
13.19325,10.78209,649.5479,20,9.624213,7.214195,409.995,20,1
14.26283,11.61047,734.6728,21,12.16339,9.069802,545.9377,21,1
15.51843,12.49572,865.9677,24,15.14613,10.95973,659.9255,22,1
16.87595,13.75149,932.0894,23,15.32864,11.38535,669.4376,21,1
16.39044,12.76222,882.1036,23,15.13612,11.45316,651.1721,22,1
17.46514,14.15611,992.4689,24,15.38142,12.08484,682.3118,20,1
16.24715,12.6267,896.3549,24,14.20687,10.96449,562.2865,20,1
15.05711,11.59423,750.6536,23,12.12736,10.05324,575.0998,21,1
11.84967,9.107441,595.5741,23,12.1654,10.02304,613.0796,24,1
12.14987,9.661812,614.1299,23,12.15331,9.975285,663.6287,25,1
11.42999,9.125143,557.6731,23,14.79065,11.63553,752.5038,25,1
13.95494,11.32053,693.4855,21,15.71516,12.55396,809.4709,22,1
14.5634,11.61458,720.1622,22,15.74992,12.44039,740.4813,21,1
14.39701,11.54942,717.1046,22,16.1411,13.10101,752.3864,19,1
15.2947,12.4644,801.3237,21,16.08714,13.0809,688.1514,19,1
14.58644,11.55735,725.4333,21,17.23263,13.58152,764.6194,20,1
13.90948,11.11129,671.7726,21,16.01716,12.48037,703.2003,22,1
14.71265,11.83266,762.7772,22,15.3335,11.56221,659.7009,24,1
15.54419,12.6095,834.61,23,15.4769,11.63573,697.2923,26,1
15.6676,12.30138,822.1144,23,15.02475,11.02343,690.6909,23,1
15.99012,12.66491,846.3653,25,10.28376,8.290551,470.6986,23,1
15.1864,11.60857,787.274,24,12.09686,9.214481,551.6539,23,1
13.52146,10.54956,681.2648,23,13.16513,10.30597,641.7906,24,1
15.59358,12.33659,781.137,22,14.20006,10.84705,685.2535,24,1
17.15992,13.85705,887.6471,22,22.21864,16.42785,1038.252,25,1
17.94393,14.88732,1018.121,22,25.13511,19.42932,1231.615,25,1
18.13398,15.44358,1110.561,24,25.96871,20.20067,1220.849,23,1
18.15033,15.42796,1148.469,25,28.11282,22.54905,1399.737,22,1
16.84896,14.36233,1151.017,26,27.95382,22.4345,1371.995,20,1
19.58943,16.06712,1226.049,26,24.51245,19.43634,1155.108,20,1
23.16536,18.10693,1315.236,26,21.83,16.95499,999.7181,20,1
22.99745,17.71391,1255.962,26,20.73774,16.21342,1015.269,21,1
26.04967,20.36591,1455.905,25,18.13216,13.92272,829.8452,21,1
28.88725,23.21685,1582.64,24,20.9765,16.28578,927.4879,20,1
27.71405,22.11805,1573.174,24,22.61059,17.38404,1027.862,20,1
25.77424,21.12491,1498.983,24,29.46919,22.56304,1273.541,22,1
27.14297,22.87859,1636.61,24,31.56321,25.15392,1409.078,21,1
26.18986,22.41297,1566.995,24,32.21447,26.15853,1529.91,21,1
24.37494,20.57265,1451.375,24,32.27153,25.81792,1571.85,24,1
25.72808,21.2872,1582.118,24,30.69908,24.59895,1485.368,24,1
27.23949,22.56365,1742.812,25,26.70893,21.30344,1380.992,23,1
30.04714,24.05691,1790.485,24,27.00201,20.66326,1357.411,24,1
30.89385,24.27903,1764.959,24,25.62326,19.11749,1233.491,24,1
29.7863,23.08444,1656.527,23,23.6517,17.76345,1132.82,23,1
28.98887,22.6139,1481.282,23,22.87646,16.8295,1059.544,25,1
27.65836,21.20313,1283.41,21,20.00517,15.17384,1005.908,26,1
23.53546,18.67363,1119.261,22,22.5894,17.37202,1146.338,25,1
20.86787,17.03854,1051.147,22,26.03035,20.89699,1351.183,24,1
21.07562,17.11927,1140.371,24,25.6252,20.3888,1316.77,23,1
20.2908,16.92299,1161.74,25,25.62144,20.55201,1340.883,22,1
18.06935,14.94329,1095.765,26,26.85865,21.7805,1348.256,20,1
17.15382,13.79109,1035.499,26,21.63199,17.5653,1044.841,21,1
17.96363,14.26811,1045.084,26,21.25598,17.28043,1033.486,21,1
16.95944,13.42135,947.7588,24,23.8166,19.12689,1161.876,24,1
15.86406,12.36473,872.4878,25,27.25085,21.55794,1369.325,25,1
15.59497,11.89901,850.4164,25,25.96763,20.28452,1334.71,26,1
16.55573,12.97132,914.3081,24,26.81936,21.29396,1436.097,26,1
14.75219,11.77641,787.5302,25,23.9631,18.35155,1205.344,24,1
16.21412,13.11172,837.9521,26,22.08474,17.31984,1078.897,22,1
13.81451,11.24616,705.7016,26,18.43453,15.53087,844.5309,21,1
13.83945,11.26304,691.1371,25,19.91352,16.75263,919.6243,18,1
13.38355,10.76835,633.5602,26,18.20622,15.42308,860.7036,18,1
12.7075,10.15438,604.8839,26,18.87998,16.1003,939.1555,20,1
12.18481,9.722411,592.9975,26,18.82456,15.85963,1013.805,21,1
12.82306,10.30629,577.0386,26,17.89108,14.85587,1005.823,22,1
13.88142,11.51473,653.2047,24,15.28344,12.34541,816.6667,23,1
12.98531,10.71054,629.0283,24,16.08284,12.82405,814.964,22,1
12.74965,10.50368,608.5724,21,14.44649,11.0809,698.4679,23,1
11.23784,9.385667,510.0252,21,12.08008,8.974376,561.994,23,1
10.01668,8.270604,459.3153,21,11.00138,8.288371,549.333,25,1
8.737143,7.309441,382.6691,20,11.07625,8.394276,549.6484,26,1
9.029991,7.526283,386.4791,19,8.422336,6.719778,438.6873,25,1
8.21309,6.616989,339.8776,20,8.563111,6.972464,465.2422,25,1
8.952277,7.118896,409.6903,20,12.47291,9.597352,632.8009,23,1
11.45824,8.777557,560.1915,21,11.53529,8.496826,538.4974,24,1
11.32205,8.691795,578.1833,24,11.74453,8.648266,558.7895,23,1
11.41328,8.920446,565.0297,23,11.89515,8.785223,546.5976,24,1
11.58136,9.194384,586.0527,25,11.77311,8.360762,521.941,25,1
10.43942,7.99854,477.7536,23,8.174271,6.260011,379.9337,25,1
7.531871,6.276816,343.0547,21,9.276585,7.043239,443.0661,25,1
7.043994,5.878253,301.9552,20,8.811646,6.59275,388.9293,23,1
6.370764,5.390718,286.4792,22,8.159236,5.84685,360.3698,22,1
6.831169,5.816724,295.7921,20,7.930114,5.735283,353.5646,22,1
2.461215,1.939893,86.40556,22,2.660733,1.866291,99.46425,23,1
2.448357,1.889465,90.56142,21,2.79375,2.075977,106.6686,20,1
2.493297,1.949484,94.99435,23,2.84711,2.126963,110.6256,20,1
2.276589,1.76293,79.35379,24,3.033973,2.302667,115.2449,19,1
2.349161,1.81774,91.61806,24,2.786285,2.231218,103.6596,20,1
2.58594,1.99893,109.4015,23,3.519444,2.626193,133.1144,20,1
3.336637,2.557273,136.2801,24,4.913864,3.479448,185.8547,22,1
3.431511,2.664868,141.0549,23,5.037199,3.582998,205.5672,24,1
3.314574,2.632131,139.1934,19,5.076883,3.650304,222.5482,25,1
4.246211,3.415246,177.416,19,5.042604,3.49612,218.3012,27,1
4.675849,3.839916,199.8161,22,4.839404,3.468823,201.4565,26,1
4.273031,3.508017,187.9402,22,3.660637,2.801064,165.4236,24,1
6.45573,4.7212,260.9749,22,3.5137,2.721711,162.8933,23,1
7.320553,5.473204,319.4088,25,3.593247,2.851887,165.1715,22,1
7.646665,5.815596,336.3116,23,3.917703,3.258243,190.0243,19,1
7.598686,5.688597,332.925,21,3.912098,3.229161,193.6101,20,1
8.081589,6.363058,352.3033,19,4.242237,3.539488,224.1658,21,1
6.715555,5.408486,291.7293,21,4.297353,3.496461,216.8791,22,1
6.374684,5.264765,271.7485,22,5.150249,4.021468,241.4462,23,1
6.178576,4.966041,265.0702,23,5.061038,3.968536,222.1402,23,1
6.692114,5.220266,284.2847,24,5.018953,3.90895,217.8574,23,1
6.609506,5.139517,299.9421,25,5.72663,4.404469,240.0261,20,1
7.526473,5.926313,325.5504,23,6.622196,5.116529,279.5938,20,1
7.804379,6.063087,328.0565,22,7.070414,5.400074,306.8758,22,1
9.728401,7.495376,455.6989,21,7.937822,6.198066,372.6947,22,1
10.25002,8.194041,545.5182,23,10.02098,7.808922,477.1324,22,1
11.54365,9.336129,636.5473,22,10.88773,8.689953,536.5922,24,1
12.45375,10.19016,706.0952,24,10.70047,8.665532,523.0829,22,1
12.56426,10.49211,756.9939,24,10.06449,7.920915,478.1394,22,1
11.55243,9.404977,655.4095,24,9.795981,7.649146,451.5689,23,1
11.15082,8.863645,571.7422,23,8.066354,6.597091,371.5724,24,1
10.50271,8.1892,536.6056,23,6.475005,5.461922,317.7958,24,1
9.136591,7.091975,471.9662,24,6.69194,5.436479,346.7442,25,1
9.379892,7.189467,465.432,25,7.228188,5.927345,375.8959,26,1
9.9469,7.909209,510.8991,23,9.730258,7.308688,451.9652,26,1
10.84893,8.863858,582.7438,24,9.98371,7.456635,495.3555,26,1
11.22239,9.177552,570.9879,23,10.22913,7.690889,498.6801,25,1
12.13246,10.17735,626.5475,22,10.09664,7.670729,465.9352,24,1
11.78187,9.861814,609.9602,23,9.927161,7.49308,443.5652,24,1
10.83703,8.877375,555.9914,22,8.726267,6.825255,424.1212,23,1
10.43238,8.415831,504.3728,22,8.171793,6.203331,366.1792,24,1
9.144588,7.459067,458.0083,21,8.045803,6.054059,334.3538,22,1
7.231013,5.791015,361.4572,21,8.093132,6.02785,354.9129,22,1
12.56534,8.331777,515.2803,21,8.467378,6.413394,377.8565,23,1
12.63172,8.33222,510.0549,23,8.113369,6.266397,337.8703,23,1
13.63093,9.082812,552.1138,22,11.20279,8.664106,496.8738,22,1
14.50346,10.28217,618.1082,22,12.4889,10.03232,537.7537,21,1
14.94909,11.26223,679.9598,23,13.85294,11.44621,628.9681,21,1
11.57511,9.236486,530.7263,22,14.17347,11.75582,637.7292,22,1
12.12696,9.818313,569.7462,20,13.62331,11.15272,661.6175,22,1
12.36485,10.01863,586.7476,20,12.0116,9.763592,553.7961,24,1
11.25221,8.588546,509.8147,21,11.74625,9.494179,610.6731,25,1
11.70775,8.859478,535.7819,22,10.41945,8.403805,549.3807,26,1
11.43466,8.766219,554.2393,23,9.95979,8.036482,549.07,25,1
10.92579,8.215341,541.8646,25,11.24685,8.806487,569.8939,23,1
10.00782,7.785033,527.9895,24,15.93081,11.3815,693.5933,22,1
11.72775,9.671962,654.6226,24,16.15728,11.53006,661.1414,24,1
14.19196,11.21478,716.4859,24,17.83913,13.08582,745.1362,24,1
13.82338,10.80721,674.113,21,18.19924,13.48781,772.6001,24,1
13.79203,10.8302,651.0765,20,19.75659,14.89734,895.0099,26,1
13.02765,9.938952,579.0004,21,16.02536,12.07919,767.9915,27,1
12.25969,8.906307,488.8392,22,16.40989,12.29725,834.0339,26,1
9.303259,7.11256,397.7677,20,16.62562,12.74145,848.9675,26,1
14.65498,10.03226,580.6382,22,17.68858,13.79283,895.9373,25,1
14.96253,10.44771,601.8712,21,16.27183,13.18081,817.8705,24,1
15.57904,11.35352,680.8124,20,17.16618,14.33737,888.1318,23,1
17.1312,13.04268,781.6154,22,15.97125,13.14767,776.1686,21,1
19.14491,15.11838,977.8812,23,13.78661,11.2042,630.2475,22,1
15.62434,12.37264,823.1769,23,13.0819,11.01926,627.4158,20,1
15.38526,12.02085,806.6812,23,11.88901,9.697466,525.274,23,1
14.97616,11.43065,770.6528,23,11.31981,9.31149,471.2039,21,1
13.66441,10.46407,709.1998,23,11.9128,10.01465,507.7961,21,1
11.64977,9.209042,592.2585,22,12.57749,10.6576,541.5229,17,1
11.73629,9.36467,568.3131,20,12.95828,10.61117,486.423,17,1
13.12647,10.56611,637.9948,19,14.77813,12.32804,657.5464,17,1
12.52787,9.723264,582.1716,21,16.42336,13.57695,819.4752,19,1
11.25902,8.287535,492.1786,19,17.6595,14.5748,952.0563,21,1
10.5988,7.992345,475.8489,20,19.7013,16.34457,1121.888,24,1
10.67121,8.091228,501.0076,22,19.61954,16.40177,1175.413,26,1
10.71995,8.18547,490.9531,22,19.409,16.3571,1063.609,26,1
12.2278,9.812675,651.6628,22,17.90114,15.08578,871.2745,25,1
13.12721,11.01377,724.5399,22,17.66349,14.81974,821.618,24,1
12.32292,10.22812,666.7551,21,14.73592,12.17347,620.0493,23,1
11.96907,9.82775,643.8281,22,13.95459,11.38953,525.334,23,1
10.12412,8.20997,544.0005,23,14.51747,11.71156,620.0308,23,1
8.198251,6.622815,410.1931,23,15.39372,12.27511,728.5854,22,1
6.640628,5.337442,351.7958,24,15.61251,12.56809,716.7692,21,1
6.307282,5.035607,331.1386,25,15.79875,12.86758,689.7093,21,1
8.70713,6.16608,419.0131,25,15.50216,12.55052,748.671,20,1
10.01371,7.317818,497.0214,24,15.39363,12.06331,703.6744,22,1
10.18651,7.614489,457.0518,25,14.33214,11.18881,618.7755,21,1
10.38293,7.991734,462.9597,24,12.33027,9.50411,552.4006,22,1
10.59962,8.359136,468.6946,25,12.54763,9.660247,602.9335,23,1
8.707726,7.231343,358.4259,23,12.6745,9.818393,581.3722,20,1
6.942635,5.984593,282.9236,24,10.25128,8.535598,422.4606,17,1
7.206043,6.197304,339.7961,24,11.24562,9.294272,507.858,18,1
7.02488,5.930563,356.3873,24,10.80832,8.709515,475.2179,18,1
6.766431,5.753112,349.9891,23,10.31314,8.432912,420.5494,19,1
6.048607,4.993981,327.4751,25,10.65668,8.863229,464.2446,21,1
6.112886,4.987541,345.4725,24,10.26648,8.355326,481.4388,22,1
5.435461,4.429054,305.6957,24,8.147541,6.531365,349.2945,22,1
5.20305,4.271017,285.9148,24,8.421702,6.749731,373.0176,22,1
4.511497,3.658641,257.3842,26,7.828612,6.224092,349.7308,20,1
4.726173,3.844984,278.4067,26,6.076926,4.903081,258.7431,21,1
4.653677,3.836416,279.2232,26,6.430855,5.067701,271.8864,22,1
4.576974,3.82802,258.6558,25,6.391889,5.047429,289.0826,23,1
4.59621,3.845995,254.2307,22,6.092563,4.890984,275.9706,23,1
4.508516,3.799656,244.1111,22,5.859502,4.538795,275.0438,23,1
4.678354,4.008108,240.7587,21,6.236284,4.83495,285.0844,22,1
4.823462,4.107018,238.7764,20,5.970209,4.839923,270.2318,23,1
5.21896,4.355581,249.9697,20,5.69909,4.624661,256.2679,24,1
5.336015,4.493689,239.761,20,6.372965,5.1839,294.7647,25,1
5.436565,4.655123,236.819,19,6.375606,5.212642,310.9704,26,1
5.429,4.547673,216.3681,19,5.798102,4.636137,286.1376,28,1
4.948186,4.03619,179.444,17,5.094162,3.949894,267.3311,27,1
4.290441,3.521803,163.6371,19,5.059938,3.832167,263.6632,27,1
3.944507,3.116287,141.4817,18,3.586952,2.834541,194.7335,26,1
3.769219,3.021678,121.0466,18,3.445633,2.69125,162.8339,24,1
5.571934,4.231343,246.9126,24,4.665938,3.260712,167.7437,24,1
6.282427,4.909937,295.3058,25,5.375892,4.014961,215.5448,22,1
6.762969,5.530706,317.7078,25,6.641401,5.193992,309.5339,20,1
7.027621,5.902385,327.6982,24,8.530903,6.714959,414.4834,21,1
8.565948,6.967549,394.1502,23,8.508503,6.647121,422.1397,21,1
10.06484,8.128619,524.7042,24,9.183185,7.242837,492.606,22,1
11.98069,9.617433,604.4001,23,11.03907,8.940272,629.189,23,1
12.42634,10.12778,647.5701,21,12.91679,10.11839,655.7574,23,1
13.11961,11.10108,722.7095,21,12.32578,9.681396,592.5067,24,1
13.13576,11.25759,676.9544,20,12.55057,10.10626,631.5916,22,1
11.92981,9.990464,561.5914,19,12.85843,10.4625,647.8873,22,1
10.76923,9.148272,491.8065,20,12.5216,10.0324,572.9304,23,1
11.64971,9.896605,497.4094,19,11.02564,9.288934,566.5192,24,1
11.72717,9.715118,469.883,18,11.09326,9.229656,537.1458,25,1
11.11136,9.130357,463.301,20,12.92918,10.50591,615.6141,27,1
11.24073,9.262584,465.3464,20,13.11699,10.80956,613.0409,27,1
10.46072,8.544875,480.8214,19,12.18879,9.812814,566.6328,26,1
10.71027,8.40391,518.3002,22,11.53418,9.045431,516.9728,25,1
11.96639,9.328245,575.7783,21,12.01367,9.612366,601.1843,22,1
11.52536,8.565,535.6272,23,9.679656,7.955667,490.5185,22,1
11.91576,9.072132,588.5905,23,8.491861,6.937116,433.8971,24,1
12.54952,9.795131,626.7154,23,10.09813,7.971291,486.3919,24,1
13.08227,10.23105,658.7203,23,11.7272,9.20129,533.8168,24,1
14.47058,11.35014,745.8313,24,13.04423,9.952404,578.7109,23,1
14.54783,11.60227,746.9308,25,15.35576,11.91886,690.6957,23,1
18.48148,14.38911,889.2458,25,16.32835,13.10324,749.0619,20,1
20.94073,16.68541,1069.034,25,16.49856,13.51759,737.7527,19,1
20.72743,16.68687,1035.107,24,17.32557,14.21858,779.0675,19,1
27.30845,20.02868,1216.952,23,16.68943,13.56343,737.7949,18,1
28.07345,21.0538,1297.55,22,18.45051,14.78102,706.8104,16,1
25.73988,18.14699,1096.019,20,19.42925,15.8231,839.8458,17,1
24.37715,16.5762,999.5643,20,25.52125,19.29967,1019.346,18,1
25.19499,17.40261,1076.204,22,27.30607,20.79428,1192.913,20,1
18.1991,14.10099,951.933,24,29.00019,23.19342,1320.989,20,1
20.01319,15.84341,1104.9,23,28.77373,22.89989,1449.066,23,1
19.79054,15.4224,1115.546,26,30.18061,24.46398,1440.54,21,1
20.61838,16.15162,1146.917,27,26.90512,22.51298,1374.83,22,1
19.54127,15.21196,1102.803,27,26.08037,21.97875,1277.046,21,1
18.55273,14.38083,968.6578,26,26.15597,21.47636,1262.057,21,1
15.94042,12.54578,828.1853,25,24.37618,19.55643,1120.143,21,1
16.00151,12.80843,866.8335,24,22.23319,16.88308,1013.754,24,1
13.26616,10.33809,687.8174,25,22.00022,16.55301,1034.307,24,1
12.98168,9.96168,652.2708,24,22.69205,16.74825,1064.845,24,1
10.777,8.371531,572.4058,24,21.33588,16.14152,1021.022,25,1
9.628949,7.422787,526.4799,25,22.89017,17.46811,1055.066,22,1
9.897881,7.846559,565.632,25,22.66742,17.8097,1075.246,20,1
10.05681,8.172137,598.9706,24,20.29883,15.70007,925.2956,20,1
9.419469,7.843249,578.7359,25,19.29029,15.44663,834.8297,19,1
10.03342,8.222862,628.0187,26,23.83607,18.41413,1094.036,19,1
12.23543,9.71833,688.2443,27,22.88153,17.4408,1125.638,23,1
12.03609,9.379507,639.1706,25,24.16002,18.85475,1264.088,24,1
11.99218,9.219348,612.338,24,26.1286,21.0781,1402.802,24,1
11.32928,8.652925,545.3669,23,25.74806,20.63914,1392.094,24,1
10.86553,8.351687,485.0083,23,20.3323,15.93653,1069.082,25,1
8.852814,7.284308,457.5168,23,20.04659,16.12025,1009.436,23,1
9.509641,7.837958,507.9642,24,18.00955,14.01492,840.498,24,1
9.583841,8.056643,502.6898,23,15.46881,12.35023,736.8549,25,1
10.40251,8.636754,564.1878,22,16.57365,13.19662,829.0899,24,1
10.69396,9.002394,569.4218,21,16.00273,12.41581,754.4779,22,1
10.34546,8.629808,528.7552,20,17.58459,13.69408,850.1746,23,1
8.990259,7.28624,445.1966,21,18.53131,15.04549,849.3678,22,1
10.73809,8.562436,533.1543,22,18.62899,14.91974,802.912,22,1
10.33144,8.170644,502.107,22,15.94568,12.6093,687.5403,22,1
10.77064,8.470632,569.9659,23,17.45926,14.48379,804.3774,22,1
11.71024,9.238794,590.0969,24,15.20536,12.46804,704.7327,22,1
12.74852,10.36672,638.2955,22,15.36926,12.30883,793.8731,22,1
11.87144,9.336905,589.7681,23,16.46581,13.237,889.4918,22,1
11.64611,9.175339,578.2821,23,16.63255,13.60632,859.4448,22,1
11.20618,8.602897,487.3131,23,15.66114,12.46616,818.3983,22,1
9.989308,7.635475,441.3535,20,16.4237,13.14699,842.8304,22,1
9.142348,7.188678,401.8212,22,14.49186,11.21272,711.6985,22,1
8.725536,7.149455,406.6641,22,12.06154,9.374865,571.3976,22,1
8.70763,7.173617,416.0439,22,10.99861,8.515994,538.305,21,1
8.356406,6.915062,429.3541,23,10.6094,8.381755,484.2871,21,1
8.288302,6.793687,445.4801,25,8.753225,7.267282,377.2354,20,1
8.105229,6.527518,451.7929,25,10.75112,8.777781,457.8816,21,1
7.53195,6.043639,377.5953,26,11.27464,9.152374,484.1784,21,1
7.263444,5.817564,349.7059,26,10.7459,8.535127,463.0711,23,1
7.500639,6.13341,357.6794,25,10.52499,8.300231,497.2397,25,1
7.938564,6.470391,359.6911,24,11.07329,8.750595,559.504,26,1
7.898769,6.442406,345.8752,22,9.331688,7.421583,482.0834,25,1
8.631863,7.023123,411.6986,21,8.322365,6.434436,414.144,25,1
8.715438,7.151331,425.5529,22,8.464866,6.657467,417.0693,23,1
7.896321,6.399781,397.3575,23,8.521151,6.769741,386.2236,22,1
8.29025,6.762694,458.6877,24,9.181749,7.0654,364.3636,22,1
8.216932,6.657585,458.2547,25,8.829985,6.781693,379.5278,23,1
8.09535,6.609062,452.4433,26,9.121578,7.259097,427.7933,24,1
8.51805,6.830831,477.3015,26,9.717431,7.424426,436.5953,24,1
8.465212,6.908775,466.7182,25,10.37141,7.573887,462.6141,25,1
7.272685,5.616967,365.5643,25,9.105151,6.72804,431.9301,26,1
6.670795,4.951487,312.1214,24,9.754517,7.508359,471.737,25,1
6.161581,4.628952,290.4393,24,10.04368,7.929293,506.7909,24,1
2.89073,2.241301,124.5892,23,3.973842,2.958894,169.7946,21,1
2.809438,2.09473,130.6023,24,4.005559,2.977074,160.7676,20,1
3.292203,2.348235,141.0946,23,3.97124,2.861836,163.9919,22,1
3.705985,2.67543,159.1768,23,2.698125,2.115418,113.7078,21,1
3.915475,2.910634,192.3695,24,2.370739,1.857026,89.93004,22,1
4.217577,3.253846,212.2092,23,2.164419,1.731172,77.29905,22,1
4.802303,3.949724,243.0294,22,2.038553,1.637201,85.78239,23,1
5.634408,4.626612,256.7369,22,2.554526,2.012687,107.7832,23,1
7.203828,5.688406,325.4755,22,2.707908,2.193773,118.9486,23,1
7.378359,5.947391,313.7532,21,2.838956,2.350697,116.1769,23,1
8.752398,7.157849,383.2196,21,3.187902,2.630399,126.3996,24,1
10.32345,8.470757,489.7444,21,3.210833,2.709205,123.7042,24,1
11.75348,9.688922,602.9764,23,4.007959,3.193313,158.1577,25,1
12.41253,9.971228,620.7918,22,5.682941,4.364209,256.1045,26,1
12.91476,10.63054,687.3903,23,6.069855,4.824245,289.5887,27,1
13.19972,10.78085,699.6281,23,8.111452,6.137844,411.9301,26,1
12.02282,9.348469,604.6428,23,9.799594,8.022171,516.4748,24,1
11.20045,8.512049,542.4091,23,10.89375,9.009125,570.6746,24,1
9.615736,7.338377,458.3814,23,12.26297,9.917233,620.1351,23,1
10.73137,8.051631,521.9293,23,13.63444,11.26386,697.5963,22,1
12.23241,9.101227,584.5087,23,12.76873,10.47201,599.864,21,1
13.04336,10.28023,619.2958,22,12.49465,9.965939,598.1915,22,1
12.35534,9.578543,552.2597,20,12.38087,9.83786,613.1112,22,1
12.5756,9.917363,604.2863,21,11.64258,9.339664,565.1346,22,1
12.66622,10.10228,613.1689,22,10.51276,8.482863,511.5396,22,1
10.18892,8.207393,503.4841,24,10.81878,8.788082,528.6429,23,1
9.815931,7.689522,491.5194,23,11.40707,9.462405,513,21,1
10.10742,7.939149,547.3417,25,10.7321,8.847089,463.7348,21,1
10.7859,8.359707,544.5358,27,10.4823,8.614926,426.2693,21,1
9.395333,7.382945,468.9383,27,9.988501,8.080813,405.6278,21,1
10.02856,7.890338,515.2469,26,10.21507,8.060348,418.1891,21,1
10.34058,8.37023,520.7787,25,8.89014,6.910452,375.192,20,1
10.54711,8.758764,567.763,24,9.063517,7.157225,404.7672,19,1
9.62599,8.117618,525.9914,23,8.799141,7.004476,426.7991,22,1
9.442483,7.789447,528.25,23,9.694505,7.788342,479.2275,22,1
9.094433,7.532497,515.8994,23,9.823302,8.131374,497.6947,21,1
9.043145,7.368789,559.0953,25,9.435065,7.67945,488.5135,23,1
8.705255,6.923141,458.3468,25,9.042498,7.144053,397.812,22,1
8.811786,6.957438,463.024,24,8.3532,6.705295,368.2182,21,1
8.830527,7.124323,404.7544,21,8.647874,6.854655,354.5383,22,1
9.111914,7.508371,387.9866,20,9.274407,7.292012,365.3151,22,1
9.441031,8.005294,343.1545,19,10.18013,8.304729,398.6024,21,1
10.22495,8.832967,421.3999,19,12.67846,10.3436,546.1333,22,1
11.98597,10.47711,514.1226,19,14.69535,12.00708,627.0487,23,1
12.07158,10.34204,553.3843,21,15.64538,12.92176,704.2156,21,1
11.67241,9.800939,562.148,22,15.9633,13.13207,709.3639,20,1
10.70901,8.493234,528.9818,22,16.63795,13.86233,795.8716,20,1
15.13228,10.8246,717.1487,23,15.7221,13.09971,755.7466,19,1
18.78755,12.81511,846.3568,24,17.24835,14.37711,897.426,20,1
22.58818,16.44653,1103.968,23,19.77456,15.95464,1045.516,23,1
25.42381,19.68299,1262.271,25,20.0603,16.08902,1081.586,24,1
25.93305,20.84566,1344.986,24,24.50058,18.92547,1138.299,22,1
23.72564,18.63442,1164.177,24,25.19365,19.62242,1262.671,24,1
20.26002,15.50163,975.2596,24,25.37233,19.61545,1172.949,22,1
16.23705,12.45285,743.243,24,24.13461,18.66024,1057.872,21,1
11.15576,8.862453,552.7379,25,25.28786,20.25799,1221.993,21,1
12.60228,9.838735,659.3297,24,21.39265,17.89321,1126.843,21,1
13.08643,10.07856,651.3487,26,21.19052,17.96319,1019.075,19,1
14.31132,11.36246,738.1125,26,26.24717,20.37129,1280.693,21,1
15.43287,12.16153,818.7513,27,28.31726,22.36977,1497.868,22,1
15.61795,12.58179,848.9133,25,27.5935,21.53905,1444.537,21,1
14.53797,11.87133,757.9776,25,28.04047,22.11415,1488.131,23,1
13.71416,11.14576,775.4343,24,27.918,21.95141,1514.632,23,1
13.24321,10.63852,764.9816,24,21.98967,18.16579,1246.995,23,1
12.25449,10.20229,647.6159,21,19.60752,16.73121,1143.338,22,1
12.61836,10.47513,623.9138,21,19.28881,15.79208,1040.505,23,1
13.4107,10.93296,674.5408,20,20.08908,15.96673,1156.382,25,1
13.78735,11.22825,654.6603,19,19.40572,15.13212,1048.624,24,1
12.89962,10.41587,549.0256,19,19.8609,16.0076,1097.13,22,1
13.16486,10.5818,623.2946,22,18.37454,14.29318,938.7543,23,1
13.10969,10.67742,675.7001,22,18.35538,14.88803,1004.072,22,1
12.23913,10.04075,581.2084,22,16.43053,13.68564,882.7116,22,1
12.1709,10.15498,594.5192,23,17.50654,14.70864,1008.918,25,1
11.80384,9.723996,572.7177,21,17.03903,14.18792,942.8134,26,1
10.3121,8.180383,468.7401,21,19.48048,16.18121,1122.553,25,1
10.376,8.337121,453.494,23,21.25766,17.69437,1039.443,24,1
9.244427,7.498264,439.3652,22,20.80885,16.98515,935.6265,24,1
8.349036,6.512277,370.821,21,20.06601,15.89367,854.9953,24,1
8.094738,6.235471,388.1641,24,19.84564,15.82872,821.7159,22,1
8.603425,6.901622,432.3466,22,17.21867,13.96625,701.2252,21,1
7.608292,6.056486,391.9245,22,14.0663,11.52495,688.5654,23,1
7.85705,6.085221,420.477,24,14.27046,11.92783,754.5568,22,1
7.799117,6.210483,430.8623,24,14.30782,12.15726,764.0733,22,1
7.609686,5.92611,406.5497,26,12.38223,10.3196,656.0435,22,1
6.915535,5.325151,354.8692,26,11.57485,9.662077,520.6299,21,1
6.799674,5.244927,342.0044,24,11.17249,9.198474,454.5029,20,1
5.977592,4.709699,283.8236,24,10.45969,8.691054,435.3465,21,1
5.505652,4.556099,282.3375,23,10.3174,8.155635,397.0636,22,1
5.385612,4.358108,268.316,23,10.45197,8.327079,414.3223,23,1
6.787572,5.289103,366.4464,24,9.911781,7.545572,409.4227,24,1
7.300226,5.722839,380.4502,24,9.607307,7.497246,489.3655,24,1
7.132453,5.571858,370.0074,24,9.874929,7.518425,487.9364,24,1
6.710041,5.014958,329.714,25,9.450182,7.64527,499.4286,24,1
6.893384,5.383371,347.1147,25,9.006852,7.009304,465.0942,22,1
5.31623,4.251122,239.0694,24,8.842411,6.910791,442.617,22,1
4.198883,3.463239,207.4034,25,8.104324,6.128015,355.7511,20,1
3.833061,3.137727,180.4274,24,6.838161,5.357731,295.0295,21,1
4.102307,3.380741,187.4143,23,5.021204,4.193361,216.3094,23,1
3.77637,3.037347,158.7216,23,4.822244,4.018584,198.1986,23,1
4.203596,3.280968,179.8903,24,6.112759,4.855137,277.575,23,1
4.172606,3.292449,188.3116,25,5.841677,4.588516,264.162,23,1
4.303948,3.489626,205.3844,26,5.247626,3.857361,217.7852,22,1
4.24464,3.443412,228.2708,26,5.314618,3.875994,231.8089,20,1
4.950888,4.001344,267.668,24,5.411347,3.940094,238.2328,20,1
4.467153,3.625565,238.3224,26,3.50104,2.739571,159.5499,20,1
4.428149,3.537394,220.7357,24,3.705744,2.815693,167.1691,22,1
4.486551,3.535681,210.1794,23,5.020475,3.683756,201.8441,21,1
4.325933,3.364074,191.014,22,4.949457,3.624264,188.1691,20,1
3.41252,2.742604,149.8292,22,4.924132,3.658329,181.0585,20,1
3.347476,2.634926,139.5449,19,4.901093,3.660027,180.412,18,1
6.271649,3.912716,231.4546,20,4.781749,3.582506,166.678,19,1
7.022731,4.64966,286.8504,21,3.288775,2.587682,130.5479,22,1
7.473027,5.183213,313.9967,22,3.003143,2.383221,124.6436,23,1
8.743848,6.581317,414.169,23,2.761511,2.176311,132.5256,25,1
8.814945,6.735694,441.5288,25,2.829917,2.173489,122.0244,24,1
7.064901,5.51385,346.4173,23,2.619224,2.026708,104.5669,23,1
6.923582,5.370407,341.8595,22,2.704648,2.132355,102.4465,20,1
6.441483,4.85488,319.9991,22,3.967135,2.776196,141.9229,19,1
5.095409,3.589253,219.4088,23,4.958947,2.895623,155.1305,21,1
6.502507,4.583148,287.2724,24,5.221867,3.367245,178.556,23,1
9.121143,6.950195,373.5432,21,5.464978,3.755258,199.7404,23,1
10.12272,8.179195,428.9726,20,9.045077,5.7391,315.9165,22,1
11.13774,9.083548,448.456,19,9.503723,6.231588,359.9556,23,1
12.5197,10.50589,548.6738,20,10.52431,7.571191,416.7147,22,1
12.27163,10.02405,503.4254,19,11.98656,9.232385,495.2141,22,1
11.21346,8.870955,516.6062,21,13.59252,10.84346,593.5463,22,1
12.11952,9.554176,543.8764,24,12.29919,9.984337,544.1893,21,1
13.16261,10.19757,601.7903,25,11.99391,9.284265,529.3276,22,1
12.7032,9.769547,611.1458,24,12.60181,9.357511,561.0102,24,1
13.68358,10.88304,691.327,25,13.95843,10.41492,644.4877,24,1
13.67193,11.00606,676.8981,24,13.07583,9.765323,602.3381,26,1
12.30054,9.654258,620.4838,22,13.88886,10.41258,632.0977,27,1
9.876943,7.77776,494.0493,22,14.1013,10.78098,634.3109,25,1
9.249246,7.15529,401.0347,22,14.85957,11.34294,678.7538,26,1
8.705866,7.049471,416.9838,23,12.36896,8.768429,542.1252,27,1
8.706673,6.781811,396.3557,23,11.97213,8.461224,504.5194,27,1
8.76138,6.673421,373.0423,24,11.42193,8.065564,472.6876,28,1
9.328203,7.226187,391.732,22,10.54439,7.414386,423.3682,26,1
9.221388,7.372527,374.037,20,8.088081,6.373477,303.8983,25,1
9.914372,7.76575,377.9051,21,9.418232,7.446105,375.2561,24,1
9.881639,8.057636,436.7277,20,9.484498,7.460379,420.1136,23,1
9.91138,8.220451,446.7841,20,8.436104,6.819715,427.98,21,1
10.53328,8.750127,510.7717,22,8.880388,7.250806,468.2545,23,1
11.53868,9.345716,619.1406,24,8.481518,6.766179,486.0621,25,1
10.12229,8.240295,558.5449,24,7.052977,5.825047,425.2996,25,1
10.39782,8.225666,523.9426,25,6.480057,5.259356,377.8647,24,1
10.51323,8.351011,539.2018,25,5.982292,4.886737,319.8469,24,1
9.334471,7.372782,452.3459,25,6.037315,4.945522,321.9343,23,1
7.965672,6.572541,367.8761,24,7.276065,5.833869,386.9423,23,1
7.696789,6.194221,314.0448,23,8.83088,7.083733,459.6016,23,1
6.948812,5.782305,317.5723,23,11.28379,8.990875,574.7728,25,1
6.329369,5.137411,305.3997,25,13.24961,10.65744,677.1207,25,1
7.812723,6.106277,413.8548,24,14.33898,11.77285,716.1614,25,1
10.55207,7.814105,546.862,26,14.33749,11.74662,713.5171,24,1
10.75846,8.022941,563.9459,24,18.69365,14.83499,931.5733,24,1
11.22905,8.620114,573.8603,24,19.6084,15.9869,1003.077,23,1
12.47171,10.09744,690.3916,23,19.63123,15.89214,1012.408,22,1
12.01646,9.524289,638.761,23,20.43808,16.4122,1105.775,24,1
11.29906,9.017947,599.8094,24,23.1334,18.73106,1202.253,24,1
12.103,10.03849,736.3524,26,21.00118,16.86495,1043.235,23,1
11.99302,9.627478,704.6531,25,23.41087,17.79262,1136.63,25,1
11.38456,9.069422,655.1444,24,24.21934,18.78356,1233.938,24,1
14.14328,11.26176,808.0902,22,23.62458,18.31734,1142.892,24,1
13.73794,10.9961,747.3557,20,21.39494,16.71048,1048.376,24,1
14.68881,11.58745,733.6741,20,24.77262,18.84137,1170.218,26,1
20.31776,15.79851,870.4019,21,22.3363,17.48616,1090.939,26,1
20.77533,16.57612,880.7478,21,22.1728,17.4568,1072.871,26,1
19.94735,15.65588,831.4223,22,22.70319,18.21768,1115.495,24,1
19.50235,14.90728,821.9462,22,22.20842,17.05527,1070.187,24,1
18.25407,13.32281,708.294,21,18.28808,14.39892,862.1634,23,1
12.02835,9.751912,602.6696,22,16.83647,13.08811,718.48,22,1
10.95776,8.755957,565.2299,23,15.34607,11.86825,622.6093,23,1
9.72891,8.155704,467.0327,21,18.87372,13.6517,755.5335,24,1
9.737354,8.238752,487.4632,22,20.29865,15.77317,817.9737,23,1
10.35385,8.833603,519.4615,23,18.63063,14.32921,765.2124,23,1
9.504338,7.935366,484.9258,24,19.82035,15.26952,886.1519,22,1
9.176794,7.580469,445.1203,21,21.89804,17.1446,1020.035,21,1
8.789631,7.202676,439.4319,21,19.20721,15.31258,851.7562,20,1
9.047823,7.336082,425.0484,21,20.06843,15.45461,923.3973,22,1
9.025504,7.320268,443.9907,21,23.65362,18.81403,1204.891,23,1
9.1126,7.518185,421.3143,22,24.18424,19.89252,1250.16,22,1
10.42863,8.686506,531.5295,24,23.40876,18.99135,1176.74,25,1
9.934445,8.185104,505.7346,24,23.61495,19.5214,1242.87,24,1
9.381268,7.654187,469.927,22,21.50179,17.14484,1062.371,25,1
8.460723,6.796507,413.005,22,17.31784,13.29879,783.7053,24,1
8.414335,6.59859,408.9461,23,16.2548,12.36755,771.8051,24,1
6.555569,5.227978,311.3491,23,15.44587,12.10427,810.7397,25,1
6.426356,5.104919,327.5682,25,12.94203,9.667639,694.2605,26,1
6.518211,5.225434,360.558,26,14.30464,10.93781,772.235,25,1
6.569377,5.244648,358.1994,26,15.04874,12.06787,841.507,27,1
6.621915,5.424498,372.4156,24,13.593,10.7423,746.9926,26,1
7.606089,6.213258,402.1805,23,13.2573,10.63813,744.5337,26,1
7.395392,5.84434,355.012,24,15.18984,12.54266,892.1138,26,1
7.103069,5.61199,305.7928,22,14.51704,12.01704,893.9724,26,1
6.988179,5.464692,297.1811,23,14.53489,11.90959,825.9865,24,1
6.595184,5.10637,301.2784,24,16.371,13.31164,932.1138,23,1
5.538127,4.363296,253.649,26,15.68669,12.70177,797.3913,24,1
5.856769,4.688009,271.6896,25,13.94106,11.38737,641.7745,24,1
7.336422,5.574194,357.4258,25,13.23076,10.60006,572.5427,24,1
7.648278,5.965189,380.228,25,12.86315,10.21546,595.5248,27,1
7.361834,5.496607,324.5894,24,10.25248,8.573433,446.6013,27,1
7.466738,5.46634,328.0951,24,9.005277,7.362789,434.7232,27,1
7.311024,5.352135,324.1212,24,8.341035,6.775999,420.483,27,1
5.836288,4.452717,248.8411,22,8.127904,6.527212,425.8217,26,1
5.309458,3.97353,205.6394,21,7.23452,5.865028,363.2527,26,1
6.130604,4.684129,240.3856,21,6.465569,5.371259,314.7791,25,1
6.923429,5.350103,297.6312,20,6.086251,4.984758,279.897,24,1
6.655068,5.089422,282.1083,19,5.113457,4.039164,222.5998,24,1
7.225131,5.555602,327.0613,22,4.887567,3.895543,199.3859,22,1
7.510348,5.895679,373.1641,24,4.38696,3.376894,165.8052,24,1
8.127941,6.379306,413.2245,22,3.272801,2.616352,125.2413,23,1
1.802995,1.467141,76.70847,24,2.910072,2.421268,131.4586,22,3
1.993497,1.557858,78.3721,26,2.70059,2.213645,122.2064,22,3
2.003074,1.574944,83.0236,27,2.559534,2.081873,115.6868,25,3
1.933083,1.485401,76.24024,26,2.37844,1.893469,124.2837,24,3
2.183925,1.65668,81.30808,23,2.059804,1.651826,106.5408,25,3
2.092507,1.569626,74.64717,23,2.113382,1.616049,96.23047,24,3
1.84668,1.410159,71.54152,21,2.366684,1.843357,112.7986,23,3
1.811438,1.39397,61.28826,20,2.20262,1.734902,104.4567,22,3
1.897502,1.450825,68.16767,21,2.441946,1.895872,102.3142,22,3
1.851879,1.454602,72.31274,21,3.96792,2.741233,160.8635,22,3
1.90141,1.481478,73.31732,21,3.986908,2.825009,163.4441,22,3
1.939238,1.50204,77.64933,22,3.905968,2.675362,153.0575,24,3
2.084882,1.631326,91.87062,22,4.085247,2.932861,162.7827,24,3
2.049939,1.611691,84.83512,20,4.426692,3.193806,189.2804,24,3
2.061524,1.60888,85.87428,21,3.244811,2.469408,148.2695,25,3
2.071238,1.627126,86.21548,21,3.76563,2.746584,169.2282,26,3
2.094374,1.667343,88.74078,22,3.827159,2.8825,180.7069,26,3
1.976097,1.557262,85.97424,23,4.080596,3.010176,191.8955,26,3
2.022735,1.624286,91.57012,25,4.444185,3.330352,208.1104,24,3
2.394478,1.88103,98.35529,25,4.49352,3.407058,193.834,21,3
2.419059,1.877443,101.585,25,4.152232,3.268201,191.5245,21,3
2.419424,1.884794,106.3811,25,5.589238,4.353128,254.9193,20,3
2.478615,1.963163,105.7236,25,5.791949,4.667868,272.3402,21,3
2.430847,1.897098,106.2055,24,5.507263,4.410256,258.2878,21,3
1.970847,1.604487,106.3373,24,6.39317,5.246662,333.9782,23,3
2.007747,1.674532,109.0819,24,6.470358,5.405882,320.9698,24,3
1.821362,1.477846,92.12406,24,5.474828,4.434693,271.0233,24,3
1.911282,1.545565,97.9087,24,6.496384,5.098783,346.7679,25,3
2.391933,1.888507,109.2469,24,7.038845,5.656032,370.5818,26,3
2.596122,2.071898,99.64186,25,6.5595,5.266571,332.0333,28,3
2.808329,2.268451,121.0086,25,6.736253,5.508185,339.7749,26,3
2.91308,2.424538,134.1531,26,6.810246,5.716901,347.9091,25,3
2.872379,2.394896,123.589,28,8.115402,6.504581,370.6174,24,3
2.598561,2.207574,114.0807,28,8.023702,6.413515,389.3014,22,3
2.574735,2.161648,132.3948,26,8.457046,6.710033,393.4054,22,3
2.328584,1.949301,118.9137,26,9.171093,7.331259,466.5253,22,3
2.51341,2.101044,124.6229,25,9.153783,7.335498,445.8989,23,3
2.803963,2.297997,141.6652,22,7.262498,5.913365,365.0984,22,3
3.031797,2.398493,139.6505,20,6.879612,5.492655,315.7198,24,3
3.002827,2.377199,126.4071,18,6.535587,5.352098,322.8731,24,3
3.171712,2.527428,133.6825,17,5.387816,4.585661,258.214,25,3
3.10983,2.496644,116.9336,17,6.78613,5.320288,331.3897,24,3
2.802141,2.228417,106.7074,19,7.253652,5.640508,346.9854,23,3
2.841716,2.280425,125.6165,22,7.827715,6.198973,418.4439,23,3
2.747198,2.162336,130.3802,24,8.453677,6.593467,455.5756,23,3
3.013118,2.398552,139.1438,23,10.03946,7.932098,544.9189,23,3
3.208558,2.542129,154.8584,23,9.726749,7.821861,522.4991,23,3
3.34559,2.696395,163.4069,22,9.493088,7.489372,513.4087,23,3
3.124477,2.503329,140.5992,22,9.172889,7.178454,426.408,22,3
3.08038,2.447668,129.2489,22,8.517962,6.610689,384.4154,23,3
2.736849,2.164685,113.3187,23,7.647975,6.05659,326.3033,22,3
2.296919,1.793613,101.3774,23,7.272322,5.789747,305.9439,22,3
2.176096,1.719416,93.78358,23,7.452738,6.021439,309.3526,19,3
2.416203,1.955568,115.3766,23,9.754556,7.134987,441.3322,21,3
2.76005,2.260271,135.7563,22,10.08035,7.585478,451.6827,20,3
2.71973,2.185314,131.3769,21,9.389373,6.869811,441.4337,22,3
2.834656,2.319303,134.1902,21,10.20805,7.644271,485.4383,22,3
2.966381,2.414871,144.9521,22,10.50726,7.818365,495.8911,23,3
2.7405,2.184377,126.3519,21,8.819573,7.097927,398.3251,22,3
2.407929,1.933894,112.267,20,9.552706,7.730568,477.8879,23,3
2.525455,2.08209,120.9298,20,9.923086,8.23699,490.2243,22,3
2.390967,1.93564,115.7934,21,9.890841,7.978093,509.3807,22,3
2.519214,1.930035,108.9609,22,9.524752,7.719261,496.7605,24,3
2.770914,2.142927,112.5036,22,9.923305,7.960287,541.0123,24,3
3.022545,2.349871,123.9153,22,9.353195,7.381575,470.8972,23,3
2.895015,2.200458,105.1898,23,9.22487,7.115356,448.538,25,3
2.986235,2.324036,117.4067,23,8.097149,6.276381,375.3953,24,3
2.827448,2.272568,114.3583,23,7.858907,6.052679,343.4369,23,3
2.825977,2.243588,127.2762,25,7.275198,5.767008,339.8258,23,3
2.721164,2.162955,128.6969,25,6.54584,5.281061,291.5747,22,3
2.715936,2.17443,142.3487,26,7.506532,5.975446,323.7042,21,3
2.872361,2.321437,147.0559,24,7.824434,6.331902,347.8437,20,3
2.749088,2.232229,135.9496,23,8.305537,6.738093,380.6284,22,3
2.675421,2.222491,114.3167,21,7.814012,6.155171,329.0401,21,3
2.660816,2.20943,113.7971,21,9.141918,7.18458,397.744,20,3
2.777493,2.315859,108.4198,19,8.390952,6.618212,393.2335,22,3
2.660967,2.273272,88.75095,19,8.563113,6.810533,407.8689,21,3
2.626926,2.21315,99.71896,20,8.038113,6.414119,387.6754,21,3
2.614651,2.19542,106.4748,22,8.427164,6.709927,389.9289,20,3
2.323069,1.912905,91.65061,22,7.408085,6.041962,331.3592,24,3
2.316761,1.898645,95.76225,24,7.482678,6.033545,330.4427,23,3
2.215983,1.761042,116.0004,26,7.204747,5.839179,292.7054,23,3
2.856029,2.196344,145.3311,25,7.106478,5.683793,281.0837,23,3
2.808703,2.143716,143.9727,27,8.286297,6.566963,351.3847,23,3
3.005872,2.416847,163.5213,27,7.974733,6.228485,359.8845,22,3
3.29273,2.64101,185.1954,26,7.316829,5.597291,295.7143,24,3
3.645513,2.952746,192.4367,24,6.825722,4.970956,261.6704,22,3
3.169751,2.513716,153.7402,22,7.018628,5.179065,273.226,23,3
3.08302,2.422735,154.7678,21,5.598356,4.483162,232.7365,22,3
2.927146,2.221755,135.4552,19,5.261395,4.188836,227.912,22,3
2.699662,2.101495,128.3514,19,5.174138,3.981834,222.6006,23,3
2.643703,2.121094,124.0773,21,5.921453,4.470428,289.5993,24,3
2.652659,2.088166,126.8707,22,6.666747,4.809226,298.5512,24,3
2.972589,2.330237,128.5522,22,5.841479,3.97416,249.4431,24,3
3.146758,2.552989,137.7253,21,6.069811,4.275649,262.7728,23,3
3.016317,2.400732,120.0286,22,6.171833,4.4378,285.3587,24,3
2.830582,2.292346,105.7149,21,5.394258,3.756229,229.4457,25,3
2.941269,2.498053,120.1582,22,3.703326,2.84494,188.4751,25,3
2.716732,2.331116,122.9629,21,3.844247,3.012686,196.5211,25,3
2.683118,2.297588,122.6074,24,3.985462,2.889748,187.8438,26,3
2.800783,2.41375,125.2236,23,4.232962,3.140034,199.207,25,3
2.940116,2.356452,133.6226,25,4.449506,3.473179,203.7802,24,3
3.07403,2.436949,130.3901,23,4.876243,3.871795,229.7616,24,3
3.023034,2.388656,130.8802,24,5.951549,4.442379,281.562,25,3
3.084782,2.418474,140.8981,24,5.844695,4.510913,288.8362,24,3
3.216397,2.55005,161.8425,25,5.875043,4.56537,292.6958,24,3
3.021715,2.484977,159.5073,22,6.307975,4.927582,324.6728,23,3
3.240172,2.636987,159.186,21,6.131498,4.793483,304.0056,21,3
3.204657,2.629525,146.6254,21,5.394873,4.40869,272.5481,21,3
3.049587,2.47286,126.5019,20,5.281549,4.26425,265.3939,24,3
2.748012,2.187992,94.45875,20,7.473732,5.46168,332.6847,23,3
2.819664,2.179506,93.66322,20,7.53388,5.560968,335.3815,22,3
2.717475,2.117597,102.1797,23,7.55898,5.589952,344.1645,23,3
2.792157,2.132898,101.2825,21,7.399428,5.464479,321.6812,22,3
2.909543,2.209744,116.0428,22,8.311174,6.347111,388.4349,21,3
3.376663,2.585781,137.8994,22,6.274318,4.823472,311.0891,22,3
3.225959,2.446126,139.4953,24,5.572969,4.050052,276.9809,25,3
2.85369,2.121422,116.8443,24,5.318373,3.64614,249.4152,26,3
2.894534,2.186075,120.9747,25,4.985488,3.144745,224.4838,26,3
2.796146,2.078953,105.1124,26,2.484476,1.774431,117.4813,26,3
2.083287,1.561643,77.61314,26,1.763661,1.404852,95.0705,26,3
2.125209,1.664014,79.53191,25,1.586614,1.315308,73.72657,26,3
2.142793,1.69296,75.60205,25,1.642403,1.350294,68.24443,26,3
1.961652,1.59978,70.13265,22,1.651925,1.375686,67.00528,24,3
9.281394,7.18139,407.2054,23,3.030005,2.152715,131.5354,25,3
8.528256,6.473397,349.0433,22,3.199736,2.358876,148.8905,23,3
6.83585,5.264404,261.6554,21,3.141995,2.281575,136.3943,24,3
7.102289,5.459627,287.0408,20,2.179433,1.704465,101.0065,25,3
6.459864,4.822829,263.5742,21,2.966395,2.202793,128.8822,23,3
6.532717,4.863327,277.4269,23,3.057951,2.322173,126.8304,25,3
6.2609,4.580391,267.4164,25,3.456675,2.581455,138.4295,26,3
6.123722,4.314761,260.8681,26,3.659914,2.830685,151.1566,24,3
4.188358,3.093422,194.8592,28,3.684941,2.899451,146.3612,26,3
5.700416,4.193371,282.2308,27,3.042884,2.376126,110.2131,25,3
5.318718,3.893324,281.3723,27,3.051487,2.418299,108.0802,23,3
5.759597,4.291688,315.7099,28,2.640688,2.268834,91.06737,21,3
5.814036,4.417555,325.3387,26,2.562475,2.196237,88.08993,21,3
5.777254,4.438003,318.5032,24,2.39891,2.027841,79.39338,18,3
4.120319,3.162895,204.5592,24,2.526974,2.18269,82.10135,18,3
3.820546,2.880999,174.0092,21,2.420194,2.034685,88.6576,17,3
2.799879,2.264543,114.2234,19,2.381454,2.00229,95.35969,19,3
2.564849,2.122986,92.30408,19,2.379287,2.019794,100.5916,20,3
2.222752,1.835556,83.90449,18,2.550689,2.130398,118.9837,21,3
2.24699,1.85971,86.80325,18,2.807258,2.293327,119.6382,25,3
2.206707,1.850085,77.84573,19,3.084798,2.549223,144.4373,26,3
2.115212,1.786693,74.43023,21,3.3075,2.73727,168.5555,25,3
1.857155,1.552275,67.39314,22,3.593356,2.917528,182.2996,27,3
2.201984,1.901649,79.43719,22,3.920193,3.321671,177.1481,27,3
2.403683,2.015707,89.2163,22,3.86211,3.233727,185.137,25,3
2.270866,1.834133,87.6729,21,5.451806,4.248026,216.0267,24,3
2.196364,1.699432,83.10345,21,5.774204,4.543472,231.7963,24,3
2.16976,1.693014,78.98271,21,5.810175,4.649778,229.0951,24,3
1.967225,1.504727,70.56735,21,5.893049,4.627257,242.0678,23,3
1.471566,1.203051,52.11894,23,6.549407,5.172558,268.3039,25,3
1.712077,1.414783,60.39399,23,5.870327,4.630987,260.9895,24,3
2.069093,1.712338,75.0585,24,5.400534,4.070272,216.2162,25,3
2.112368,1.760263,81.82442,24,6.977138,5.133063,275.964,23,3
2.082031,1.660688,76.70432,24,7.568546,5.682233,334.6038,23,3
2.315354,1.796551,85.26739,24,8.524121,6.338694,381.2137,24,3
2.322001,1.815577,87.18645,22,8.142797,5.887375,363.159,25,3
2.43442,1.910537,85.52465,22,8.809754,6.806507,420.9097,25,3
2.723126,2.160404,109.5338,22,7.407027,5.302134,341.7107,27,3
3.073828,2.558094,138.0706,22,6.718453,4.61314,282.3938,26,3
2.955673,2.501653,134.9209,22,5.284777,3.732076,237.073,25,3
3.233846,2.674079,148.569,23,6.589286,4.70009,271.6728,23,3
3.167045,2.577202,163.8938,23,6.638592,4.761442,257.3152,21,3
3.181871,2.62192,148.7363,23,7.360619,5.683492,310.785,20,3
3.161088,2.618457,147.3272,24,8.266563,6.374771,374.4254,20,3
3.092105,2.480131,145.4579,23,8.769771,6.909517,396.2085,20,3
2.776441,2.23976,123.8863,23,8.254045,6.416269,392.4314,22,3
2.645731,2.125854,105.2612,23,7.983389,6.020113,369.9816,23,3
2.281942,1.757327,94.70132,24,7.429471,5.324942,327.2155,25,3
1.831308,1.409912,75.60816,25,6.569883,4.870671,273.4042,24,3
2.145701,1.695355,75.86655,23,7.72571,5.79756,345.7559,23,3
2.144226,1.742936,78.29807,21,7.897402,5.893747,336.5135,23,3
2.136023,1.736256,87.49668,22,8.220654,6.064633,389.6155,24,3
2.507076,2.040778,106.2208,22,9.223153,6.896074,449.5566,25,3
2.437475,1.991319,95.49924,18,10.84796,8.273728,583.6475,27,3
2.359916,1.904126,94.21001,21,10.41771,7.547642,530.0524,28,3
2.431354,1.81238,92.07393,22,10.42705,7.70944,546.2416,26,3
2.344915,1.72918,74.01551,21,10.1776,7.568864,504.9306,24,3
1.999905,1.491462,50.9399,23,9.901007,7.581816,488.2477,23,3
2.341343,1.756009,66.93555,25,8.650187,6.713232,399.3863,23,3
2.359284,1.805923,77.59463,24,8.120394,6.367006,379.0221,21,3
2.161194,1.750032,79.27549,24,8.203388,6.541298,385.6932,21,3
2.289995,1.830256,85.91737,24,8.929662,7.307327,411.6634,21,3
2.206749,1.713227,91.6724,24,9.2065,7.522903,447.8829,22,3
2.002762,1.595317,90.98634,24,9.272905,7.41585,425.3026,23,3
1.821233,1.425159,84.81847,24,9.27776,7.649375,448.6542,24,3
1.845632,1.429535,79.27174,23,9.496965,7.767478,461.4175,23,3
1.74257,1.366605,79.91647,23,8.721382,6.92252,450.7098,23,3
1.923516,1.541176,89.40289,22,11.36272,8.487319,537.9539,21,3
1.970871,1.562896,90.06541,22,11.3723,8.744201,546.4578,20,3
2.123973,1.669127,94.2263,21,11.77554,9.028417,565.9871,21,3
2.208213,1.748049,107.5633,21,11.61258,8.797458,531.1623,23,3
2.626353,2.148914,103.0574,20,12.23564,9.648497,629.0502,24,3
2.788564,2.344965,94.78979,19,10.15408,8.324637,568.3106,25,3
2.841152,2.39959,100.5312,19,9.932335,8.089073,575.7017,27,3
2.777906,2.386112,94.10697,22,9.478248,7.670112,525.3948,25,3
3.144315,2.677097,123.1365,22,10.79667,8.430347,537.2445,24,3
2.979766,2.471232,130.3603,25,10.34348,8.081187,439.8929,22,3
2.894003,2.331745,134.0045,25,11.76563,8.913723,461.67,21,3
2.804945,2.272078,123.4401,25,12.10097,9.111558,468.8697,22,3
2.767911,2.153838,120.0855,25,11.66662,8.537201,447.8638,24,3
2.262883,1.763054,85.28684,25,10.21384,7.424959,413.981,23,3
2.220753,1.756468,96.10732,25,9.677158,6.442549,390.8112,25,3
2.480011,1.862872,114.1622,26,6.662629,4.699869,284.2903,27,3
2.45685,1.805953,106.1742,27,5.922852,4.322451,254.3905,27,3
2.417816,1.798341,103.76,25,5.561802,4.031265,261.896,26,3
2.562014,1.895383,105.8754,24,5.038776,3.68885,262.4595,28,3
2.385036,1.696059,90.55553,22,5.787929,4.324769,289.1776,27,3
1.889972,1.409189,62.13285,22,5.175425,3.785293,247.5804,25,3
1.857457,1.353089,62.26057,22,4.677048,3.596472,230.8524,25,3
1.88279,1.365313,64.51257,24,4.706866,3.643334,229.6918,24,3
1.940216,1.493546,69.05526,24,4.989545,3.941463,237.483,24,3
2.312939,1.781779,87.28761,24,4.404856,3.600763,217.5042,25,3
2.434293,1.947145,89.96284,23,4.740077,3.993303,252.1005,25,3
2.468843,2.040542,92.14451,22,4.733527,3.987102,253.3406,24,3
2.673097,2.301456,98.5817,18,5.46573,4.478068,270.5955,23,3
2.712495,2.314758,95.65289,18,5.445211,4.333697,268.4897,22,3
2.356897,2.005929,79.40626,19,5.177097,4.063696,243.7573,22,3
2.316129,1.943748,87.51775,20,5.108444,3.935778,244.8562,23,3
2.379068,1.968211,101.0635,21,5.601163,4.30167,281.3177,24,3
2.377728,1.937778,117.4946,23,5.282522,4.16094,290.1651,26,3
2.249523,1.830407,114.4116,24,5.232453,4.164437,292.287,27,3
2.393236,1.962261,119.0492,24,5.243591,4.158812,310.7452,26,3
2.435299,1.996296,118.9862,23,5.022352,3.958763,273.5718,25,3
2.470105,2.047224,110.0155,22,4.080808,3.261141,207.7381,25,3
2.413606,2.007604,99.94823,22,3.597383,2.883096,158.5324,26,3
2.303391,1.920239,91.10715,23,2.957223,2.381051,130.6935,26,3
2.444566,2.016467,88.59731,25,2.816664,2.23314,113.1601,25,3
2.294001,1.845032,82.2542,24,2.718033,2.092351,118.9946,26,3
2.056336,1.576276,76.92899,25,2.241657,1.725029,96.70251,27,3
1.99331,1.518974,64.75955,25,1.618584,1.346986,79.44399,25,3
1.959867,1.465572,72.4591,24,1.762996,1.453682,68.00455,26,3
1.573461,1.213817,67.39465,25,1.80199,1.504105,75.27742,24,3
1.751491,1.380894,71.47746,24,1.80199,1.506499,69.86806,22,3
2.058705,1.662494,67.29633,22,1.782831,1.446941,71.06716,21,3
1.97066,1.595764,66.78592,24,1.831562,1.518301,73.19492,21,3
2.028235,1.644951,63.79594,23,2.288268,1.765639,93.34193,19,3
2.078267,1.729476,59.44991,21,2.40416,1.819659,96.92054,21,3
1.96556,1.601193,65.00642,23,2.647766,2.056103,107.2098,21,3
1.707318,1.401083,74.87895,25,2.727712,2.141142,106.6708,24,3
1.684219,1.384858,83.06837,25,3.030401,2.399821,122.7178,23,3
1.838402,1.508253,85.63461,25,2.829314,2.251749,126.1842,25,3
1.928656,1.487828,91.76808,26,2.978843,2.400917,118.2449,25,3
2.066099,1.593225,90.9494,25,2.695295,2.077015,102.3897,24,3
2.085084,1.640336,84.17464,22,2.691815,2.15268,103.8899,25,3
2.157835,1.678925,78.92319,21,2.411036,1.972394,86.4492,25,3
1.975033,1.526803,75.0453,21,2.115231,1.723246,62.47966,22,3
1.866647,1.521524,68.97741,18,1.539259,1.295937,51.11136,22,3
1.943622,1.57964,69.47072,17,1.497396,1.264192,48.247,23,3
2.213201,1.733685,86.39629,25,3.030322,2.183305,128.4714,25,3
2.189219,1.751375,84.1094,26,3.43121,2.538106,154.053,23,3
1.972668,1.573241,76.81728,26,3.674482,2.704604,163.9505,23,3
1.869929,1.488171,67.85551,25,3.825653,2.886008,172.3071,22,3
1.988935,1.602246,75.89354,25,3.813763,2.896996,169.9811,22,3
1.912605,1.576181,73.61655,23,5.253676,4.103764,255.1087,21,3
2.244961,1.830765,92.18029,25,5.633389,4.336636,274.4857,22,3
2.113981,1.698993,93.57402,23,5.331049,4.082314,275.5192,25,3
2.332722,1.829403,102.1952,23,5.435204,4.045309,285.53,25,3
2.176592,1.698122,82.70415,24,6.212727,4.797771,320.4503,25,3
2.261156,1.786134,87.19746,22,5.463522,4.192015,262.8551,24,3
1.999737,1.583855,80.35068,23,5.292962,4.179479,247.6749,23,3
2.171991,1.738557,94.53046,24,5.734415,4.621647,258.2368,24,3
2.186819,1.81475,90.89168,23,5.557416,4.54844,250.4873,22,3
2.171139,1.788435,93.258,22,5.360874,4.341299,248.7036,23,3
2.265962,1.836406,102.6482,22,5.104073,4.06697,242.0444,24,3
2.207997,1.729892,88.3931,21,5.595778,4.221698,266.3288,24,3
2.035552,1.57375,72.00079,18,5.797636,4.286853,285.4998,25,3
1.862376,1.473093,69.08791,16,5.956546,4.440936,276.5804,26,3
1.873514,1.485765,71.08054,17,5.681585,4.081357,252.4065,28,3
1.704474,1.359414,61.20333,18,6.928142,5.213376,321.3671,28,3
1.896381,1.558986,76.763,18,6.714601,5.111401,331.3169,27,3
2.158971,1.738975,82.83807,21,6.816422,5.073174,310.9829,28,3
2.518023,2.009341,104.5297,23,6.826912,5.049838,329.0323,25,3
2.628578,2.126659,121.1706,25,7.531081,5.88636,395.3939,25,3
2.770914,2.28483,139.2001,25,6.856334,5.382811,344.9364,24,3
2.819692,2.349281,141.795,26,6.699564,5.374259,319.4505,22,3
2.653168,2.219505,140.0498,26,6.859736,5.659464,349.1026,20,3
2.604021,2.211389,128.6354,25,8.565042,7.0145,390.2087,20,3
2.653893,2.228187,119.3215,24,8.493823,6.882223,359.5638,20,3
2.739398,2.307477,108.9415,24,8.652007,7.011255,383.5595,21,3
2.524272,2.029582,92.53648,23,8.75812,7.157742,405.6206,23,3
2.592294,2.073448,95.77687,21,8.428757,6.764736,386.768,24,3
2.334855,1.865025,80.77328,21,7.15306,5.768605,364.0099,26,3
2.387726,1.94951,81.42538,20,6.328393,4.972209,310.4601,27,3
2.328886,1.905233,84.65662,20,6.048179,4.668086,297.5132,26,3
2.443125,2.049297,93.34766,21,9.564139,6.517776,381.2545,25,3
2.542696,2.080427,98.47551,21,10.0979,7.123778,425.5764,23,3
2.814857,2.254239,117.0489,22,11.63735,8.545756,504.1771,22,3
2.798704,2.216118,124.0114,24,12.95171,10.33499,573.4498,22,3
2.663595,2.088172,120.8307,23,13.05945,10.52821,609.1951,23,3
2.58312,1.988754,121.6329,23,10.88586,8.72946,540.5573,25,3
2.769801,2.242001,121.1483,22,10.66368,8.366458,492.4666,25,3
2.745735,2.217458,128.091,20,9.432927,7.397056,458.4731,25,3
2.88542,2.37225,117.9222,19,9.456026,7.332727,487.2052,24,3
2.925204,2.402573,127.2886,21,9.513104,7.517814,453.2045,22,3
3.080091,2.545979,132.7213,22,10.31207,8.191177,486.2528,21,3
2.979656,2.475678,136.1945,24,10.0609,7.875287,479.0879,23,3
2.763288,2.313831,118.7051,23,10.8643,8.581916,459.4586,21,3
2.597059,2.149667,124.3161,25,9.172151,6.785222,360.2853,22,3
2.708408,2.257663,124.3535,23,9.377876,6.985124,371.6021,22,3
2.834338,2.319109,124.3906,22,8.661594,6.544479,336.9761,22,3
3.020233,2.441227,119.9859,21,9.071406,6.964937,368.8168,20,3
3.248073,2.663979,135.574,22,7.686153,5.920827,359.481,23,3
3.227231,2.609164,139.4621,23,7.830753,6.211664,357.1726,23,3
3.088968,2.473486,131.9617,25,8.578806,6.758724,410.9362,23,3
3.001516,2.466597,124.2301,24,8.261988,6.346606,379.2926,23,3
2.59128,2.086147,116.0659,23,7.899644,6.218938,390.5726,24,3
2.709955,2.192271,99.37448,21,10.51854,7.979277,517.3977,23,3
2.659171,2.227924,77.13637,21,10.88079,8.430628,560.7419,23,3
2.695876,2.25673,75.73009,20,11.79055,8.834806,636.3743,23,3
3.122496,2.546266,98.92165,20,13.10234,9.835229,681.5135,23,3
3.219513,2.647057,101.377,20,13.10544,9.840941,627.3414,21,3
3.408245,2.707165,126.0622,22,10.91607,7.961942,472.3027,20,3
3.288083,2.440323,131.292,22,10.64935,7.687426,429.2881,21,3
3.272176,2.399833,129.5606,24,8.442066,6.147522,313.1997,21,3
2.879145,2.146662,125.8056,24,6.650167,5.545883,303.9783,22,3
2.737713,2.001964,125.0032,24,6.876311,5.797753,311.2418,23,3
2.092846,1.607817,92.53046,24,6.897333,5.871517,333.9564,24,3
2.431147,1.925975,120.9749,23,8.247614,6.80651,410.2462,25,3
2.53699,2.057928,122.229,22,8.568557,6.958211,390.8504,26,3
2.596385,2.083998,120.5922,21,9.355083,7.297009,405.5905,24,3
2.86439,2.371508,137.1611,20,10.52316,8.184155,470.2235,24,3
2.855255,2.396302,144.3079,20,10.90217,8.373481,491.4096,24,3
2.893615,2.430997,138.9637,19,9.934735,7.489353,415.2381,23,3
2.740464,2.236542,132.1936,21,9.57879,7.236636,394.7402,23,3
2.528564,2.06546,110.8003,22,8.168962,6.164041,330.5977,22,3
2.3548,1.920452,100.6126,22,5.768141,4.454196,226.4933,23,3
2.492432,2.082923,101.39,23,4.835951,4.05918,210.2171,23,3
2.302692,1.963029,83.14213,22,4.521286,3.650705,207.7551,24,3
2.387547,2.036094,85.51954,22,4.636608,3.66132,218.0508,23,3
2.834015,2.317922,122.6199,22,4.541178,3.498149,209.9029,24,3
2.82461,2.26984,124.5586,23,4.694739,3.614902,237.395,26,3
2.634098,2.01748,124.751,24,4.025597,3.089811,185.7142,26,3
2.710933,2.065566,134.1145,23,3.721979,2.855202,163.9968,23,3
2.641601,2.017215,131.6046,23,3.250866,2.518193,143.2877,23,3
2.572134,2.002028,115.953,23,3.529647,2.757664,162.9291,23,3
2.671755,2.110571,111.5588,21,3.163739,2.479191,149.0371,23,3
2.878516,2.341999,119.05,21,3.249089,2.583626,159.2237,22,3
2.788447,2.28963,121.8512,22,3.462699,2.747234,169.1041,22,3
2.931909,2.431767,125.1208,21,3.654514,2.924254,182.9479,23,3
2.718187,2.291086,119.5326,21,3.290287,2.675173,177.1498,23,3
2.609874,2.209439,138.6392,22,3.786016,3.006175,192.0646,23,3
2.537002,2.146575,139.3177,22,4.053504,3.236569,195.6258,24,3
2.400765,1.96558,121.3096,22,4.414134,3.585265,235.052,24,3
2.4336,1.967172,119.9595,23,4.361383,3.470595,224.1903,25,3
2.433813,1.941642,108.9265,22,4.296142,3.383526,218.1895,25,3
2.684769,2.062941,108.7175,22,3.888747,3.102815,208.692,25,3
2.576015,1.956388,100.8313,22,3.578647,2.797358,204.1285,26,3
2.715857,2.106296,114.1281,23,3.419878,2.699554,180.459,27,3
2.571025,1.953843,108.0845,25,3.219193,2.582833,176.4241,27,3
2.499269,1.916887,124.3749,26,3.832892,2.903965,193.6401,27,3
2.237335,1.753835,110.777,25,4.152937,3.248108,195.729,27,3
2.322215,1.845265,107.3573,24,4.3497,3.5001,214.701,25,3
2.217448,1.751793,102.2364,23,3.980645,3.155007,190.2543,24,3
2.314742,1.895957,103.2032,21,4.076209,3.308059,171.6266,23,3
2.31533,1.891556,94.39869,21,3.605095,3.022732,139.2089,22,3
2.211959,1.81855,91.19414,21,3.669612,3.039653,138.9317,22,3
2.130225,1.727187,96.53088,21,4.063896,3.234391,133.6624,22,3
2.186289,1.805426,100.0763,21,4.448873,3.600512,169.9323,22,3
1.953493,1.537522,94.00511,24,5.039776,4.051779,212.5321,23,3
1.755659,1.385721,80.42715,22,5.223026,4.356459,243.5929,23,3
1.909377,1.49252,78.05279,23,5.061152,4.159014,243.227,23,3
2.830273,2.014672,102.7354,23,4.820081,3.975514,244.1742,23,3
2.730785,1.866817,85.736,22,4.515205,3.686251,216.2531,24,3
2.843048,2.057229,89.33706,21,4.249197,3.525309,212.3846,25,3
2.832191,2.070759,92.49609,22,4.007604,3.213269,196.4186,27,3
2.772636,2.027097,88.84868,22,4.387404,3.396598,213.4682,26,3
1.672793,1.365834,55.76723,23,4.010183,3.064371,190.7796,25,3
1.829398,1.470965,67.97642,25,4.0187,3.073166,181.1655,25,3
1.781108,1.433306,64.50867,25,3.982013,2.988551,180.3671,24,3
1.714186,1.331235,64.25566,23,4.959078,3.73503,224.8204,22,3
2.238311,1.604271,84.26503,23,4.473405,3.364661,196.878,22,3
2.271182,1.681535,82.03838,23,4.879894,3.686691,208.9905,23,3
2.171267,1.564825,73.18898,23,4.816559,3.573567,220.2822,22,3
2.256417,1.55735,78.21908,24,4.401381,3.232915,187.7161,22,3
2.353346,1.691825,85.2141,25,3.243932,2.519945,141.0197,23,3
1.927816,1.438123,66.92208,23,3.306913,2.535375,131.9653,21,3
1.988233,1.456044,78.30625,24,2.672083,2.171869,117.0048,19,3
2.247871,1.693482,90.19164,24,2.994058,2.366486,123.6077,19,3
1.989942,1.472614,80.54495,24,2.941257,2.261929,121.1591,20,3
1.923955,1.436349,70.54281,22,2.949264,2.279268,130.9891,20,3
1.898255,1.430452,73.87201,23,2.678842,2.052664,130.8629,24,3
1.974154,1.49414,71.08416,24,2.570059,1.937406,125.7,26,3
1.747064,1.326707,63.0143,24,1.963197,1.563926,101.5325,25,3
1.773886,1.382424,65.85626,24,1.828142,1.460831,95.26514,24,3
1.958987,1.519095,64.7054,24,1.442686,1.169735,68.35748,23,3
2.347736,1.870456,70.13782,22,2.493266,1.99215,124.8242,27,3
2.479342,1.918009,73.87174,23,2.900182,2.265747,120.2677,25,3
2.410262,1.797853,67.0479,23,2.876434,2.221392,123.3239,22,3
2.164266,1.597941,58.98253,22,2.760814,2.061262,105.5604,22,3
2.273094,1.717475,65.93871,22,2.712289,1.986706,95.82724,22,3
2.012625,1.588082,65.50869,21,2.972291,2.25365,124.0636,21,3
1.950058,1.652149,66.96131,21,3.259151,2.47364,159.4827,24,3
2.023474,1.757898,66.01053,20,3.663159,2.840721,163.2454,25,3
2.057911,1.769288,73.09815,20,3.693594,2.922593,175.621,24,3
2.056145,1.783285,76.84208,22,4.16261,3.435048,213.1973,24,3
2.134929,1.838651,78.33518,19,4.885306,3.911445,220.8547,22,3
2.105673,1.746298,77.776,20,4.812114,3.731522,196.9296,23,3
2.105526,1.688037,84.9403,22,4.620958,3.49397,219.3538,24,3
1.999546,1.590101,88.06321,23,5.073011,4.018093,251.4841,24,3
2.004584,1.610112,85.71219,23,4.916366,3.825975,234.6696,23,3
1.793898,1.427773,80.50277,24,4.63266,3.6164,232.7384,22,3
1.911073,1.549674,80.86627,26,4.894045,3.840259,253.0353,22,3
2.000279,1.698295,86.3352,25,5.488247,4.252242,270.9839,23,3
2.08211,1.762193,90.17899,25,5.522443,4.262756,285.0703,24,3
2.190392,1.834694,100.5227,25,5.743294,4.510814,287.7436,25,3
2.236696,1.88637,105.9101,24,6.782602,5.394215,375.4532,26,3
2.253025,1.900831,110.8529,24,6.737361,5.346903,355.671,22,3
2.436478,1.997573,115.0607,23,6.655543,5.289816,348.224,22,3
2.350005,1.92296,110.9621,23,6.682697,5.328259,324.3531,23,3
2.323641,1.916053,108.5919,23,7.541104,6.039012,394.0171,24,3
2.309424,1.87671,106.1937,22,6.998724,5.60003,354.9189,24,3
2.153991,1.724083,98.37628,21,7.072324,5.744558,374.6907,27,3
2.034398,1.674386,93.41045,22,7.269034,5.82112,361.8538,26,3
2.019264,1.633644,97.4667,23,7.343758,5.799133,368.8075,25,3
2.07362,1.659017,94.75481,23,7.230636,5.739838,341.0587,25,3
2.267152,1.886765,98.03812,22,7.721374,6.091984,343.8748,23,3
2.498738,2.09969,104.1331,21,7.999852,6.360198,349.2854,21,3
2.511702,2.123986,102.6099,22,8.782664,7.260629,375.1152,20,3
2.574343,2.210095,99.81075,21,8.874983,7.355584,377.9382,19,3
2.339071,1.923615,88.45818,21,8.088589,6.421053,335.0875,19,3
2.425983,1.96158,90.29322,21,8.090981,6.465766,323.9366,21,3
2.179065,1.764984,86.9744,22,7.974072,6.305377,335.6262,21,3
2.343414,1.766123,83.88867,21,6.610645,5.001269,306.1392,22,3
2.534431,1.912102,86.27197,21,6.254527,4.711753,287.5266,23,3
2.829187,2.236599,103.7712,20,8.790633,6.470564,380.0839,22,3
2.626218,2.022346,102.6967,21,7.906513,5.472536,335.8734,24,3
3.155415,2.484844,122.2369,21,7.74786,5.37059,346.4126,25,3
3.142453,2.57078,149.3661,22,9.029015,6.736882,436.8152,26,3
2.967717,2.374799,148.7371,24,9.492071,7.264719,487.4556,26,3
2.820728,2.248636,135.8119,24,7.300512,5.704328,424.4616,26,3
2.804721,2.236453,134.5049,25,7.644946,6.166173,448.2122,25,3
2.305034,1.878315,124.2532,24,7.841857,6.3702,445.2673,25,3
2.444381,1.932995,112.7021,22,7.73478,6.214413,407.95,25,3
2.760575,2.195828,127.6646,22,8.126069,6.470325,401.6553,24,3
2.789638,2.282531,127.1794,21,9.246107,7.542877,431.9312,22,3
3.014867,2.521811,133.632,21,9.503645,7.781611,455.8682,22,3
2.932742,2.407497,122.2108,21,10.39831,8.359,465.3492,21,3
2.848543,2.358205,114.0528,22,10.5224,8.341761,489.4904,20,3
2.549891,2.121208,100.8879,21,10.08808,7.857297,449.421,21,3
2.870765,2.262983,129.4411,23,10.49216,8.150927,464.1705,21,3
2.821023,2.188177,130.8663,26,10.86333,8.644344,455.5189,20,3
2.86907,2.257978,132.1046,25,9.75606,7.819996,400.4674,22,3
2.678463,2.080424,129.1179,26,8.707554,6.940328,333.5272,23,3
2.713803,2.108046,130.0186,26,8.896337,7.191695,331.9641,23,3
2.495535,2.024642,108.693,25,7.546247,6.133644,279.5822,24,3
2.459506,2.042387,114.0088,23,6.7132,5.491694,257.2603,25,3
2.531903,2.084865,118.885,22,7.334418,5.960258,302.9763,24,3
2.777282,2.265518,118.4108,21,7.424388,5.990051,314.2522,22,3
3.137415,2.527436,136.0798,20,6.489306,5.004203,288.5236,24,3
3.01828,2.385114,128.4288,21,8.082559,5.92715,331.5806,21,3
3.049296,2.399634,126.6165,21,7.91893,5.614079,331.2422,22,3
3.017394,2.391201,137.0694,22,7.93981,5.449636,328.8966,22,3
2.753455,2.16367,130.5957,23,10.07465,7.029434,455.7491,24,3
2.679327,2.10604,114.2353,23,10.53946,7.774703,506.8514,23,3
2.692999,2.164989,119.2052,25,9.541947,7.056221,451.9851,26,3
2.772877,2.224973,115.7739,24,10.19095,7.838408,513.9093,24,3
2.978974,2.395637,107.8008,22,10.56242,8.086043,531.437,26,3
2.973541,2.399879,116.0587,22,9.662783,7.546036,473.3492,26,3
2.664138,2.229168,100.597,23,9.487127,7.477283,447.1332,24,3
2.714177,2.261757,110.9345,22,9.856284,7.856596,506.1825,23,3
2.774398,2.328706,119.423,23,9.224766,7.280111,452.496,21,3
2.450014,2.030055,114.7368,23,8.348827,6.774048,389.1309,22,3
2.389809,2.007531,105.1367,24,6.633512,5.372355,315.5248,21,3
2.496968,2.047242,122.3818,22,6.27541,4.920982,294.6298,22,3
2.344695,1.891742,104.0293,21,4.9097,4.02903,245.5431,23,3
2.236861,1.722522,98.20557,22,4.682826,3.868739,233.5036,25,3
2.257002,1.75628,94.76857,20,4.143133,3.428327,229.7749,25,3
2.43409,1.883761,100.8715,20,4.439727,3.646066,226.5983,24,3
2.956145,2.215723,119.8182,20,4.393591,3.593745,227.2571,25,3
2.892123,2.077988,114.797,20,4.46067,3.695827,227.6745,24,3
2.678666,1.951515,100.9204,20,4.217665,3.450959,201.5294,22,3
2.642387,1.89351,102.8135,21,4.462258,3.631214,215.6177,20,3
2.610276,1.760212,97.41698,22,5.312674,4.052869,237.2305,22,3
1.739103,1.284041,60.875,20,5.358225,4.109873,242.086,22,3
1.857603,1.427761,62.94546,21,5.029681,3.691157,214.8303,23,3
1.864169,1.436924,64.22201,20,4.836831,3.479349,217.5149,25,3
1.80648,1.363324,58.26612,20,4.556548,3.170877,192.1064,26,3
1.518183,1.258668,53.45601,21,2.99473,2.35343,146.7068,26,3
1.584128,1.267913,51.50953,21,2.902956,2.288781,139.6116,27,3
1.572035,1.216331,44.67097,20,2.724329,2.12684,128.9736,27,3
1.903131,1.433091,62.2049,21,2.91859,2.248621,133.8414,27,3
1.985108,1.538164,69.24339,21,3.009273,2.296479,132.7114,27,3
1.977836,1.550536,64.46662,23,2.733477,1.98069,121.6294,26,3
1.964236,1.577272,68.04185,23,2.392024,1.654923,93.93616,26,3
2.065148,1.706224,81.06663,24,2.40167,1.673468,90.71481,25,3
1.780033,1.477095,64.98742,22,2.021591,1.440178,66.31467,23,3
1.905154,1.578286,70.62447,21,1.514931,1.203168,54.89585,22,3
1.903159,1.557194,75.67166,19,1.652582,1.355511,55.522,22,3
1.923242,1.572277,75.48006,20,1.682378,1.398183,56.40053,19,3
1.900983,1.554103,79.48051,21,1.648945,1.352041,51.90903,19,3
1.878332,1.592265,76.57851,23,1.54975,1.267079,54.38888,19,3
1.647048,1.347512,64.26344,23,1.67533,1.343585,50.49775,18,3
1.80281,1.48066,77.2467,25,2.121864,1.574303,63.17981,17,3
2.063089,1.680176,87.75189,23,2.378105,1.777933,72.63278,19,3
2.220278,1.798554,92.58099,22,2.62749,2.006304,85.18498,19,3
2.284509,1.793947,98.30725,23,2.881356,2.266725,95.3327,20,3
2.413361,1.97104,105.852,21,3.025585,2.406076,114.5952,20,3
2.369077,1.945195,90.57157,21,2.783757,2.263075,112.5769,21,3
2.292624,1.879459,89.17464,20,2.801635,2.261484,116.8256,23,3
2.04461,1.660898,79.30016,19,2.573796,2.060244,105.2326,24,3
2.10424,1.706723,84.90627,19,2.323841,1.79377,96.30045,24,3
2.320616,1.923385,94.48758,19,2.167576,1.668547,94.53546,25,3
1.770566,1.42448,50.17351,19,1.48159,1.175086,57.09346,24,3
1.617747,1.292371,45.01443,20,1.652603,1.319598,69.98737,23,3
1.903765,1.487278,66.5574,21,1.922132,1.476048,92.08271,23,3
2.04619,1.62967,73.99553,20,2.073809,1.635856,94.26104,22,3
1.951277,1.556877,80.04631,24,2.223901,1.784666,104.6802,22,3
1.983618,1.599806,85.70112,26,2.577393,2.108263,123.3285,23,3
2.265227,1.864092,104.1669,25,2.841617,2.297297,137.3514,23,3
2.091357,1.68616,88.72929,25,3.058779,2.526255,147.2229,22,3
2.015438,1.623407,90.42392,23,3.319868,2.76604,159.4654,22,3
1.935598,1.528774,83.1585,24,3.478565,2.944391,170.2024,24,3
1.878704,1.464439,79.14731,23,3.425644,2.854145,174.8462,23,3
1.859822,1.473508,78.53687,23,3.539606,2.920432,169.5092,23,3
1.916228,1.557295,79.43739,25,3.642052,3.062626,157.5649,23,3
1.936281,1.561375,82.64486,23,3.794494,3.200815,165.9929,23,3
1.995686,1.609598,89.44349,21,3.713282,3.03188,146.043,23,3
2.211311,1.820275,87.78007,23,3.735273,3.054672,134.9899,22,3
2.065505,1.702913,75.93089,22,4.376317,3.522326,171.9663,22,3
1.904328,1.525687,68.7653,21,4.431712,3.431424,201.9568,23,3
1.88114,1.527222,61.58215,22,4.209716,3.198717,193.6925,23,3
1.891915,1.583934,58.64851,24,4.688375,3.707038,217.601,21,3
1.819171,1.525166,61.09969,23,4.59571,3.58553,227.6081,23,3
1.734454,1.438418,58.20872,20,4.415381,3.506765,207.0156,22,3
1.85374,1.580435,65.33623,20,4.446801,3.614601,190.6239,20,3
2.076913,1.73136,71.13183,18,4.758801,3.845768,214.9098,22,3
2.135636,1.744097,80.59551,18,4.844251,3.944611,222.3004,21,3
2.094723,1.692671,85.84094,18,4.980152,4.170825,222.3487,21,3
2.18151,1.749854,92.19023,20,4.8014,3.980089,201.4479,21,3
2.163234,1.713442,92.67088,22,5.097551,4.131617,232.8991,22,3
2.287222,1.8205,106.0302,21,5.397748,4.382779,243.6609,24,3
2.415313,1.946082,114.9653,22,5.206237,4.225256,220.5275,21,3
2.535405,2.070936,111.1478,22,5.382123,4.346675,231.6293,21,3
2.58417,2.138297,114.5889,22,5.087828,4.00967,229.1159,22,3
2.543668,2.096452,117.2328,20,4.887272,3.924817,217.3517,22,3
2.236085,1.827387,93.98943,22,5.12292,4.151299,243.9088,22,3
2.10324,1.643969,78.57598,23,5.239295,4.168191,253.6408,24,3
1.971169,1.477953,79.16379,24,6.357806,4.813042,265.5058,24,3
1.984358,1.46766,83.46048,25,7.260793,5.502157,297.1764,23,3
2.049411,1.534139,81.53891,25,7.328961,5.503262,296.7546,22,3
2.935032,2.121957,125.0957,23,7.369217,5.393789,270.472,24,3
3.075454,2.270373,134.7513,21,7.874099,5.826049,300.3808,24,3
3.150349,2.421557,151.1218,22,7.025169,5.168628,264.6854,24,3
3.241914,2.521286,158.7387,23,6.479496,4.987274,263.4648,23,3
3.326921,2.621783,159.5345,23,6.688449,5.199913,282.423,24,3
2.790228,2.251943,144.1308,23,6.061968,4.721168,256.5809,23,3
2.75046,2.312014,148.5781,23,5.377911,4.274903,231.9713,23,3
2.682377,2.222994,130.3566,23,5.511755,4.412245,252.7761,22,3
2.538194,2.062658,118.9888,24,6.092795,4.804532,279.8045,22,3
2.369763,1.887119,114.028,26,6.253267,4.902387,255.6159,22,3
2.483237,1.970876,99.77731,25,6.553395,5.179568,261.0282,22,3
2.287945,1.776432,94.42691,25,7.719234,5.842545,320.6459,23,3
2.203018,1.707656,95.12509,27,8.820242,6.633255,374.8011,23,3
2.086337,1.635423,86.40791,23,8.545068,6.442105,358.2565,22,3
2.258524,1.780828,88.27112,21,8.416297,6.385782,338.4826,23,3
1.885207,1.519523,79.36411,21,8.395477,6.424825,364.1982,25,3
1.810676,1.457393,67.29546,21,7.069205,5.441817,290.3076,25,3
2.378475,1.803233,87.45699,19,6.336813,5.098675,288.7223,25,3
2.572831,2.007358,91.98947,18,7.953059,6.057008,355.9028,26,3
2.459001,1.910222,87.1934,18,7.919981,5.959192,377.4171,22,3
2.630011,2.061002,85.88518,18,8.056504,6.141266,355.4606,21,3
2.802079,2.225633,96.54195,18,8.663613,6.840613,418.7421,21,3
2.564086,2.078138,91.80017,18,9.052422,7.120097,420.351,21,3
2.36942,1.899946,98.22104,21,7.654226,6.119678,337.5369,21,3
2.413653,1.948988,104.1217,23,7.867004,6.363889,380.5847,23,3
2.217887,1.786875,113.1364,25,7.992626,6.446724,423.0991,24,3
2.085548,1.729635,104.492,23,7.648772,6.222385,384.94,22,3
1.823406,1.543867,89.21127,24,7.194489,6.203434,335.5312,23,3
1.995411,1.644095,91.87859,23,6.951942,5.914959,367.1971,23,3
2.031824,1.657647,87.05176,24,6.549661,5.436384,311.9308,22,3
2.051977,1.664445,86.0842,23,7.19408,5.946013,355.6836,22,3
2.302255,1.863354,99.25403,24,7.365619,6.063344,372.0018,24,3
2.360407,1.954314,96.15852,24,6.665912,5.306335,348.5945,22,3
2.241912,1.883673,92.12594,23,6.519957,5.123293,320.3365,22,3
2.253004,1.877411,100.3862,23,6.934909,5.595798,355.6881,22,3
2.333313,1.970612,103.2655,22,8.178924,6.035077,330.1581,22,3
2.151165,1.803715,96.05975,22,7.900274,5.652101,328.3017,23,3
2.019309,1.667397,92.54782,21,8.330038,5.936358,352.1919,24,3
2.230734,1.785082,92.45426,21,8.497532,6.171541,372.4276,23,3
2.055284,1.639191,78.76828,20,8.617188,6.461273,329.6288,25,3
2.162988,1.748428,80.60139,20,6.836342,5.531451,297.8242,25,3
2.096181,1.685766,78.89157,21,6.558405,5.163041,263.29,25,3
2.249437,1.810884,92.99088,24,5.882631,4.664354,221.6537,27,3
2.093586,1.718416,87.40666,24,5.542742,4.272926,186.2939,27,3
2.10693,1.703179,87.48653,24,4.80051,3.66601,196.071,26,3
1.869368,1.446401,75.6527,24,4.259292,3.27411,155.8589,26,3
2.03516,1.596964,84.25234,22,4.880894,3.743219,197.5352,25,3
1.874476,1.44847,71.04488,21,4.704232,3.646688,202.8048,25,3
2.262089,1.741451,82.20983,21,4.875539,3.916604,214.5329,24,3
2.753889,2.15086,111.6704,20,4.510057,3.522279,196.9249,23,3
2.894099,2.366792,129.975,21,3.897327,2.985339,169.1067,23,3
2.797685,2.269068,116.046,20,3.858172,3.081286,148.1688,21,3
2.755374,2.224298,116.4132,22,4.850884,3.571917,181.8903,19,3
2.472172,1.984947,103.6017,23,5.108489,3.698465,202.2321,19,3
2.206619,1.883028,86.66664,24,5.774521,4.399929,234.8489,20,3
2.145926,1.83155,88.74701,24,5.862796,4.557877,252.366,20,3
2.369303,1.946646,102.0583,25,6.591722,4.975941,288.8358,21,3
2.386947,1.988645,102.15,23,8.479701,6.346642,383.7587,21,3
2.297389,1.875446,107.9004,24,8.746505,6.632547,408.2967,21,3
2.166489,1.768051,104.4901,25,8.717069,6.543453,418.0068,21,3
2.091226,1.703159,91.82904,24,9.161796,6.97401,438.8556,21,3
1.742728,1.469715,81.69823,23,9.610325,7.264212,460.7729,22,3
1.738248,1.464813,80.49937,23,7.396472,5.282788,315.8592,22,3
1.92037,1.609096,77.84161,21,6.905015,4.836126,286.4792,22,3
1.775184,1.466138,78.59866,20,6.339033,4.181686,244.0301,23,3
1.776772,1.430694,71.27422,21,5.600907,3.598301,209.439,22,3
1.867974,1.502533,71.59135,21,2.794188,2.136947,114.0475,23,3
1.900862,1.500977,75.62052,23,2.61615,1.922438,102.7252,24,3
1.733907,1.376654,71.88893,25,1.786194,1.296717,61.97919,23,3
1.8601,1.467562,71.50767,26,1.304456,0.9782878,43.77103,24,3
1.94116,1.532665,79.27313,25,1.164139,0.8957722,41.17942,24,3
1.680265,1.325161,61.90717,23,1.458953,1.212295,51.55568,24,3
1.701119,1.348786,62.80581,23,1.848881,1.450422,62.53197,25,3
1.736317,1.386861,53.22593,22,1.959676,1.521286,85.44312,25,3
1.632335,1.352274,51.90362,23,2.212773,1.741789,108.3785,27,3
1.422452,1.155302,42.35943,24,2.487127,2.010565,123.3656,27,3
1.496594,1.193622,43.15299,22,2.735621,2.270877,150.0359,25,3
1.655949,1.2921,52.83908,22,3.014858,2.461972,160.05,24,3
1.646297,1.255739,61.7944,23,3.14814,2.551215,159.3717,23,3
1.706424,1.308296,57.98305,20,3.028463,2.406884,144.7824,23,3
1.620661,1.232258,57.37895,21,2.872877,2.203535,121.211,21,3
1.531253,1.164173,54.56118,20,2.73211,2.022019,97.48193,20,3
1.302912,1.008762,39.91667,21,2.36227,1.791788,85.02249,19,3
1.192123,0.9582701,31.07827,20,2.04782,1.552616,75.03492,21,3
1.050528,0.8563608,36.75826,23,3.08254,2.235613,114.6196,19,3
1.135436,0.943176,41.75397,25,4.213569,3.033981,179.3011,21,3
1.344203,1.09462,54.1618,25,4.808312,3.56255,203.2523,21,3
1.499752,1.179095,59.99801,23,5.313551,4.17078,251.8394,22,3
1.507459,1.178472,64.15429,24,5.945488,4.991566,283.7767,21,3
1.607523,1.288017,63.32611,24,5.91778,4.8819,293.6958,22,3
1.624367,1.29682,69.57407,23,5.397752,4.398994,255.2923,24,3
1.511795,1.203837,61.00713,24,4.88208,3.892515,238.8183,27,3
1.436611,1.192322,59.3789,25,4.230587,3.122355,183.8408,25,3
1.42818,1.166752,54.75043,25,3.973277,2.895661,182.6398,23,3
1.350714,1.092097,52.17267,24,3.886878,2.747851,162.1667,24,3
1.48442,1.195829,40.42458,24,3.53929,2.411175,145.5235,24,3
1.552982,1.266952,47.07964,22,3.796673,2.744334,156.5215,24,3
1.650955,1.352607,61.02135,21,4.537132,3.384937,186.2673,25,3
1.765598,1.495084,64.87431,21,4.662973,3.482318,187.3311,23,3
1.744704,1.485843,59.54318,23,4.422612,3.445387,182.3936,24,3
1.634036,1.35845,63.84211,21,4.805406,3.889047,217.6089,23,3
1.534145,1.218072,54.26439,24,4.726721,3.729164,210.5557,23,3
1.304213,0.9856652,35.86239,24,4.597235,3.752761,216.6373,23,3
1.270813,0.9411807,34.94001,25,4.349865,3.656014,208.8941,24,3
1.302941,0.948732,42.70623,23,4.928642,4.069862,236.7283,23,3
1.380207,1.038752,42.09982,26,4.934196,3.995561,222.3416,24,3
1.46905,1.129395,50.25391,25,5.514983,4.558961,263.1078,23,3
1.551951,1.22045,58.00913,24,5.429767,4.432518,260.2451,23,3
1.501539,1.181655,59.22796,24,5.416758,4.362853,268.7331,24,3
1.651747,1.283394,67.26651,24,5.09768,3.908041,241.518,23,3
1.51232,1.117473,67.33852,23,5.083827,4.040382,238.0086,22,3
1.616774,1.214158,67.69785,23,4.718679,3.807236,231.1869,23,3
1.701214,1.290312,67.49817,24,4.747611,3.878038,221.9428,23,3
1.786912,1.398222,72.26543,26,5.324081,4.292427,252.4488,23,3
1.834998,1.452774,69.96115,27,5.576651,4.674106,267.1535,25,3
2.106208,1.769354,77.6815,26,6.053075,5.141013,288.8823,25,3
2.116971,1.794114,79.33103,26,5.946216,4.944024,257.9418,26,3
2.373285,2.029278,92.1319,27,5.841169,4.776926,261.4014,26,3
2.462407,2.086946,99.81121,26,6.196283,5.026726,236.8307,25,3
2.378808,1.98219,104.1879,26,5.812705,4.64941,222.1228,23,3
2.297337,1.896443,101.3231,28,5.625358,4.349905,237.6106,23,3
2.39885,1.95189,111.3253,26,6.961503,5.410811,332.3108,23,3
2.07108,1.648877,100.5729,27,7.064345,5.551278,349.9171,23,3
1.93131,1.529267,92.66533,25,6.541221,5.12118,347.8237,24,3
2.094096,1.680291,100.977,24,6.971434,5.509591,373.1331,24,3
2.092201,1.664682,97.18291,25,6.555887,5.071689,321.2353,25,3
1.855915,1.490995,86.93313,24,5.687994,4.541607,267.0835,25,3
2.027831,1.615058,82.16655,21,5.997474,4.839605,270.2879,25,3
1.932424,1.4965,76.51685,23,5.935114,4.813591,268.3223,24,3
1.761685,1.370693,64.60474,22,5.724264,4.648347,256.2391,24,3
1.994476,1.553406,62.88756,21,5.793181,4.755687,263.0235,22,3
2.264987,1.804057,72.26588,20,4.970571,3.871114,208.4077,23,3
2.151141,1.74131,70.17755,23,4.729901,3.669303,208.6944,23,3
2.321709,1.980077,70.09298,22,4.712651,3.624839,214.2287,25,3
2.272861,1.919564,61.40945,24,4.311964,3.368758,192.4373,25,3
2.162994,1.836579,68.62127,23,4.52293,3.383376,201.5606,25,3
1.973586,1.659271,61.9244,23,4.648846,3.628562,212.942,24,3
2.122927,1.788801,70.8129,18,4.631824,3.673156,194.7641,20,3
2.013008,1.646508,71.44662,18,4.196035,3.257372,157.1704,19,3
2.098457,1.726873,74.44173,17,4.727653,3.566386,186.9542,19,3
1.981457,1.609354,67.08,16,6.422896,4.863016,220.6707,17,3
1.996897,1.656445,69.28543,17,6.83994,5.253008,255.8292,18,3
2.068892,1.723818,78.06621,19,6.702773,5.034295,255.2181,21,3
2.217891,1.806451,84.88577,20,6.768853,5.191117,276.3241,22,3
2.139462,1.721145,83.03934,21,6.867046,5.374145,280.8297,23,3
2.181024,1.699051,85.173,24,5.660573,4.396131,267.9568,25,3
2.15839,1.664513,82.1115,25,5.855914,4.595727,252.6484,23,3
1.997543,1.49798,69.71738,26,6.396606,5.07527,289.3922,23,3
1.82948,1.429858,61.6385,21,6.444107,5.120101,309.1348,23,3
1.903548,1.49146,59.11413,22,6.336689,4.99749,292.4003,21,3
1.781298,1.443464,55.82789,21,6.463091,5.24847,316.804,22,3
1.780566,1.44425,48.00369,19,6.119894,4.965017,318.7247,22,3
1.697527,1.403423,45.96099,18,5.647506,4.514985,289.0603,23,3
1.910337,1.504383,60.59581,22,6.01126,4.873302,293.9416,23,3
1.870214,1.479887,66.24516,21,5.554,4.454883,271.1805,24,3
1.915504,1.520577,75.43445,21,4.995877,3.908365,238.198,25,3
1.942783,1.543801,86.99651,23,4.696994,3.629569,216.0135,27,3
2.03524,1.590453,93.31582,24,4.34595,3.415244,187.8786,25,3
1.832326,1.490151,86.31525,24,3.657105,2.94371,156.8095,25,3
2.070924,1.662268,96.26889,23,4.471564,3.439032,180.2955,24,3
2.10599,1.712667,91.7181,23,4.253301,3.334829,158.3531,22,3
2.114886,1.733432,87.10355,23,4.098001,3.153432,143.3296,20,3
2.071575,1.700857,81.59853,23,4.377304,3.327778,146.3458,20,3
2.105388,1.714995,71.95741,25,4.4117,3.377106,132.1302,17,3
1.892663,1.551341,62.4822,24,3.485306,2.802408,111.1402,18,3
1.821552,1.459573,62.45594,23,3.295763,2.558835,111.5412,20,3
1.797917,1.418989,60.39759,24,3.355517,2.60276,107.2546,19,3
1.901407,1.50559,62.80857,20,3.008228,2.439052,110.2127,20,3
1.885521,1.490445,67.18711,20,2.74181,2.204904,119.683,22,3
2.059365,1.638844,68.29796,21,2.649675,2.056294,114.472,23,3
2.100221,1.696256,66.19862,21,2.617814,2.056894,106.5436,23,3
1.985403,1.56231,62.44927,20,2.45418,1.932422,115.8888,24,3
1.901822,1.517029,60.96119,21,2.237345,1.746231,109.0026,25,3
1.966509,1.576367,66.7265,19,2.237271,1.833832,101.9946,25,3
1.606184,1.224398,57.61245,21,2.152148,1.732573,88.13765,23,3
1.579092,1.208944,56.77354,22,2.241194,1.807105,88.03947,24,3
1.583272,1.247701,57.08812,22,2.356165,1.903949,83.45414,23,3
1.431571,1.109867,50.62201,24,2.341396,1.958193,70.5277,20,3
1.413076,1.097463,48.52015,25,2.441839,1.958584,83.65405,19,3
1.616047,1.347623,52.62438,23,2.551382,2.136258,88.1983,19,3
1.562066,1.281506,56.54921,23,2.418005,1.990888,90.60043,20,3
1.865758,1.505297,61.01951,20,2.416022,1.961827,87.76121,21,3
2.047588,1.678024,77.26212,22,2.576367,2.039707,110.9283,24,3
2.04642,1.681437,75.16394,20,2.473884,1.973155,106.3203,24,3
2.064316,1.671213,76.33924,20,2.5055,1.902526,113.709,26,3
2.128302,1.650893,68.03357,21,2.57129,1.966842,113.9744,25,3
1.865238,1.421915,68.542,21,2.611781,2.016175,121.6895,25,3
1.727904,1.30065,59.78139,19,2.269657,1.721551,104.0952,26,3
1.603076,1.208851,54.6822,20,2.101539,1.593163,92.52467,26,3
1.663443,1.269938,54.52477,20,1.967588,1.537825,86.38874,26,3
1.757048,1.464117,61.42681,21,1.919851,1.477794,86.52792,27,3
1.813414,1.534255,59.88697,21,1.859702,1.468621,87.74786,28,3
1.826801,1.566012,58.62384,21,2.130772,1.709556,91.26355,27,3
2.974066,2.366802,134.2514,24,5.11524,4.056551,243.0404,19,4
2.898248,2.296842,131.5236,23,5.801648,4.686002,279.9057,19,4
2.7364,2.220274,133.457,21,5.812018,4.704844,282.8885,19,4
2.389855,1.992046,110.2606,22,5.64944,4.64295,243.7695,19,4
2.663228,2.191053,128.8509,22,5.824614,4.707222,248.4059,21,4
3.210454,2.564695,150.8009,22,5.608759,4.665091,266.8495,22,4
3.308219,2.653574,155.0018,22,5.165961,4.260529,251.1699,23,4
3.591506,2.941674,181.5622,23,5.639988,4.680363,271.1241,23,4
3.711538,2.94272,182.9299,23,5.673775,4.617539,282.1725,23,4
3.64404,2.894298,171.2087,22,5.797083,4.783074,305.1877,22,4
3.056468,2.360023,135.4445,23,5.973898,4.769704,295.4256,23,4
2.881687,2.181955,121.5529,23,9.387052,6.503187,376.9797,23,4
2.832194,2.121236,113.5491,24,9.669191,6.836162,417.1169,25,4
2.611288,2.038193,116.3724,25,9.556291,6.578106,402.8198,25,4
2.440972,1.91633,114.9779,27,9.480598,6.526255,409.4839,26,4
2.764479,2.210319,135.475,27,10.02087,7.311791,419.8705,24,4
3.132442,2.509037,150.8505,25,7.06917,5.766328,336.843,25,4
3.127615,2.51947,156.0754,25,7.148015,5.896763,332.4841,23,4
3.338675,2.688787,169.1147,25,9.822436,7.885711,455.2165,23,4
3.873642,3.138719,200.7884,24,11.33367,9.296412,520.981,22,4
3.7225,2.969239,184.197,24,11.52522,9.323137,542.9125,21,4
3.458313,2.716132,176.8094,24,12.38331,10.15312,615.4843,21,4
3.851208,3.011084,186.5833,24,12.98516,10.75172,653.5759,21,4
4.212454,3.32972,199.1935,21,11.65719,9.605967,573.74,22,4
4.171152,3.284559,176.01,22,10.79798,8.931444,519.6949,23,4
4.376388,3.528063,181.5683,23,10.82346,8.985763,523.2721,23,4
4.519487,3.721832,193.315,23,11.29305,9.48597,576.2267,23,4
4.153134,3.398744,179.8558,24,12.28498,10.17626,671.8317,23,4
3.789504,3.08662,175.1928,26,11.9224,9.727175,671.8956,24,4
3.5353,2.903785,183.3063,25,11.79029,9.388202,670.3269,25,4
3.736505,3.038106,206.1305,25,12.04631,9.693949,673.3892,25,4
3.758796,3.095957,213.3985,26,10.47303,8.046312,505.4066,24,4
3.749654,3.052652,191.5226,24,8.218899,6.40059,369.8892,24,4
3.837377,3.176602,172.8094,21,10.30402,7.801027,444.5389,23,4
3.865517,3.147404,173.8165,21,10.74792,8.395368,506.1587,23,4
3.587774,2.942329,156.1591,21,9.706382,7.483624,447.2054,23,4
3.640365,2.993943,162.6934,21,10.46355,8.239102,504.576,24,4
3.951405,3.29989,198.1754,23,10.1006,7.783519,474.2343,25,4
3.64092,2.947111,192.0596,26,8.15789,6.666597,385.1705,23,4
3.363606,2.753004,168.0898,24,8.073859,6.640861,382.8257,23,4
3.228613,2.621511,154.1603,24,8.807066,7.015048,430.6501,23,4
3.087261,2.385947,136.4402,23,8.385916,6.718427,422.3442,23,4
2.447335,1.936119,89.17404,23,9.545073,8.001575,479.0631,21,4
2.676711,2.036746,93.9567,22,9.343577,7.643522,500.7287,22,4
2.753503,2.083039,109.145,23,8.236083,6.475245,404.2341,24,4
2.717396,2.061792,119.7104,23,7.622079,6.194906,372.2098,25,4
2.732791,2.223587,117.4338,23,7.693446,6.10044,379.8106,25,4
2.661989,2.122076,121.6545,23,8.628011,6.319661,393.5099,26,4
2.527663,2.048835,115.6512,22,10.48931,7.747819,461.8181,26,4
2.246854,1.809731,94.74911,22,10.81137,8.257499,493.6304,24,4
2.271884,1.808136,88.93718,22,10.93629,8.33994,501.5049,23,4
2.185887,1.720424,80.0769,22,12.05566,9.355837,529.136,21,4
2.207519,1.736301,82.19065,21,11.2303,8.739011,492.545,20,4
2.099485,1.692833,90.72739,22,9.987565,7.730553,417.025,21,4
2.449661,1.935161,110.5918,24,9.674345,7.285813,376.7516,19,4
2.548876,1.988891,117.8305,23,9.429548,7.129878,374.5851,18,4
2.577117,2.017271,119.4257,22,7.794091,6.087031,327.8324,19,4
2.67541,2.111562,123.9629,22,6.562056,5.139419,282.9389,21,4
2.827589,2.26307,128.2271,20,5.803728,4.623094,261.998,22,4
2.766956,2.253175,111.3451,21,6.391693,5.087245,308.5156,24,4
2.640814,2.197181,103.7474,22,6.015935,4.60486,290.1196,25,4
2.700943,2.170593,118.8033,25,5.894206,4.604489,280.0205,23,4
2.631903,2.122565,111.2357,25,6.197122,4.837835,282.7632,21,4
2.806979,2.235467,115.518,25,6.353854,5.119123,306.2482,21,4
2.638819,2.076174,119.8152,24,5.968772,4.883899,278.5331,20,4
2.762437,2.167591,109.0567,23,5.975092,4.993429,286.6507,20,4
2.52738,1.984071,91.47627,22,6.865382,5.517507,335.944,23,4
2.790057,2.238893,107.5042,22,6.813249,5.392321,331.1967,21,4
2.525101,2.034562,99.36921,23,6.85521,5.227295,301.9921,21,4
2.730614,2.164081,109.5296,22,6.702169,5.075051,277.1061,19,4
2.582927,2.04458,119.81,22,6.835618,5.245478,278.0743,18,4
2.600248,2.066731,120.71,23,5.640212,4.545106,223.5588,16,4
2.235315,1.67909,103.2052,23,6.201422,5.210198,251.0104,18,4
2.353935,1.790339,109.671,22,6.335102,5.482804,266.927,17,4
2.028497,1.605862,92.71915,24,7.27521,6.207033,348.0475,19,4
2.145534,1.651353,95.28658,24,7.574749,6.460934,385.725,22,4
2.426019,1.909686,103.5533,23,7.752697,6.557324,403.9109,23,4
2.381235,1.846065,101.0814,23,8.268649,6.85709,449.9619,23,4
2.359748,1.851119,100.0954,24,8.553494,7.092364,476.7114,23,4
2.533315,2.048628,111.0632,22,7.584765,6.004869,392.3901,23,4
2.482464,2.038675,116.9764,23,7.42249,5.89574,372.4379,23,4
2.278338,1.847385,112.2542,24,8.075348,6.501575,419.5397,23,4
2.353001,2.000207,111.6799,20,7.139581,5.781065,370.4608,22,4
2.331847,1.952999,116.5676,21,6.257305,4.992522,326.6072,24,4
2.477979,2.081451,111.2746,21,6.712664,5.566916,332.7548,22,4
2.571973,2.101256,108.7837,22,6.479161,5.258732,292.7792,20,4
2.597741,2.138461,110.4109,23,5.343143,4.44612,216.0334,19,4
2.771019,2.274021,121.1831,25,4.954971,4.026886,175.2986,21,4
2.641519,2.137189,100.1467,24,4.878173,4.027153,170.5776,20,4
2.323505,1.790968,98.29363,21,4.261734,3.505658,175.9945,22,4
2.151321,1.695421,84.65365,22,4.741866,3.789651,206.9722,24,4
2.091453,1.66671,80.61856,21,4.722435,3.704921,206.8055,25,4
1.840589,1.504851,75.08466,19,5.365285,4.284716,246.5403,26,4
1.921552,1.575245,76.18092,19,5.07043,3.906379,230.8967,26,4
2.039297,1.669214,77.16319,18,7.441262,5.466444,330.6259,25,4
1.938707,1.586549,76.02782,19,7.363699,5.456403,335.077,24,4
2.051851,1.630054,82.99739,19,7.657109,5.893767,384.599,23,4
2.122534,1.692333,83.73376,22,7.814946,6.081111,397.2799,23,4
2.123866,1.719363,85.16226,23,8.590516,7.096109,450.5389,22,4
2.077312,1.685854,90.57001,25,6.735894,5.616154,349.6487,22,4
2.164667,1.761212,90.03403,24,6.802103,5.673873,322.0436,22,4
1.884608,1.480376,77.83585,25,6.367095,5.257902,252.5735,22,4
2.185866,1.652421,80.47773,23,5.987288,4.797581,224.379,23,4
2.390729,1.795212,82.04279,22,5.599973,4.470907,218.2204,24,4
2.398115,1.780113,77.55786,23,5.666754,4.596745,225.9731,23,4
2.428804,1.810361,77.76461,24,6.242411,4.748853,279.1552,24,4
2.763863,2.176215,89.62924,23,7.206926,5.600898,342.9979,24,4
2.496588,1.965658,88.94549,25,7.265221,5.758051,363.3391,25,4
2.582155,2.023565,106.8861,24,7.096003,5.653313,349.8151,24,4
2.752373,2.222898,122.3452,24,7.111509,5.712721,360.7125,26,4
2.975225,2.415987,124.435,24,6.234633,5.187937,304.7734,25,4
4.415284,3.214841,184.5709,24,4.949684,4.058065,255.4812,24,4
4.61656,3.533319,191.0001,24,5.035913,4.175947,238.9263,22,4
4.414496,3.221778,176.6626,23,5.022738,4.139671,242.5091,23,4
4.483045,3.28251,175.0868,21,5.361304,4.335376,251.2917,23,4
4.319328,3.100686,169.1221,19,5.460646,4.418121,269.0265,24,4
2.867111,2.344164,108.7118,19,5.632498,4.631488,273.951,23,4
2.642633,2.132211,105.9403,17,5.093024,3.963914,244.1204,22,4
3.023679,2.422118,118.9523,18,5.386951,4.149242,235.2402,24,4
2.705235,2.128824,108.4188,20,5.850923,4.41904,260.4699,22,4
3.214822,2.502085,127.0151,22,5.641109,4.149269,234.5529,23,4
3.239834,2.495509,134.9624,22,5.760671,4.249314,252.3925,24,4
3.656694,2.837357,148.1754,23,7.539316,5.734234,349.986,24,4
3.494081,2.720056,140.5937,22,7.67885,5.973016,368.4935,23,4
3.539894,2.668289,160.9208,23,5.020957,3.571501,195.8921,25,4
3.64452,2.822042,164.7893,23,5.470725,4.099026,210.5654,24,4
3.393409,2.580761,154.0877,23,5.484132,4.166632,236.9542,23,4
3.58268,2.789799,159.2833,23,5.578484,4.340536,247.7364,24,4
3.437932,2.58048,148.6907,23,4.291404,3.378963,183.9866,23,4
2.521424,2.010233,104.0097,23,4.42159,3.424897,181.8414,20,4
2.388798,1.87745,96.22234,23,4.70147,3.585192,189.6799,20,4
2.356985,1.866262,96.79073,23,4.716582,3.549971,177.534,20,4
2.062944,1.685282,84.18916,26,4.806048,3.629226,186.8878,19,4
2.129408,1.764533,82.40874,26,4.884785,3.793474,197.5043,19,4
2.390738,1.949238,100.8566,25,4.778698,3.822962,199.5414,22,4
2.479088,2.026574,102.7964,25,4.159548,3.379342,191.9204,20,4
2.594595,2.125984,102.8904,25,3.760281,3.010819,168.4928,21,4
2.858598,2.301687,124.0826,23,3.687571,2.875764,166.1728,22,4
2.998518,2.442819,130.5561,23,4.573699,3.514104,210.5394,24,4
3.027749,2.460755,134.1103,22,5.127738,3.965577,212.2809,24,4
2.861228,2.272521,139.8873,23,5.889225,4.600134,260.8375,23,4
3.304347,2.624247,164.3383,24,7.104188,5.666762,325.7374,22,4
3.044797,2.383751,145.4999,26,7.241611,5.903881,329.5784,21,4
2.881226,2.206498,143.678,26,7.57355,6.150298,336.3289,20,4
2.750475,2.137401,127.1523,25,6.918184,5.145889,308.3859,21,4
2.982856,2.393226,125.8541,23,6.274676,4.49316,260.4737,21,4
2.492493,2.076882,105.6172,22,5.088934,3.70716,223.9846,22,4
2.610012,2.206818,106.6091,22,5.460187,4.066429,249.24,22,4
2.879591,2.497194,106.7831,21,4.180253,3.137609,197.2757,23,4
2.744834,2.328668,109.252,22,4.5584,3.660719,226.2346,23,4
2.447349,2.01867,98.55753,23,4.722869,3.828968,238.9617,23,4
2.293134,1.876879,88.6552,23,5.164632,4.180459,269.0272,23,4
2.52007,2.061578,106.2466,21,4.740668,3.759464,256.2466,23,4
2.565764,2.067269,124.2793,23,6.173606,4.891671,336.2345,23,4
2.869001,2.329459,121.6535,24,7.012988,5.439093,361.5945,25,4
3.097865,2.580323,140.3274,24,6.891444,5.259105,348.2665,25,4
3.323576,2.845351,153.1381,23,6.695801,5.132676,326.2347,24,4
3.369203,2.869639,146.9404,24,8.675982,6.263592,378.4537,25,4
3.152874,2.659602,134.9382,24,8.148274,5.826181,341.3324,24,4
3.170881,2.702109,151.7487,21,8.036222,5.826642,353.2318,24,4
3.355072,2.888873,149.3164,22,8.623852,6.565691,378.5575,23,4
3.339435,2.811236,158.2508,24,8.98146,7.000669,407.8181,23,4
3.163404,2.590434,148.4043,23,8.377159,7.060017,417.5924,23,4
3.237662,2.628193,140.1181,21,9.432726,7.862969,426.1837,21,4
3.057004,2.429674,121.9911,23,10.7715,8.819589,514.9137,21,4
2.829768,2.236661,118.8707,22,11.54149,9.433082,601.265,22,4
2.856568,2.282236,105.8126,21,11.56309,9.320683,615.0761,25,4
3.483274,2.760087,147.7745,22,11.168,8.904895,579.6887,24,4
3.682496,3.004315,158.7719,23,11.59589,9.165317,651.4724,25,4
3.798878,3.049203,167.7037,23,15.26494,11.1223,772.7239,25,4
4.649595,3.699981,220.7486,23,16.05138,11.68872,782.9958,25,4
4.828503,3.892698,230.6049,25,16.40609,12.32389,786.0748,24,4
4.696589,3.818377,204.9334,25,16.49175,12.4353,752.0764,22,4
5.509454,4.262052,251.2576,24,16.91769,13.02761,735.8721,20,4
6.152531,5.01467,277.8601,21,14.64131,11.87875,597.6047,18,4
5.656112,4.513784,243.8385,22,13.58923,11.21957,566.3006,17,4
5.910829,4.737783,273.7048,22,13.45743,11.01349,549.9172,15,4
5.780662,4.54062,284.5113,22,13.71869,11.13195,593.8494,19,4
5.289512,4.358716,258.6223,21,12.34527,9.821328,547.0536,20,4
4.683544,3.907409,239.7122,23,9.858359,7.785541,445.8448,21,4
4.700239,3.861156,228.5983,23,12.0026,9.121979,554.2516,21,4
4.762115,3.845513,219.1384,22,12.87016,9.765326,621.2661,24,4
5.14585,4.172595,233.1441,22,12.3752,9.420098,616.2116,23,4
4.82091,3.815269,223.0941,23,15.25663,11.50515,754.4648,23,4
4.956921,3.930507,247.2406,22,15.38598,11.98532,795.4618,25,4
5.156623,4.144949,253.4886,21,15.25009,11.97577,787.5771,24,4
4.65591,3.766452,229.098,23,14.25417,10.88107,737.2656,25,4
4.582912,3.722103,217.7633,21,15.08863,11.80431,744.5887,26,4
4.583195,3.750865,225.4673,22,12.164,9.772073,592.9628,25,4
4.302502,3.483275,202.497,21,12.03287,9.671894,566.7662,24,4
4.099354,3.357715,209.3848,22,9.60147,7.961181,411.1312,25,4
4.212477,3.48684,209.0231,21,10.88523,8.990827,437.9307,22,4
3.894004,3.285263,206.7156,23,12.02024,9.711226,539.2529,23,4
3.919274,3.268102,196.6033,22,11.80768,9.339096,557.9789,23,4
3.926317,3.237236,204.3996,23,13.18073,10.65797,591.8385,22,4
3.623504,2.96567,188.8963,23,13.13515,10.58998,595.7939,21,4
3.859222,3.106185,187.5977,23,11.96519,9.458221,546.8853,22,4
3.747674,2.962847,170.7253,22,10.03491,8.143435,441.6151,22,4
3.5856,2.86505,165.5121,22,10.5398,8.682281,476.9515,23,4
3.484615,2.793577,151.2189,21,8.894002,7.447892,483.6347,23,4
4.026788,3.178975,168.7238,21,9.067253,7.377249,520.8775,25,4
4.433043,3.326757,192.2593,21,10.37915,8.373133,588.4669,26,4
4.391947,3.244561,187.1408,23,10.48181,8.413198,547.7677,25,4
4.557423,3.400327,203.0536,21,9.896924,7.838887,474.761,23,4
4.644644,3.50897,210.86,22,10.12905,8.038129,486.8919,22,4
4.131915,3.009283,175.2204,23,9.645634,7.667945,456.0904,22,4
3.506471,2.741732,167.9248,24,8.284767,6.705771,373.4517,21,4
3.695537,2.86577,164.2796,23,7.17855,5.750865,374.6847,22,4
3.916705,3.036059,171.5673,24,6.924013,5.490677,362.2199,24,4
3.841209,2.960102,168.0126,22,6.021016,4.87628,299.7455,24,4
3.922655,3.119893,173.0792,20,6.278202,5.030522,298.1358,24,4
3.860011,3.095959,163.3904,20,5.895205,4.72403,281.1875,25,4
3.743,2.977634,166.6964,20,5.713117,4.698934,301.8746,25,4
3.330156,2.637712,136.5768,18,5.872344,4.865255,306.543,26,4
3.474043,2.720736,135.0754,17,7.047968,5.559199,360.336,27,4
3.411329,2.645296,137.4134,19,9.253474,6.613732,428.7512,27,4
3.608696,2.723965,150.7255,20,9.226614,6.615355,431.0013,26,4
3.54426,2.757792,155.6243,20,9.912964,7.437822,458.1458,24,4
3.499842,2.691106,164.1957,23,10.36934,7.973882,489.0996,22,4
3.198195,2.439606,159.4127,24,9.93407,7.716439,447.5224,24,4
3.55228,2.721382,159.4296,23,7.723484,6.487095,369.1042,23,4
3.023329,2.392035,118.7714,23,7.70289,6.459069,370.2331,23,4
2.801444,2.179112,105.2043,21,8.782578,7.106353,405.4046,23,4
3.032674,2.363415,109.6582,20,9.622163,7.718696,476.3582,23,4
3.087077,2.457154,109.9913,17,9.42551,7.398338,451.1699,22,4
3.1016,2.487236,125.2369,17,9.57118,7.627705,463.2254,22,4
3.20895,2.588388,133.5058,18,9.733562,7.922524,468.3633,22,4
3.220191,2.636535,134.1398,20,9.444836,7.667872,458.9205,22,4
2.996382,2.520363,116.2098,21,8.747725,7.156078,379.2474,22,4
2.981169,2.479468,111.5462,22,8.690424,7.11461,419.3731,23,4
2.423667,2.022135,83.87928,22,8.490656,6.793002,399.5635,24,4
2.106381,1.726441,74.96328,22,8.995573,7.265458,421.9059,24,4
2.262935,1.842547,81.21901,25,7.705709,6.261212,367.2051,23,4
2.213094,1.764863,82.14243,23,7.212939,5.887211,361.119,22,4
2.315052,1.882874,84.38087,24,6.878042,5.580329,301.2412,22,4
2.529073,2.102767,104.312,24,6.620789,5.377362,309.6305,22,4
2.719929,2.31701,129.0931,23,5.839047,4.833683,284.8502,21,4
2.689743,2.220332,128.167,23,6.880268,5.429826,314.9949,21,4
2.768253,2.299766,133.4748,23,6.614335,5.161037,320.8972,23,4
2.440668,1.872452,118.9367,24,6.788685,5.297603,347.5327,23,4
2.187727,1.586892,91.29142,22,7.92027,6.112246,376.4326,23,4
2.304362,1.673314,77.63407,20,8.221359,6.330963,374.1335,24,4
2.089639,1.516187,73.26907,21,7.93296,6.12239,360.1345,23,4
2.223697,1.58685,84.45799,22,7.558039,5.671253,311.1157,24,4
2.336011,1.752405,98.79233,23,7.278545,5.336165,296.5772,24,4
2.697162,2.111537,120.9137,24,6.686333,5.09227,296.7874,24,4
2.664901,2.065676,125.5674,25,6.956066,5.289493,327.1878,23,4
2.646254,2.053873,119.0465,24,6.435972,4.944317,330.9552,24,4
2.41905,1.896766,98.20107,24,6.851628,5.41135,360.5009,22,4
2.438428,1.887367,88.87904,23,7.787389,6.242399,414.2089,23,4
2.200533,1.732207,82.20642,23,8.600454,6.935853,477.719,23,4
1.954208,1.602492,71.12507,22,8.239435,6.633525,450.3087,23,4
2.270898,1.877275,85.12611,23,9.12432,7.424052,465.3943,22,4
2.297325,1.870794,89.16219,24,9.13032,7.358899,480.0134,23,4
2.331868,1.900909,91.95018,25,8.855181,7.090736,445.2186,22,4
2.477322,2.063539,89.1925,26,7.771452,6.064853,343.0247,22,4
2.719587,2.220744,112.215,27,7.892069,6.206997,374.0686,21,4
2.450675,1.928041,103.5494,27,6.750923,5.317834,338.9739,22,4
2.271495,1.720866,92.4998,28,6.578756,5.255576,344.5913,21,4
2.323661,1.725933,97.76113,27,5.923275,4.722137,316.1762,21,4
2.296905,1.707632,95.53071,28,5.771481,4.544815,312.5217,21,4
1.967399,1.506174,82.26008,28,5.521325,4.253149,268.3607,20,4
2.090013,1.676491,79.40343,27,5.031669,3.991787,258.1331,22,4
2.114668,1.723035,85.37317,26,4.727777,3.644654,223.7698,21,4
2.041296,1.716575,84.45195,25,5.061894,3.934417,251.3156,23,4
1.982742,1.543022,85.40017,24,6.779347,4.93011,325.3788,22,4
1.974898,1.494611,76.06892,24,6.401757,4.627121,307.4418,23,4
1.9881,1.500535,85.74805,24,6.227503,4.264078,265.8471,24,4
2.170083,1.667756,98.31974,25,6.266381,4.35777,266.3539,23,4
2.580806,2.013989,117.6719,25,6.317598,4.382963,261.6874,23,4
2.989606,2.414552,132.08,23,3.892528,2.931698,158.2978,23,4
3.343194,2.760399,148.5336,23,3.532497,2.628141,140.4342,23,4
3.588968,2.996041,150.589,22,3.533689,2.631276,145.3496,20,4
3.851773,3.229097,170.4558,22,3.526614,2.568003,144.5997,20,4
4.048122,3.37059,160.8477,20,3.096311,2.346625,132.5847,20,4
4.239229,3.428871,170.5601,22,3.477957,2.707492,165.654,20,4
2.38433,1.853811,101.2963,25,4.536671,3.345715,173.7558,21,4
2.546114,1.972013,111.3098,24,4.896345,3.737594,184.6395,23,4
2.679235,2.220134,129.9487,23,5.067869,3.95995,208.5839,25,4
2.911628,2.420366,144.4175,23,5.27428,4.133605,212.9651,26,4
2.889855,2.339306,144.7836,24,5.118539,4.100922,205.2437,25,4
2.774318,2.2302,136.2699,25,4.570161,3.705731,197.0426,24,4
2.5483,1.979647,128.7973,25,4.99277,4.096712,237.1342,23,4
2.782109,2.158587,124.9332,24,4.855944,3.993909,220.3288,22,4
2.482969,1.945448,112.5123,25,4.494434,3.766664,203.8082,21,4
2.419024,1.922429,111.2878,25,4.357548,3.590972,210.1145,22,4
2.212641,1.679364,88.15492,27,4.946125,4.075296,212.2973,20,4
2.289684,1.767478,97.91185,26,4.380307,3.663072,173.25,18,4
2.207424,1.776245,109.221,26,4.687331,3.864115,201.0508,18,4
2.466926,1.955096,119.7284,26,5.468841,4.326992,250.3737,19,4
2.681805,2.13131,133.6427,24,6.196444,4.980201,287.1509,19,4
2.727089,2.256062,149.0226,23,6.14086,4.932979,315.4619,22,4
2.873344,2.410798,147.4431,22,6.551185,5.225487,350.4521,23,4
2.722255,2.236067,135.6938,23,7.193581,5.747259,372.8541,24,4
2.680166,2.202029,133.2593,24,6.636748,5.252148,340.8336,22,4
2.398303,1.971524,112.2296,23,7.493972,5.839643,342.1292,21,4
2.532493,2.07094,114.2672,22,7.482016,5.834072,338.4428,21,4
2.55652,2.093954,125.6079,23,7.111213,5.442195,313.9429,22,4
2.942159,2.428904,134.382,22,6.517776,5.052406,284.0695,21,4
3.120741,2.481756,138.587,22,7.016181,5.581427,319.345,21,4
3.46566,2.757126,155.3742,22,5.451944,4.479932,275.5454,25,4
3.535288,2.831082,159.1749,24,5.190496,4.253102,265.8641,25,4
3.791533,3.044498,169.4602,23,5.516739,4.648594,292.3968,26,4
3.664883,2.930145,162.7757,24,5.339712,4.383087,274.9959,28,4
3.60464,2.959537,157.0853,26,4.977087,4.136512,273.334,27,4
3.294179,2.708806,149.4561,24,5.121585,4.269844,273.4912,26,4
3.172949,2.637485,130.1926,25,5.407198,4.491153,278.6652,24,4
2.670567,2.227414,96.70415,26,5.046705,4.02176,241.3172,22,4
2.514812,2.089389,100.5278,25,4.819406,3.888046,216.7233,20,4
2.321949,1.964047,98.73714,24,4.264635,3.378667,175.7123,21,4
2.329177,1.961688,96.70754,25,5.95159,4.313696,233.9612,22,4
2.32526,1.935583,98.34558,23,6.219927,4.565586,263.1477,23,4
2.488255,2.10799,112.709,22,8.990332,6.538484,406.1915,23,4
2.626724,2.228217,115.7236,22,9.278087,7.035329,422.7408,23,4
2.505344,2.101482,103.3855,22,9.572388,7.563028,479.2935,22,4
2.665349,2.267118,106.5916,23,9.175645,7.249334,478.4285,21,4
2.589848,2.190645,105.1455,22,11.10278,8.773834,554.5247,21,4
2.502721,2.089007,96.81787,18,9.830541,7.739532,480.7122,23,4
2.529083,2.084465,84.26542,21,11.29832,8.995227,615.2809,25,4
2.66532,2.188872,95.54721,21,11.79529,9.509687,623.4688,26,4
2.963397,2.373881,110.1334,21,12.31083,10.04474,655.2946,27,4
3.673425,2.881802,142.98,23,12.27255,9.973148,655.2444,26,4
4.368987,3.492631,165.1592,25,12.14945,10.01018,638.4357,25,4
4.933897,3.968003,190.6102,20,11.69998,9.592649,588.4627,24,4
4.98928,4.014783,198.5539,20,12.79552,10.53897,653.7158,24,4
5.071533,4.104349,191.9892,19,12.83733,10.38635,633.1209,23,4
4.800017,3.880839,188.6929,18,11.91118,9.654977,563.4092,23,4
4.37675,3.50102,174.4788,19,12.25182,9.940669,625.7996,24,4
4.011402,3.233203,174.336,21,12.50044,10.07609,617.5181,25,4
3.864696,3.135688,162.2757,20,11.59559,9.333846,563.9073,24,4
3.80203,3.021136,167.2276,22,12.28671,10.19904,595.5905,24,4
3.871386,3.068399,165.5012,23,12.699,10.5986,645.6798,23,4
4.322654,3.406913,206.0911,23,12.31459,10.18924,557.4899,23,4
4.336496,3.426237,217.3639,25,12.28668,10.17528,523.0845,21,4
4.954036,3.97277,247.6571,24,12.56178,10.2373,524.1424,22,4
4.890159,3.95015,245.3265,24,13.20416,10.28563,579.1454,22,4
5.64432,4.455826,276.8181,24,12.23416,9.190586,522.0745,25,4
5.556084,4.361331,264.1113,25,13.01923,10.03011,615.4385,24,4
5.752309,4.505816,287.2047,25,14.58897,11.11186,721.846,25,4
5.548999,4.356969,284.3908,25,14.86264,11.66906,754.1616,25,4
5.594162,4.430943,274.2536,24,13.11757,10.22456,622.2747,24,4
4.892057,3.998885,252.6967,23,13.70988,10.90733,640.1169,23,4
4.567817,3.673903,223.7871,22,13.5291,10.71881,623.2817,23,4
3.938658,3.165615,176.5162,23,10.63448,8.548397,492.7673,23,4
3.601042,2.887882,160.1667,23,11.3036,8.971287,535.6934,22,4
3.518984,2.849781,170.7879,24,13.07327,10.20567,613.1976,24,4
3.854504,3.051983,184.6169,23,13.27149,10.44387,664.0142,24,4
4.156449,3.260545,217.168,24,12.84028,9.944538,679.3307,26,4
4.384632,3.571964,218.1779,25,13.62229,10.8684,717.1046,26,4
4.648977,3.772828,231.1216,24,12.30209,9.763818,669.097,25,4
4.976446,3.996108,252.8377,24,10.88378,8.804863,597.954,24,4
4.456878,3.511844,221.5666,24,10.52853,8.188663,554.6454,23,4
4.356441,3.495777,205.0044,24,11.66268,8.664365,540.4478,24,4
4.30539,3.414237,209.6732,24,11.3979,8.434324,549.6127,24,4
4.382959,3.519884,220.9642,24,11.82346,8.913746,538.9059,26,4
3.939729,3.210834,189.602,23,11.68418,8.979328,573.049,25,4
3.892976,3.067393,181.1061,25,11.12171,8.700119,505.2879,23,4
3.52758,2.739001,159.8575,23,9.771283,8.055492,461.2259,23,4
3.415512,2.589501,140.3745,24,9.047727,7.347212,405.0932,21,4
2.76407,2.080641,112.9521,24,9.285675,7.28322,426.079,21,4
2.593172,1.949042,111.5644,25,8.899065,7.06496,356.9799,20,4
2.823116,2.199362,127.6805,24,9.631186,7.815602,427.7248,23,4
3.221141,2.536325,142.545,24,9.438586,7.670473,412.4709,23,4
3.057621,2.368225,133.6564,23,11.6656,9.400646,505.4239,22,4
3.584228,2.825145,157.9417,21,10.50788,8.411686,454.5901,23,4
3.577056,2.833081,168.4816,21,10.96676,8.759574,534.7252,24,4
3.499109,2.78556,151.225,22,10.51217,8.280715,476.0034,24,4
3.153034,2.506159,134.1498,21,10.35893,8.071475,486.2557,24,4
3.308662,2.724656,137.9075,20,8.637186,7.130425,470.7887,24,4
3.072928,2.624678,131.7635,21,8.695291,6.924233,435.8475,23,4
3.232382,2.740716,136.4548,22,7.638681,5.981417,373.8718,24,4
3.353523,2.815965,152.9658,22,7.353133,5.688962,390.718,24,4
3.533283,2.96033,176.2731,24,7.066926,5.343754,353.0376,24,4
3.391438,2.785282,185.3138,26,6.161272,4.895303,267.4305,22,4
3.187478,2.538079,172.4668,25,6.062856,4.977236,294.0957,23,4
3.174598,2.556518,164.1351,24,8.256969,6.26482,353.7104,23,4
2.973274,2.426575,142.2051,23,8.910044,6.802341,393.3936,23,4
2.904098,2.381675,134.6408,22,9.089144,7.065282,429.2314,23,4
3.303009,2.755801,159.285,22,8.88206,6.645429,428.5746,25,4
3.201066,2.699262,150.5035,22,9.909383,7.687706,458.788,24,4
3.072842,2.574002,142.3735,21,8.487538,6.808657,414.5779,22,4
3.19638,2.666749,159.7976,21,9.992677,7.248854,423.7706,22,4
2.996576,2.488421,145.7567,21,10.02312,7.413573,408.5066,20,4
2.844715,2.361963,140.3962,21,10.2634,7.768409,439.2708,21,4
2.810219,2.276034,135.7445,21,9.179441,6.567624,393.3668,22,4
2.729063,2.206828,133.017,21,10.07808,7.195811,458.432,24,4
2.560044,2.025411,113.685,21,8.277793,6.515895,423.9041,23,4
2.444233,1.859053,101.3809,23,8.298128,6.481852,412.647,23,4
2.326393,1.771049,80.21058,22,8.08171,6.326592,380.9352,22,4
2.278402,1.790173,85.43747,21,8.869199,7.178324,421.5013,21,4
2.294615,1.809375,84.84827,21,8.775052,7.15002,379.5511,21,4
2.464407,1.958265,107.7226,21,8.210539,6.623887,368.3586,21,4
2.677989,2.203937,119.9365,20,8.318147,6.609962,390.1703,22,4
2.50422,2.040272,119.1596,21,8.256823,6.451034,380.1909,21,4
2.687701,2.202192,131.558,21,7.460122,5.73883,347.9192,20,4
2.722375,2.111233,125.2802,24,5.700275,4.461025,279.6212,22,4
2.541936,1.942877,111.2458,22,5.415043,4.191153,236.6244,21,4
2.577817,1.98817,109.5149,25,5.475743,4.315668,263.8892,22,4
2.839314,2.274414,123.2091,25,6.294778,4.907804,336.4385,23,4
2.975,2.372421,125.7072,25,6.450706,5.065811,343.0846,24,4
2.965132,2.449503,143.039,24,6.830612,5.581561,381.2297,24,4
3.403464,2.825809,159.6284,24,7.113949,5.850462,421.8967,25,4
3.248631,2.583497,156.9039,25,7.223329,5.979399,388.8098,26,4
3.025663,2.327316,149.6222,25,6.733689,5.625765,346.8696,24,4
3.046545,2.354405,151.3339,26,6.220781,5.014482,300.1246,23,4
3.070228,2.40948,146.7664,24,5.78881,4.560659,256.1291,22,4
2.499962,1.986293,126.3131,24,5.376777,4.275868,216.7145,20,4
2.48283,2.017923,114.3895,24,4.939359,3.887144,227.5784,21,4
2.713395,2.21289,112.5789,22,5.044767,3.883689,238.9202,21,4
2.57232,2.118853,115.1018,22,5.044165,3.870619,234.143,21,4
2.573047,2.083012,113.3797,23,5.37701,4.119165,259.0258,22,4
2.554429,2.069647,106.505,24,5.451514,4.171399,269.8912,23,4
2.814655,2.33144,121.1152,25,5.384613,4.185689,256.0322,23,4
2.533277,2.095959,116.8532,24,5.503282,4.318288,259.5226,22,4
2.387062,1.952757,104.7156,24,5.806049,4.70874,276.8159,21,4
2.537845,2.068433,104.0723,23,5.464168,4.343393,249.5511,22,4
2.817438,2.260044,115.0701,21,6.295499,4.993448,292.4317,22,4
2.822784,2.216873,116.8884,21,7.15394,5.710954,353.36,23,4
2.918253,2.349355,112.4191,22,8.063454,6.107557,389.3248,23,4
2.926415,2.375252,114.3094,21,8.223589,6.324183,402.3926,24,4
2.793456,2.285873,115.0605,21,8.374441,6.625834,413.8535,23,4
2.584648,2.137194,108.4627,21,7.640381,5.813761,341.3797,22,4
2.430672,1.980883,97.22711,20,6.478712,4.605212,232.1995,21,4
2.256998,1.771287,93.58576,19,4.313945,3.479955,162.8557,22,4
2.129488,1.679687,78.21915,19,3.596824,2.922392,146.3316,24,4
3.310745,2.590775,126.905,23,3.962207,3.157146,146.3616,20,4
3.293171,2.493234,132.1733,23,3.854482,3.003157,152.2591,20,4
3.254381,2.401164,116.8378,23,4.395405,3.497153,181.1419,20,4
2.547425,1.941383,99.26286,23,4.522845,3.641178,209.817,21,4
2.534982,1.968207,91.54913,21,4.828641,3.897741,244.5132,23,4
2.817171,2.185525,118.7635,20,4.626731,3.809708,224.6265,23,4
2.877008,2.318377,119.5485,20,4.794897,3.945415,233.295,25,4
2.944021,2.484175,124.6544,20,4.77923,3.976836,229.6207,26,4
2.985962,2.545266,120.851,21,4.84357,4.112223,215.0817,25,4
3.072015,2.588485,133.521,23,5.115022,4.174502,198.0262,26,4
2.924273,2.467664,128.0356,22,5.118281,4.098083,229.239,26,4
2.976421,2.509021,142.1674,21,5.118092,4.141607,234.4521,25,4
3.058607,2.512182,156.0748,21,4.773937,3.69327,224.7368,24,4
3.167536,2.639517,166.7847,21,5.494347,4.230576,267.398,23,4
3.035793,2.526989,152.3514,22,5.189869,4.165689,287.2632,23,4
2.758891,2.330552,145.012,23,5.583968,4.520851,305.8971,23,4
2.568997,2.093963,129.4023,22,5.970373,4.890396,331.5623,23,4
2.351068,1.921585,113.9454,23,6.09682,5.09709,344.6993,25,4
2.24241,1.807266,118.8923,23,5.448702,4.400143,303.1668,26,4
2.053823,1.685694,97.01134,23,5.1615,4.141048,280.0892,25,4
1.990672,1.615479,75.79221,23,5.521883,4.351092,275.1561,24,4
2.09915,1.744326,77.61713,22,5.698658,4.551171,292.9075,24,4
2.393304,1.986878,88.33903,20,5.524203,4.295012,278.6396,24,4
2.272272,1.862138,81.09312,22,5.652347,4.544315,305.5119,25,4
2.35201,1.902935,86.95602,20,7.580857,5.758742,344.4263,25,4
2.386393,1.928671,104.7583,20,6.967859,5.133393,311.5169,26,4
2.291104,1.84893,101.5981,22,6.451952,4.530736,279.6931,27,4
2.424064,1.779775,93.49299,22,10.19775,6.632641,429.2774,26,4
3.217808,2.369882,117.1512,21,11.77883,8.200975,511.9236,26,4
3.76318,2.750519,143.2597,22,12.45588,8.648923,563.6562,27,4
3.830316,2.846217,153.7336,23,13.03066,9.400932,621.9921,25,4
3.875085,2.878753,166.1201,24,15.3219,11.99727,777.2656,25,4
3.718026,2.831732,170.7269,25,14.58973,11.97724,739.9369,23,4
3.365936,2.536926,166.4733,26,13.64192,10.79069,668.2181,22,4
3.574721,2.741524,177.052,25,12.09981,9.25578,591.4406,23,4
3.691771,2.834575,166.1136,24,12.07345,9.256413,565.1017,22,4
3.726963,2.895527,163.1093,22,9.436379,7.149333,447.553,23,4
4.048031,3.257939,186.3826,21,8.488331,6.472461,411.6253,25,4
4.133243,3.407638,187.9186,20,9.60669,7.506427,412.882,24,4
3.600036,2.998958,175.4556,21,12.46136,9.520761,569.3316,24,4
3.859622,3.179473,193.7359,22,14.74314,11.29693,708.1779,25,4
3.8988,3.244018,185.2272,20,15.22321,12.13851,722.0533,24,4
3.904483,3.278918,166.0601,19,18.96545,14.32352,920.1127,24,4
3.942009,3.248426,172.688,19,19.34406,14.6977,1029.801,24,4
4.545118,3.712432,187.5214,19,18.62019,14.21198,971.0206,25,4
4.98218,4.082314,207.5788,19,17.75075,13.60461,954.998,24,4
5.472473,4.504812,246.2076,20,18.34886,14.24546,1028.467,26,4
5.249862,4.161108,247.6905,22,14.60484,12.19585,889.2437,26,4
5.227701,4.147527,245.8226,23,13.6247,11.19541,832.4393,25,4
5.052787,4.007181,253.9845,23,13.13589,10.92677,783.2648,24,4
4.691482,3.760004,251.0463,25,13.996,11.59272,818.1838,24,4
4.792531,3.86606,260.4628,25,14.08438,11.07984,757.4385,25,4
5.173236,4.262899,282.6778,25,13.77151,10.71476,712.3889,25,4
5.112504,4.200733,273.7774,23,14.06981,11.0886,720.275,26,4
5.238908,4.349543,274.9624,23,13.6595,10.64102,699.7018,24,4
4.952114,4.021819,247.7945,22,11.87025,9.336129,608.2188,24,4
4.416383,3.535715,220.0862,21,10.25344,8.69142,556.8182,22,4
4.48365,3.652193,215.9303,22,9.675954,8.227949,519.2446,20,4
4.434552,3.618626,211.9453,22,8.433529,7.06557,433.0018,21,4
4.063035,3.297711,190.9241,22,9.927903,8.029713,494.0268,22,4
4.159864,3.362009,193.1271,22,9.856066,7.728524,456.6639,22,4
3.972538,3.230631,175.9896,22,9.962701,7.723487,463.0246,22,4
3.682811,2.93533,160.4772,20,10.57409,8.383142,502.078,23,4
4.290974,3.352825,199.9389,20,11.2966,9.259837,507.8292,23,4
4.350991,3.498115,211.4794,23,11.29315,8.912407,494.1049,23,4
4.579959,3.726824,221.7976,23,11.3845,9.216622,526.5269,23,4
4.686093,3.852026,222.1301,23,11.83653,9.417953,524.15,23,4
4.662541,3.863576,228.1804,23,11.44813,8.834572,504.1837,25,4
4.218308,3.559754,197.5313,20,10.9371,8.367345,535.2602,24,4
4.069086,3.343463,174.1164,19,9.151258,7.136843,425.9468,25,4
3.572531,2.858187,152.9226,19,7.868608,5.899998,363.5173,25,4
3.260611,2.496297,141.6343,18,6.992056,5.631466,333.9646,26,4
3.088136,2.436521,131.4824,19,8.799844,6.738935,402.3907,24,4
3.123344,2.384688,132.6519,20,9.42526,7.129718,447.5223,24,4
2.75908,2.072781,114.2817,20,9.775046,7.473756,459.7631,25,4
2.779492,2.142837,114.2254,18,10.35284,8.252748,532.1343,24,4
3.226327,2.520141,121.9459,19,10.68299,8.541378,602.8644,25,4
3.052089,2.310768,114.6894,20,9.02855,7.268526,515.9031,26,4
3.109962,2.486405,110.0788,20,8.526531,7.016686,469.0037,26,4
3.465546,2.828116,135.9547,20,8.4461,7.067136,488.8099,25,4
3.845805,3.203256,173.1586,23,8.083275,6.545598,445.1809,25,4
3.720763,3.135034,172.9916,23,7.284347,5.982741,368.6698,24,4
3.89868,3.333588,187.4233,24,7.615533,6.320028,364.1533,22,4
3.567443,2.968929,172.3801,24,7.597977,6.282782,359.3022,22,4
3.234417,2.653675,156.4036,24,7.959148,6.494987,399.5829,22,4
2.767753,2.219727,116.3461,23,9.293462,7.763231,436.6847,23,4
2.493113,1.966738,109.7486,23,8.935171,7.14692,414.6574,24,4
2.109382,1.645751,86.94572,23,8.257371,6.352308,383.0637,24,4
2.014889,1.566705,88.23907,22,8.382747,6.480631,391.9663,24,4
2.607894,1.993034,94.51266,21,7.654314,5.792659,327.1712,24,4
2.721363,2.137324,109.9946,21,5.765707,4.617918,273.1934,23,4
2.843184,2.300356,111.5819,20,5.950814,4.837242,293.7744,24,4
3.002264,2.488614,122.0119,20,6.246848,5.016474,300.5741,25,4
3.040636,2.519842,120.671,20,5.278978,4.225791,274.8804,27,4
2.564188,2.118555,106.7127,22,5.875246,4.750317,309.2104,28,4
2.619552,2.133721,104.441,22,5.987596,4.840757,335.9018,26,4
2.589457,2.078108,106.1042,23,5.935431,4.819326,312.1044,25,4
2.412024,1.945292,93.70359,22,5.456283,4.321636,289.3591,24,4
2.518655,1.987125,98.56803,23,8.1639,5.693424,363.2651,23,4
2.44493,1.869832,96.58753,22,7.689025,5.164231,318.5273,23,4
2.232044,1.772395,85.06603,19,7.678961,5.112122,313.7555,24,4
2.543462,2.034362,93.50279,19,7.772789,5.219811,328.9357,24,4
2.645935,2.123897,104.2659,20,7.936463,5.44681,338.0034,23,4
2.431938,1.946892,95.21296,20,5.29217,4.193855,256.7761,22,4
2.582649,2.157964,106.2777,20,4.944315,3.837177,220.1832,21,4
3.235316,2.236598,104.1978,24,3.483715,2.697077,127.4994,21,4
4.272501,3.035345,161.7319,24,3.621082,2.942685,133.6293,20,4
4.296798,3.082554,164.3811,23,3.394103,2.739321,119.0133,22,4
4.32775,3.14803,167.3293,23,3.062247,2.433552,112.9792,23,4
4.649422,3.438193,193.5306,22,3.813587,2.873481,138.5007,23,4
5.456589,4.063454,203.1654,22,4.364545,3.389651,172.3383,24,4
4.866754,3.554437,167.2153,21,4.584489,3.524116,201.83,24,4
4.802567,3.421783,164.1781,22,5.04046,3.881303,244.0284,23,4
5.84256,4.372592,215.4018,23,5.453028,4.357239,274.2342,23,4
5.73571,4.30674,214.4127,21,5.822566,4.625714,294.0841,23,4
4.413127,3.287097,179.748,21,5.712042,4.510005,295.8857,25,4
4.781627,3.687716,182.1945,20,5.857209,4.762219,294.8241,25,4
5.139203,4.107522,206.1412,19,6.04091,4.923511,297.4631,24,4
4.173092,3.408927,174.3938,20,5.819448,4.690348,282.9329,24,4
4.015266,3.257874,167.2648,22,5.12394,4.240483,242.4913,24,4
4.064804,3.321406,175.8541,23,5.635341,4.711383,269.5514,23,4
3.994302,3.245776,197.8358,24,5.674839,4.648059,284.3027,24,4
3.628195,2.933168,189.4345,26,5.42218,4.505003,281.6113,25,4
3.410681,2.752749,161.4812,24,5.716001,4.668834,287.0638,25,4
3.371458,2.680837,164.786,23,6.076713,4.967294,317.952,23,4
3.491975,2.684864,157.4328,22,5.798936,4.691302,295.9226,24,4
2.766916,2.065563,109.4213,20,5.54008,4.503206,275.2869,24,4
3.057341,2.257402,127.2345,20,5.386496,4.357852,250.1515,24,4
3.040697,2.279747,136.4262,22,5.008287,4.093817,225.9609,21,4
3.014361,2.269016,120.0737,21,4.580554,3.783556,199.0455,24,4
2.757617,2.163483,116.3275,20,4.873445,4.055634,209.2474,24,4
2.908181,2.345308,131.8061,22,4.825968,3.967378,212.3727,25,4
2.343945,1.942703,103.1947,23,5.184058,4.249584,246.6415,24,4
2.154271,1.77368,88.65649,22,5.039338,4.082455,249.3122,24,4
2.065893,1.672346,96.13223,23,4.878847,3.899071,255.6254,25,4
1.868706,1.545836,91.77055,23,4.070642,3.203967,212.5074,24,4
1.983815,1.627938,106.3634,24,4.028052,3.138275,187.0617,22,4
2.162012,1.77065,110.8458,23,3.238096,2.715341,131.4456,20,4
2.346619,1.964771,122.8481,25,3.427882,2.814717,139.7187,21,4
2.371374,1.968806,120.5487,26,5.24924,3.837793,184.519,21,4
2.500491,1.992651,115.7538,27,6.518864,4.829779,241.5361,20,4
2.729081,2.107792,111.9693,26,6.850195,5.350581,255.1387,22,4
2.918848,2.306818,109.7278,26,6.917178,5.398236,273.1109,22,4
2.796435,2.165206,100.8147,24,6.876296,5.389158,275.0936,23,4
2.862556,2.250631,110.4338,23,6.0208,4.841094,234.6637,23,4
2.961589,2.436579,120.0509,23,5.153977,4.39514,205.7598,23,4
2.757415,2.308771,113.8569,24,5.528872,4.598756,258.6458,22,4
2.584886,2.13699,120.6805,24,5.890202,4.899676,277.5446,22,4
2.642261,2.172696,138.3221,26,6.213109,5.185207,278.6074,21,4
2.842873,2.366333,136.2763,25,6.400545,5.403947,277.7318,20,4
2.755081,2.256466,128.3867,23,7.015784,5.760633,306.2673,21,4
2.850268,2.354342,137.5331,22,9.897716,7.554942,383.7508,21,4
2.776546,2.272683,135.6152,22,10.84341,8.392391,443.3292,21,4
2.818796,2.352611,121.9447,22,11.11993,8.911703,473.0906,18,4
3.184456,2.559234,137.2202,21,11.58573,9.304642,504.2082,18,4
4.344036,3.403557,198.1096,23,11.95128,9.864261,520.4194,17,4
5.046466,3.890548,242.9522,23,9.316177,7.48435,399.1987,17,4
5.423336,4.375525,260.0409,21,10.9634,8.172272,444.2018,17,4
5.93558,4.884347,290.9457,23,13.83806,10.00004,619.6348,21,4
6.015946,4.946895,300.106,23,13.79027,9.90465,620.4139,22,4
5.750911,4.74451,273.1834,23,13.92881,9.994386,612.7755,23,4
4.990681,3.982863,212.8402,25,14.3201,10.74546,638.3271,22,4
4.703001,3.676585,203.9724,25,13.87524,10.87397,620.6494,23,4
3.964833,3.013503,171.8565,26,10.87958,8.814429,465.6619,23,4
3.63302,2.780846,160.6032,27,10.8638,8.744006,474.6382,23,4
2.717253,2.126935,125.3384,27,10.8904,8.660049,488.3028,23,4
3.411575,2.657089,147.9312,26,11.11284,8.895947,515.171,23,4
3.413554,2.70087,141.6686,24,8.951232,6.900583,427.6336,23,4
3.669559,2.98003,141.993,23,8.677719,6.510848,401.0167,23,4
3.469256,2.838526,115.7746,22,9.665592,7.456103,460.1804,24,4
3.535063,2.912358,116.472,19,8.310648,6.262712,416.2361,23,4
3.0723,2.548451,91.89408,18,7.469353,5.539625,367.5612,26,4
3.222118,2.653657,108.3916,19,7.641101,5.887295,359.0681,24,4
3.078319,2.519993,110.4529,19,8.240534,6.539345,393.4481,24,4
3.255615,2.686526,137.8903,19,6.661168,5.519382,321.466,24,4
3.397695,2.809628,167.768,21,8.581961,6.816086,409.8557,25,4
3.38952,2.818282,181.6104,20,9.351523,7.418246,411.0051,24,4
3.408656,2.778856,166.7737,22,10.13057,8.076159,472.0021,24,4
3.547243,2.918674,169.3231,24,11.53764,8.946255,508.1248,24,4
3.409941,2.779803,164.355,25,11.65033,9.054279,530.6191,22,4
3.721632,2.975753,143.5196,22,13.23752,10.37738,629.7738,23,4
3.855026,3.082007,140.7288,21,13.3023,10.6566,658.765,24,4
3.6822,2.933347,145.5698,20,12.91496,10.24769,656.4385,23,4
3.77404,2.987074,149.7998,19,11.47647,9.021311,565.3028,22,4
4.202227,3.317371,168.1466,19,12.21275,9.745165,617.8145,23,4
4.033504,3.255795,184.3767,22,10.59079,8.575039,547.9108,24,4
4.046685,3.334021,189.7227,22,10.38256,8.204522,586.9502,23,4
4.090647,3.395036,192.1961,22,10.61851,8.495254,618.686,25,4
3.960099,3.330145,187.4846,21,10.63487,8.617482,638.8826,25,4
3.525724,2.976111,160.8075,20,9.434668,7.552863,508.1895,24,4
3.375996,2.777364,144.48,19,7.940727,6.495698,398.6406,23,4
3.240363,2.638888,139.4458,20,8.699444,6.743396,407.3276,21,4
3.25827,2.646992,136.4659,20,8.460185,6.507536,353.341,22,4
3.060959,2.387342,122.6849,22,8.211246,6.130185,352.0053,23,4
3.157714,2.52983,126.2477,22,8.099317,5.969028,379.862,24,4
3.130672,2.575377,131.0421,21,7.987529,5.858523,350.0966,23,4
2.9361,2.431107,127.0405,22,6.19434,4.966113,286.1018,24,4
2.615772,2.153468,110.3687,20,5.55873,4.497119,286.2471,23,4
2.603897,2.172834,119.9566,20,5.122388,4.092853,239.4647,22,4
2.434022,2.027699,120.3523,22,5.491585,4.453276,250.1778,21,4
2.436365,1.956337,111.4193,23,4.903269,3.906325,243.5017,21,4
2.640013,2.096415,121.9376,24,4.835903,3.777807,219.5644,20,4
2.808377,2.241505,132.1988,25,5.266539,4.087389,248.0289,20,4
2.864963,2.290012,136.2624,24,6.479429,5.203207,335.0897,23,4
3.005783,2.38694,121.565,23,6.063602,4.772504,318.6787,22,4
2.829813,2.252609,122.8089,23,7.46737,5.897729,404.4672,22,4
3.09644,2.426076,130.2257,24,7.812788,6.293464,434.1588,24,4
3.017515,2.356376,129.2651,24,7.26932,5.643686,388.561,24,4
3.218573,2.591882,124.4775,25,6.216549,4.548838,312.1347,24,4
3.087825,2.493589,133.5226,23,6.269514,4.598958,319.5883,25,4
3.316798,2.722676,140.5706,23,4.978852,3.889938,246.93,24,4
3.216238,2.624131,141.6834,22,4.238604,3.397291,208.9967,22,4
3.247419,2.667333,138.2088,22,5.359416,4.151187,236.7673,22,4
3.123278,2.546566,138.2363,21,5.639052,4.468909,268.2643,22,4
2.999333,2.38518,133.1235,22,5.175244,3.839374,222.9281,22,4
2.693782,2.088558,113.5175,22,5.085873,3.888148,218.6519,21,4
2.201675,1.714313,91.81397,24,5.247102,4.074594,221.9497,22,4
1.95983,1.497907,83.58672,24,4.503802,3.410248,177.7129,20,4
2.195394,1.558226,86.56821,25,4.814967,3.786411,170.8933,20,4
2.467256,1.765785,97.23042,25,5.511206,4.554495,225.0686,18,4
2.375549,1.729312,96.15484,25,5.624809,4.482253,226.0195,19,4
2.492318,1.892803,95.12014,24,5.456093,4.232129,227.4094,20,4
2.630068,2.093348,88.94131,21,4.993773,4.004013,212.8316,22,4
2.283337,1.910713,78.09177,22,4.666489,3.699885,189.89,19,4
2.035029,1.732394,61.85757,21,4.033776,3.248421,148.9659,20,4
2.082321,1.760664,69.53593,20,3.57164,2.959349,144.8617,20,4
2.007222,1.677398,67.99579,20,3.82855,3.16718,157.3681,19,4
1.997433,1.653639,79.94431,23,3.859135,3.216782,156.7144,21,4
2.05642,1.676443,93.40723,23,3.863616,3.154447,187.773,23,4
2.156766,1.815095,102.9297,24,3.955845,3.20703,206.264,24,4
2.166002,1.782638,102.0248,26,3.932358,3.286902,209.6199,23,4
2.04329,1.648148,92.85576,26,3.935292,3.2974,203.2695,24,4
2.016956,1.589354,92.13152,25,4.200536,3.498576,231.6354,22,4
2.066652,1.644906,81.19735,24,4.43086,3.639127,221.0076,21,4
1.842367,1.415811,68.12422,24,4.24666,3.437829,185.8345,20,4
2.149536,1.659982,76.57424,21,4.160545,3.323165,192.7661,20,4
2.3422,1.822186,85.91623,22,4.128904,3.345409,188.6854,21,4
2.555961,1.987388,93.40349,22,3.909428,3.208061,147.5186,20,4
2.424728,1.842321,97.01327,23,3.412133,2.919359,130.9252,20,4
2.888708,2.183808,111.8196,23,3.39217,2.909467,141.081,20,4
2.613391,1.905357,99.3249,24,3.153635,2.58218,118.2379,21,4
2.713643,2.025351,105.9337,24,3.074121,2.47477,116.4702,20,4
2.559779,1.884727,94.89877,24,3.459124,2.654086,156.7739,23,4
2.699764,1.997079,102.2663,24,3.303196,2.472834,154.6431,24,4
2.193776,1.671522,96.5194,24,3.208063,2.375379,139.8655,23,4
2.315924,1.809186,105.023,24,3.749872,2.930368,178.5813,21,4
2.416155,1.944493,111.441,23,3.61283,2.855911,181.4009,23,4
2.41089,1.987163,118.3392,21,2.984084,2.342319,146.3153,24,4
2.362708,1.970318,113.7392,22,3.411982,2.655114,162.8069,23,4
2.395799,2.003223,111.4946,20,3.775067,2.999642,177.9262,24,4
2.506331,2.089434,99.1468,22,3.653039,2.89499,154.027,24,4
2.21541,1.765866,85.01174,24,3.628609,2.829546,144.0507,24,4
2.219218,1.766588,85.4385,24,4.044525,3.255385,170.4609,23,4
2.08774,1.63906,75.46351,26,3.714093,2.99917,161.0422,23,4
2.16718,1.675839,78.03909,26,3.375866,2.677082,154.3716,23,4
1.928129,1.465719,81.30232,25,3.144804,2.521608,164.0014,24,4
1.918265,1.508628,85.87093,24,3.016225,2.378536,161.0552,24,4
1.881776,1.499031,92.61358,25,2.611137,2.100745,138.1215,24,4
2.466238,1.828163,109.4127,23,2.694733,2.124554,129.9959,22,4
2.452825,1.859311,109.5334,23,2.997358,2.393265,146.2517,22,4
2.48424,1.934024,111.1541,21,2.888658,2.282552,139.8701,22,4
2.5998,2.070013,118.2631,23,3.188731,2.587876,146.4515,23,4
2.57117,2.017252,117.2884,23,3.040545,2.455851,138.258,24,4
2.363791,2.025646,98.39581,26,3.398517,2.697662,165.3019,25,4
2.494722,2.136461,117.8197,24,3.39258,2.677106,159.4609,24,4
2.634376,2.253067,128.5125,25,3.284034,2.543502,142.2681,25,4
4.796917,3.214745,157.2473,21,2.83064,2.279981,118.3194,22,4
6.47223,4.079765,195.8455,23,3.108966,2.535738,126.0464,21,4
8.830641,5.915473,348.7226,21,3.076584,2.472628,111.1202,20,4
8.009149,5.115922,341.959,25,2.875939,2.236596,98.34483,21,4
8.137629,5.371284,351.8358,24,3.175535,2.510868,129.4502,20,4
8.528616,6.066456,419.4767,24,3.843466,3.043789,169.1621,22,4
7.883214,5.944327,427.9706,24,3.771529,3.026212,161.804,24,4
5.172081,4.185811,287.3989,23,4.52459,3.37243,182.4619,23,4
6.23103,4.954383,323.2018,23,4.757744,3.745418,200.2122,21,4
6.270576,4.843393,342.029,24,4.473738,3.340723,170.7587,19,4
5.806049,4.27591,282.1386,25,4.254956,3.177862,175.1994,19,4
4.992404,3.436744,225.0632,24,4.543169,3.377991,202.785,19,4
5.30108,3.879426,225.2109,23,4.410875,3.51168,224.1431,21,4
3.966326,3.039343,149.7744,21,4.765166,3.631753,250.8607,23,4
3.165417,2.514611,109.041,20,6.22422,4.954142,332.6756,25,4
3.215363,2.566758,117.333,21,6.117716,4.78936,306.5822,23,4
3.292474,2.647247,122.2952,21,6.182842,4.849113,322.0049,24,4
2.762534,2.214573,121.2215,22,5.860309,4.385208,301.554,25,4
2.661399,2.151874,129.0795,26,5.690372,4.387882,280.2354,24,4
2.595874,2.094143,130.7308,25,4.328407,3.390889,213.2647,26,4
2.529733,2.018666,123.4058,25,4.612511,3.465004,219.5769,27,4
2.717537,2.195419,133.9101,24,4.274034,3.175148,184.1091,26,4
2.888379,2.350424,134.4102,25,4.500244,3.464362,182.32,25,4
3.090666,2.478133,142.2392,25,4.530144,3.513123,175.8045,23,4
3.133129,2.549747,140.0842,25,4.265395,3.184696,163.2908,22,4
3.296603,2.795239,138.2652,24,3.858095,2.996592,157.5657,22,4
3.161144,2.543273,121.1179,25,4.392214,3.322276,168.3144,22,4
2.773745,2.118792,102.7,24,4.386019,3.303985,188.7431,23,4
2.52808,1.963922,85.06677,23,4.498371,3.310217,209.5478,25,4
2.820184,2.056152,97.69656,23,4.744411,3.696199,226.592,24,4
2.43655,1.658952,85.19109,22,5.136877,4.06497,246.6,24,4
2.439878,1.767082,94.59579,20,4.662616,3.708658,239.6387,23,4
2.6599,2.053417,97.63602,19,5.360727,4.089507,261.9982,22,4
2.936685,2.292331,100.5146,21,5.493517,4.260715,258.838,21,4
2.787812,2.318355,94.27632,21,6.54865,5.094059,334.938,22,4
3.085562,2.597444,116.6642,22,6.458969,5.074267,321.6673,20,4
3.180313,2.743821,120.0495,24,6.464625,5.082453,326.7493,21,4
3.136847,2.690103,130.8334,25,6.36496,4.963633,313.5649,23,4
2.862873,2.46741,134.2685,25,7.300675,5.473169,339.1464,23,4
2.844477,2.375127,130.6059,25,7.865139,5.89677,361.9755,23,4
3.537128,2.764447,151.9137,24,8.247581,6.382201,401.8533,24,4
3.721515,2.89948,161.4185,23,8.668791,7.021024,434.6446,23,4
3.902272,3.092956,157.5952,22,9.689747,7.806477,496.3379,23,4
4.312967,3.460441,175.7618,22,9.15609,7.574001,485.959,25,4
4.430992,3.667212,191.6287,23,8.776833,7.111275,479.1478,25,4
3.960733,3.37432,169.2385,23,10.59031,8.063093,547.5779,26,4
4.115368,3.418369,180.4727,23,11.48386,8.950759,601.145,26,4
4.068829,3.369097,193.5622,22,10.84942,8.353855,507.7432,25,4
3.823039,3.13757,186.5695,23,10.89461,8.310575,516.3109,23,4
3.811655,3.10801,187.7797,23,10.76008,8.120275,495.7211,24,4
3.685024,2.899426,179.1799,24,9.211048,7.145035,426.3153,23,4
3.074589,2.344923,153.849,25,8.185281,6.455972,410.2453,23,4
3.167417,2.423028,164.7625,26,7.941463,6.431457,463.0065,25,4
3.184414,2.480692,159.9233,26,8.37152,6.769063,478.1994,25,4
3.37034,2.613755,157.6864,26,8.27692,6.957386,447.4373,25,4
3.430676,2.722007,170.3241,25,7.862686,6.738473,442.476,26,4
4.142877,3.444354,206.3816,23,9.128682,7.678771,483.924,26,4
4.077377,3.382093,200.7124,23,8.996691,7.343361,445.6649,26,4
3.85842,3.098936,187.2267,21,8.509906,6.858464,415.2991,26,4
3.878385,3.109377,187.2908,21,8.619404,6.647127,423.9497,26,4
3.958894,3.242514,184.3822,20,9.003093,7.019579,448.5773,26,4
3.495337,2.898462,158.1608,20,8.183475,6.375751,402.0098,25,4
3.565398,2.947141,154.5376,20,9.329927,7.389128,424.134,25,4
3.724673,3.123443,166.4924,20,9.052078,7.009049,414.2973,23,4
3.239505,2.679085,147.2894,22,9.514277,7.666974,467.7726,23,4
3.277528,2.631851,141.064,22,9.662395,7.656842,431.8046,22,4
3.608247,2.782373,152.2992,21,9.041446,6.996952,402.2677,23,4
3.646368,2.812726,151.9955,22,7.555546,5.865704,381.5832,24,4
3.608868,2.817164,147.1023,20,8.279038,6.58927,418.9569,25,4
4.071239,3.275668,169.2898,20,7.372703,5.710976,351.3573,25,4
3.978283,3.205755,179.2454,21,8.019265,6.109539,397.5855,27,4
3.84223,3.182996,184.2622,20,7.949576,5.954059,382.8272,27,4
3.60616,2.940106,174.5852,21,7.887326,5.843417,368.8175,26,4
3.463179,2.744541,167.3401,22,7.341619,5.336651,316.7174,24,4
3.134977,2.506756,153.994,22,7.648438,5.535213,324.8587,22,4
3.265691,2.573924,157.7731,20,6.7031,4.904053,273.6274,23,4
3.027562,2.421506,137.9869,21,7.424183,5.518792,319.077,22,4
2.985047,2.372278,140.0565,22,7.389545,5.510959,305.1594,22,4
2.9767,2.343378,137.4412,22,7.682095,5.799294,320.6762,20,4
2.752518,2.132895,117.6592,22,7.292905,5.660846,302.6245,21,4
2.397053,1.965754,91.4418,21,6.55307,5.114808,263.97,21,4
2.315246,1.890985,93.68941,21,6.193549,5.022122,225.9272,19,4
2.472895,2.010777,82.27617,21,6.112249,4.891946,240.737,20,4
2.52253,2.041539,90.13055,22,5.966027,4.936191,248.338,20,4
2.505911,2.034527,93.8782,23,5.343758,4.175852,214.1125,19,4
2.4599,1.996299,101.6117,25,5.085824,3.868065,192.5354,19,4
2.501108,2.051888,113.48,25,3.919515,2.86051,151.9609,22,4
2.369363,1.870746,113.8855,26,4.329292,3.199025,159.0535,21,4
2.517668,2.05649,110.0607,26,3.236288,2.385861,133.1404,23,4
2.491318,2.013303,110.3151,24,3.650294,2.793816,146.5633,23,4
2.597182,2.093288,115.0977,23,4.166143,3.33316,190.6906,22,4
2.433106,1.944382,100.2358,22,4.206903,3.401585,196.4958,23,4
1.616579,1.267363,62.6746,24,1.500712,1.132019,54.31853,26,0
1.961039,1.603224,73.95464,22,1.609101,1.280445,59.55796,25,0
2.092223,1.702754,83.32648,21,1.805642,1.464841,71.105,23,0
2.094135,1.684114,86.46283,20,1.881698,1.553006,71.64576,23,0
2.307909,1.87272,99.57853,20,2.072057,1.69647,77.8996,22,0
2.435137,2.010382,103.2378,21,1.998459,1.588132,75.86629,21,0
2.528956,2.04496,113.8167,24,1.956666,1.524979,76.2924,22,0
2.459699,1.983458,119.9694,26,2.340436,1.823892,90.58093,21,0
2.798644,2.350354,127.7055,27,2.546429,1.99774,105.8242,22,0
2.967138,2.481894,145.9616,27,2.511125,1.976673,117.0455,24,0
2.904318,2.409292,153.7797,25,2.589901,2.092862,133.1915,24,0
3.12767,2.585837,160.2308,25,2.802218,2.335413,150.4896,25,0
3.225935,2.743735,161.3817,24,2.526569,2.117269,136.1696,24,0
3.168779,2.669506,154.0991,22,2.40725,2.025104,124.0189,23,0
3.238285,2.699416,140.5515,19,2.447841,2.078348,111.034,21,0
3.313872,2.771409,138.7444,18,2.531183,2.149454,111.8449,19,0
2.870537,2.345953,113.7385,20,2.232739,1.786927,89.5322,21,0
2.859823,2.321326,113.6831,21,2.403125,1.902383,110.1391,21,0
2.787448,2.27891,109.2812,22,2.38187,1.883506,109.5848,22,0
2.420978,1.961283,92.9447,24,2.319285,1.827386,108.2707,23,0
2.467533,2.020044,90.48813,24,2.385672,1.880527,108.9228,22,0
2.559708,2.158719,100.8875,22,2.825343,2.279736,126.9576,19,0
2.7132,2.258502,114.3966,23,2.673419,2.143154,106.5405,18,0
3.322748,2.620467,145.3475,24,3.056643,2.435189,117.5198,19,0
3.619673,2.888431,168.4471,25,3.056427,2.430501,120.7604,19,0
3.642423,2.838603,173.1831,24,3.204763,2.58841,116.0616,21,0
4.683061,3.488694,218.2144,24,3.543842,2.791265,129.5785,22,0
5.385491,4.126398,251.1763,23,4.699787,3.652958,176.7524,23,0
5.156963,3.818153,237.9395,23,4.840649,3.84025,208.7267,24,0
5.087574,3.774,237.9515,23,5.079976,4.156748,229.1815,24,0
5.329309,4.111012,247.5107,23,5.279546,4.241914,251.7291,24,0
4.505207,3.472618,198.0705,24,4.926855,3.948812,236.4836,22,0
3.814204,3.018393,174.8991,22,4.260658,3.521263,207.4836,19,0
3.829842,3.122734,191.9205,22,4.419764,3.580601,192.1846,19,0
4.646347,3.725152,204.1517,20,4.386489,3.586819,186.8359,20,0
4.337059,3.401866,199.4716,22,4.155545,3.438725,176.8495,18,0
4.476067,3.635101,206.0521,21,4.577513,3.828467,199.7377,21,0
4.526479,3.618864,206.3774,21,4.479363,3.702746,212.3947,25,0
4.67259,3.768826,204.5946,19,4.43142,3.658719,240.487,25,0
3.943282,3.261967,194.7999,19,4.890009,4.000192,287.4074,26,0
4.094995,3.376949,208.2394,19,4.765552,3.877687,295.478,27,0
4.686806,3.765058,238.3938,21,6.292886,4.679867,332.4115,26,0
4.921515,4.022893,243.9157,22,7.512557,5.551582,352.8671,26,0
4.770561,3.869524,225.3331,22,7.368423,5.365375,321.3583,25,0
4.811148,3.886336,223.6697,21,7.718372,5.482471,303.3528,24,0
5.609332,4.489462,242.7931,23,13.17958,8.676672,477.1383,24,0
5.762959,4.546698,242.4543,21,13.16036,8.757069,481.9753,23,0
5.652518,4.431885,239.9632,19,12.56891,8.038809,467.7156,20,0
5.656704,4.388281,248.3875,22,13.28012,9.083293,519.0316,20,0
5.660578,4.32267,252.2131,23,12.97443,8.730458,524.2205,21,0
4.801183,3.652269,216.1096,24,8.104194,6.438748,377.4112,22,0
4.34301,3.501171,217.1223,24,8.059403,6.334447,394.3905,23,0
4.38113,3.49338,235.364,25,9.708457,7.723207,493.8777,25,0
4.187211,3.290034,225.9256,26,8.89299,6.952136,466.1029,25,0
4.056683,3.292029,228.991,25,9.165789,7.281365,468.8437,25,0
3.996078,3.242532,213.7448,24,9.070219,7.08722,478.5471,24,0
4.420141,3.4428,226.3288,24,8.775945,7.004671,459.632,22,0
3.994096,3.064096,207.9062,24,7.203585,5.957645,373.1393,24,0
4.01741,3.087125,203.1066,24,7.278043,6.01546,367.5705,22,0
4.064017,3.115247,202.6747,25,6.892874,5.643916,345.9241,22,0
3.92278,2.915539,194.613,25,6.0983,4.811815,274.4008,23,0
2.834062,2.222246,140.8067,24,5.710274,4.34924,258.5686,22,0
3.03428,2.332437,145.5623,23,5.054955,3.74001,230.5519,23,0
3.250004,2.526163,158.5444,22,5.563343,4.149827,243.7212,22,0
2.995984,2.336388,143.7346,22,6.59413,4.815308,298.2681,22,0
3.196876,2.55416,157.1488,22,6.882138,5.185032,331.5469,24,0
3.127284,2.563066,160.2331,23,7.610327,5.96672,346.4557,22,0
3.148677,2.629458,141.5888,20,8.138842,6.624404,375.5439,20,0
3.808281,2.997873,156.0934,20,7.868023,6.221182,355.1155,21,0
4.021908,3.112738,168.8709,22,7.667456,6.253286,336.6953,19,0
3.888649,2.942346,157.2713,22,7.714817,6.427586,330.9682,20,0
3.947148,2.981574,156.4467,21,7.014184,5.738481,321.1685,22,0
3.871444,2.876956,166.7297,22,6.331371,4.940313,286.7275,23,0
3.155274,2.442605,139.9495,22,6.614708,5.210023,318.6145,23,0
2.962538,2.409259,128.1293,22,6.454954,4.647756,292.7611,26,0
2.991441,2.41933,130.8727,21,6.793968,4.919143,313.2863,25,0
3.437204,2.742439,153.7192,23,6.239513,4.489363,284.4001,23,0
3.53215,2.862733,153.0629,23,6.921325,5.276467,335.4294,23,0
3.637991,2.972273,160.1564,24,6.851844,5.257771,323.383,23,0
3.470025,2.700592,146.576,25,6.131383,4.907271,289.334,21,0
3.486962,2.692354,144.6109,26,5.691439,4.578096,271.5533,19,0
2.951044,2.292539,132.1634,26,5.491358,4.308146,252.5564,22,0
2.70825,2.096507,118.2451,24,4.712531,3.690288,197.4645,19,0
2.442922,1.927709,101.5382,25,3.593432,2.970051,148.7323,18,0
2.499193,1.996113,109.9126,23,3.380925,2.709259,142.2693,20,0
2.449745,1.972848,118.4315,24,3.296456,2.636142,140.6835,21,0
2.612117,2.086124,105.9145,22,3.969542,3.128656,169.4402,21,0
3.304389,2.556947,130.8945,22,3.813787,2.89411,169.5606,24,0
3.204921,2.43188,134.6003,23,3.623704,2.66916,150.0041,24,0
3.315607,2.590866,141.8246,24,3.868431,2.968498,159.3894,23,0
3.456805,2.790241,139.4808,23,3.758456,2.891996,143.3403,22,0
3.265465,2.570227,130.9283,23,4.243351,3.061888,139.4199,22,0
2.681668,2.199672,121.4651,23,4.850761,3.655848,190.3172,22,0
2.67237,2.192686,122.0916,22,5.807454,4.487046,247.1113,21,0
2.478719,1.951933,107.3545,20,5.736821,4.371667,258.4677,22,0
2.358549,1.792076,99.06072,20,6.916903,5.311772,336.231,23,0
2.406,1.86117,111.4453,22,7.392781,5.707016,388.1995,22,0
2.270696,1.803293,106.267,23,7.573881,5.904304,376.7443,23,0
2.243604,1.758723,92.44135,23,8.475095,6.629617,400.9337,23,0
2.539267,2.043364,112.257,24,9.988102,8.032631,501.3992,24,0
2.450935,2.015885,120.8939,24,9.117836,6.895038,414.2872,23,0
2.440487,1.99337,115.7656,25,8.918409,6.698582,385.6046,22,0
2.240456,1.832321,101.5181,25,8.553539,6.209629,362.5578,22,0
2.200752,1.813155,107.0674,26,7.195049,5.007265,320.465,23,0
2.098761,1.698673,103.7623,26,5.40789,4.118322,243.3656,22,0
2.049048,1.673987,102.4245,25,5.920145,4.705344,273.2922,23,0
1.959261,1.590533,90.21934,24,5.153026,4.226773,232.7066,25,0
1.998989,1.591974,97.73095,22,5.473803,4.453471,243.6105,25,0
2.009902,1.612585,94.30721,22,5.526853,4.530888,250.6714,25,0
1.642576,1.340839,72.21527,21,5.097246,4.169944,237.9297,26,0
1.593758,1.314449,57.74673,20,4.800999,3.933174,222.2615,24,0
1.852555,1.465004,70.86153,20,4.642185,3.817115,250.0457,23,0
1.795924,1.403666,67.79295,20,4.623621,3.861403,259.4485,24,0
1.730129,1.324075,69.64035,22,4.633033,3.957665,251.2598,23,0
1.866195,1.486872,70.41486,21,4.72626,4.082991,235.4639,22,0
1.441918,1.221516,68.23886,25,1.746341,1.433034,77.19678,23,0
1.400216,1.197608,64.33286,27,1.71683,1.410216,76.78123,22,0
1.490687,1.225377,66.95108,24,1.711832,1.37695,70.02353,20,0
1.386333,1.091344,62.6419,24,1.718551,1.389848,60.09871,20,0
1.434149,1.132732,60.88411,24,1.543654,1.241776,47.88587,20,0
1.648672,1.271918,61.67892,23,1.439831,1.153774,52.88285,21,0
1.621992,1.242316,59.21095,21,1.3668,1.053833,53.21927,23,0
1.585475,1.274907,57.35021,23,1.520106,1.196085,60.52767,24,0
1.646953,1.353842,56.86455,23,1.915773,1.398512,80.38462,25,0
1.635517,1.307353,59.9037,25,1.947455,1.451955,87.7264,25,0
1.683332,1.357037,65.18121,24,2.160708,1.681278,94.31458,23,0
1.873609,1.536782,79.32066,24,2.336415,1.873681,98.14109,22,0
1.926255,1.554592,85.15363,25,2.515949,2.033459,110.392,22,0
1.967906,1.619823,83.72563,26,2.279382,1.868428,102.8642,22,0
2.141521,1.78729,96.28555,25,2.409704,1.972985,107.0299,22,0
2.206349,1.875311,95.82763,25,2.508531,1.958024,110.7991,23,0
2.193138,1.85221,89.12225,23,2.628291,2.085577,128.9226,23,0
2.286722,1.976356,89.98563,24,2.554322,1.99079,125.0699,24,0
2.330284,1.996572,101.1105,21,2.511265,1.962224,114.8148,23,0
2.134887,1.779646,91.61204,22,2.850882,2.212852,122.1879,23,0
2.110929,1.754452,88.87122,22,2.696505,2.107513,117.674,23,0
2.138792,1.771207,85.42305,21,2.70173,2.112448,108.1787,22,0
1.975525,1.575734,80.79521,21,2.553442,1.981737,94.05029,23,0
1.912437,1.517642,77.44584,22,2.575584,2.027805,95.66043,25,0
2.248278,1.816055,91.73446,20,3.010345,2.196816,113.1474,25,0
2.01764,1.582119,85.24482,19,3.517174,2.584353,140.6952,25,0
1.918639,1.503888,84.13197,20,3.83164,2.751951,163.4329,25,0
2.198872,1.733003,99.05957,20,3.877635,2.861674,162.2083,23,0
2.338251,1.891738,97.76255,19,4.024211,3.036587,179.6877,22,0
2.223719,1.828007,92.13083,21,3.577067,2.749762,165.9492,21,0
2.622257,2.118768,116.5436,22,3.843915,2.998891,184.7086,21,0
2.775396,2.265972,138.2478,24,3.604703,2.952857,171.9721,22,0
3.161185,2.552002,157.6835,24,3.816619,3.134617,193.7679,22,0
3.319002,2.703963,170.6611,25,3.786333,3.057123,189.9167,23,0
3.56839,2.900158,188.2353,25,3.896466,3.217192,198.3354,24,0
3.390702,2.771605,183.4288,26,3.099924,2.546072,151.3034,25,0
3.352351,2.725563,169.9812,25,2.909659,2.258031,138.9682,24,0
3.266184,2.67492,155.6412,23,3.166207,2.331275,144.1482,26,0
3.099493,2.50733,151.6989,21,3.21713,2.426087,149.6194,25,0
2.845757,2.335933,129.9222,19,3.951271,2.719324,143.9336,26,0
2.817137,2.282179,116.7947,18,4.48611,3.173262,170.8016,24,0
2.976147,2.355132,116.2014,17,4.820122,3.540631,193.6469,23,0
2.771578,2.277485,106.0011,19,5.310004,3.98671,239.0927,23,0
2.722781,2.169934,102.4229,20,5.963275,4.5617,286.9166,23,0
2.967477,2.340799,119.6609,23,5.582675,4.373631,293.6851,24,0
3.146103,2.512193,134.0363,23,6.644185,5.145032,358.9509,25,0
3.590066,2.846489,155.2601,24,7.464173,5.931911,391.2541,25,0
3.365012,2.494781,148.8359,22,7.272441,5.629481,359.6163,24,0
3.430869,2.601457,147.4758,20,7.124936,5.534846,339.7254,22,0
3.121451,2.330895,129.4255,21,7.764285,6.154602,375.6558,20,0
3.142708,2.356246,126.932,21,6.597704,5.02553,284.4779,19,0
2.709462,2.228111,105.0037,22,5.684494,4.240619,254.1553,20,0
3.007066,2.514363,115.1943,23,5.611653,4.246422,246.3591,21,0
3.101349,2.582545,129.196,23,5.685092,4.255304,254.8326,22,0
3.452191,2.882984,141.4005,24,4.981907,3.790978,250.1187,23,0
3.375825,2.836141,142.3171,24,5.446353,4.360734,285.3737,25,0
3.249845,2.675066,130.9819,23,5.701797,4.686877,298.6915,24,0
3.040622,2.452584,124.9051,25,5.777533,4.820272,315.5578,25,0
3.071545,2.518442,127.2462,25,5.121809,4.110249,274.7956,25,0
2.908075,2.379133,125.0787,23,4.942634,3.96417,246.5896,24,0
3.095536,2.419621,119.1851,24,5.427716,4.174756,257.4599,23,0
2.928901,2.232177,130.7757,23,5.526831,4.344174,238.8908,23,0
3.113854,2.423245,147.9629,23,6.184609,4.622497,246.7468,24,0
2.961219,2.299071,137.5726,23,7.198892,5.826749,311.1456,22,0
2.858441,2.235363,128.0735,24,7.293358,5.922694,331.8566,24,0
2.70085,2.226268,138.7713,23,6.855383,5.633926,315.9025,23,0
2.781224,2.282453,144.6352,23,6.298428,4.847069,299.1356,23,0
2.980933,2.492609,152.6518,22,6.032904,4.85739,310.7318,23,0
2.95238,2.436694,142.2955,22,4.975364,3.969986,260.1683,24,0
3.010441,2.531194,140.1086,19,4.992444,3.993035,221.5954,23,0
2.962394,2.494495,134.4675,19,4.828276,3.804042,224.3867,25,0
3.019407,2.590624,125.0492,18,4.928292,3.958168,229.2097,24,0
2.731669,2.297338,103.4396,18,3.998756,3.359116,167.0013,23,0
2.80228,2.376833,113.3999,20,4.449541,3.726902,191.7914,21,0
2.743851,2.295841,122.6059,21,4.158576,3.476558,183.7584,21,0
2.848088,2.376502,127.6094,23,3.916855,3.24989,152.2983,19,0
3.190227,2.593508,138.6005,23,3.986766,3.308481,161.3741,19,0
3.18257,2.639973,144.7182,21,4.389881,3.424753,174.251,20,0
3.240495,2.697253,148.0119,21,3.803053,2.934778,139.7679,19,0
3.20612,2.631782,140.4314,21,3.66528,2.79017,152.5276,20,0
2.890774,2.239265,116.4591,20,3.870012,2.99763,165.7276,21,0
2.451041,1.927157,105.9173,20,3.916605,3.0978,162.9171,23,0
2.270081,1.724558,93.4432,20,3.793848,3.188717,163.0373,22,0
2.301378,1.766676,85.25667,22,4.096497,3.393291,174.1935,20,0
2.199162,1.721132,87.98396,23,4.097776,3.41101,160.4177,21,0
2.260666,1.801479,91.22099,22,4.060649,3.236925,163.1503,20,0
2.33504,1.780915,94.47579,23,4.099678,3.205366,155.9454,21,0
2.402812,1.874317,97.63376,23,3.924654,3.121536,149.04,22,0
2.710803,2.030941,115.0388,23,4.339806,3.40087,187.9454,24,0
2.86162,2.08643,115.9876,23,4.414311,3.506836,196.8453,24,0
2.895029,2.124249,120.9037,24,4.27667,3.422512,188.664,26,0
2.693374,1.99738,112.9032,23,3.954197,3.048602,172.0557,25,0
2.613231,1.912162,110.5677,22,3.823845,2.940397,160.2936,25,0
2.059977,1.562223,89.83283,24,2.949847,2.406003,116.159,23,0
2.032478,1.630459,96.73539,23,3.032974,2.410966,112.7681,21,0
1.996489,1.58321,92.83813,24,4.345603,3.28767,136.8502,21,0
2.02505,1.622596,89.67335,25,4.642979,3.588103,152.5219,22,0
2.072692,1.668856,86.73211,23,5.319606,4.162814,211.3556,22,0
2.226484,1.79497,92.96817,23,5.330908,4.19464,221.087,23,0
2.197534,1.817042,85.68704,22,5.27934,4.127346,217.4433,24,0
2.32098,1.963486,97.09716,22,4.683086,3.676765,226.6514,23,0
2.464525,2.096301,111.0641,22,4.939859,3.95215,242.9749,24,0
2.518336,2.162919,117.9658,23,4.251323,3.364906,191.3797,24,0
2.242417,1.862458,101.2185,21,4.269255,3.388987,175.869,22,0
1.981802,1.585891,90.68507,22,4.074721,3.151951,164.9477,21,0
1.81309,1.445533,81.33444,20,3.963897,3.056195,154.2705,22,0
1.59797,1.293767,69.26045,19,3.70807,2.865761,148.3552,20,0
1.604118,1.298396,65.2427,20,3.968371,3.088178,155.0961,19,0
1.688778,1.393706,72.2466,21,4.097836,3.227621,175.7206,21,0
1.635079,1.308463,68.09082,21,4.325129,3.498966,200.8505,22,0
1.712969,1.398296,74.29931,22,3.948316,3.161216,174.3627,22,0
1.836096,1.490498,89.38869,24,3.95574,3.237803,169.8213,20,0
1.925563,1.524943,96.45021,23,3.987658,3.310429,183.5443,21,0
2.042477,1.584924,95.58578,25,4.091812,3.36942,187.6948,22,0
2.113451,1.695835,102.3844,26,4.084912,3.32321,172.4819,22,0
2.075318,1.632133,96.44809,25,4.75966,3.877278,199.4845,23,0
2.096135,1.629734,95.24195,26,4.437548,3.468132,184.9787,23,0
2.059361,1.603568,96.0215,25,4.64615,3.549306,185.2945,21,0
2.41858,1.830964,114.3843,23,4.646152,3.566043,167.4468,21,0
2.501536,1.925874,119.5961,24,4.693754,3.62699,182.3295,19,0
2.629127,2.04962,122.3995,23,4.361232,3.363377,164.4738,18,0
2.722441,2.148074,122.8,23,5.215198,4.126248,215.4825,19,0
2.809591,2.246808,126.2069,22,5.066957,3.926755,211.9261,21,0
2.433716,1.977403,108.8292,22,5.208507,3.90591,220.1892,21,0
2.420789,1.98412,105.5708,21,5.550862,4.26164,233.5508,21,0
2.224769,1.795918,95.9295,21,5.413448,4.191629,245.5151,23,0
1.927192,1.551346,84.76057,23,5.934265,4.504904,272.5775,24,0
1.572223,1.320798,70.73558,24,6.09543,4.712738,307.4014,24,0
1.622209,1.303791,65.69799,24,5.978955,4.768957,324.8573,25,0
1.627797,1.296771,70.76192,25,5.91643,4.711169,343.227,25,0
1.91966,1.455371,74.30316,25,5.89584,4.705359,328.8389,23,0
1.992307,1.51303,76.62198,25,5.330192,4.436999,289.3832,24,0
2.064043,1.579279,86.8096,24,4.863446,4.06677,256.2028,22,0
2.236445,1.748326,94.73921,25,4.593672,3.744248,220.1987,22,0
2.142473,1.641046,85.51629,25,4.251576,3.535346,189.3928,21,0
2.278638,1.912627,91.61032,22,3.951787,3.222861,199.5857,24,0
2.338144,1.896232,90.12072,22,4.103185,3.363419,206.8738,24,0
2.231578,1.790996,87.86842,21,4.107837,3.419532,212.5845,23,0
2.237695,1.794201,86.01913,22,3.934448,3.250437,194.587,23,0
2.057163,1.629707,83.48011,21,3.505852,2.882025,161.9951,22,0
2.270195,1.787189,82.42689,20,3.104759,2.524007,146.2458,22,0
2.812961,2.159994,103.7881,20,3.285615,2.6222,156.1449,22,0
2.966395,2.344599,100.393,20,4.686635,3.378682,206.4345,23,0
3.050435,2.476932,96.95277,19,4.843785,3.525117,231.4652,24,0
3.094123,2.543145,111.9749,20,4.942789,3.634341,238.4442,26,0
3.155973,2.511597,111.5028,21,6.128621,4.611108,297.463,27,0
2.695612,2.239948,107.4878,21,5.905085,4.319651,281.7247,26,0
2.47698,1.951949,112.3242,24,4.968307,3.666057,233.8097,26,0
2.713097,2.090402,130.3775,23,4.901608,3.587319,221.693,25,0
2.771036,2.15034,120.7063,24,4.814298,3.465719,218.2461,25,0
2.631002,2.117066,139.0746,24,3.849194,3.016825,199.2537,25,0
2.843282,2.25975,141.4477,25,4.984968,3.801957,245.8588,25,0
3.14518,2.587341,161.5201,25,5.24549,4.064481,247.1452,25,0
2.88758,2.331027,147.2304,26,5.399726,4.24488,252.5463,24,0
2.896286,2.320726,146.9663,24,5.436274,4.236925,261.2145,25,0
3.153479,2.53094,136.7216,22,5.185808,4.028192,232.9272,23,0
3.11569,2.533756,126.0777,19,4.446445,3.674754,190.7405,23,0
4.096744,3.169578,171.9566,20,4.810433,3.852125,224.4393,24,0
4.631879,3.731384,218.1081,19,5.391259,4.239745,262.4982,23,0
5.200648,4.37165,271.9533,21,8.152639,5.923658,342.3812,23,0
5.181395,4.304159,283.4375,22,14.39392,9.592947,636.5653,24,0
5.452971,4.613369,320.6048,25,15.44589,10.83828,742.0529,25,0
4.834579,4.053964,270.1946,22,16.11039,11.75518,749.5706,25,0
4.464027,3.730147,245.503,21,16.96137,12.72385,797.1302,26,0
4.003841,3.322848,198.5337,20,16.58486,12.45483,796.4578,25,0
4.15537,3.502822,186.411,17,12.52415,10.02017,610.0032,25,0
3.965541,3.344841,154.8332,16,11.38017,8.939356,540.8888,26,0
3.942488,3.309409,153.4487,17,10.45627,8.05681,510.2158,24,0
3.920209,3.31901,141.7617,14,10.18724,8.109321,542.8652,23,0
3.869593,3.287737,147.344,16,10.09654,7.904857,508.5217,23,0
3.41508,2.875744,135.2753,20,9.855962,7.735244,450.2548,22,0
3.679614,3.052804,162.9707,22,10.50436,8.520114,489.9118,21,0
3.888166,3.282313,181.8805,23,11.4244,9.378052,553.8613,22,0
3.946092,3.295789,193.7565,24,10.18888,8.136988,424.2942,24,0
4.202296,3.417738,211.2914,25,9.123196,7.262,381.6128,23,0
4.556018,3.744217,234.9217,24,10.60669,7.799024,469.8511,25,0
4.038716,3.182604,181.6617,23,10.89015,8.192058,468.6878,27,0
3.81753,2.977144,177.6922,24,11.84716,8.711566,533.7208,26,0
3.958829,3.147509,191.4967,23,13.92444,10.45463,671.1725,25,0
4.197321,3.383636,200.1354,23,14.52918,11.22576,739.3027,26,0
3.909264,3.152038,179.8356,23,13.43269,10.53877,690.0887,26,0
4.101388,3.412823,210.5947,25,13.26311,10.2344,695.7106,25,0
4.128545,3.375882,203.2629,23,12.13546,9.080823,583.4489,24,0
3.854497,3.037498,168.1645,20,10.00196,7.775507,461.1709,24,0
3.526205,2.896528,158.2489,20,10.54375,8.264386,451.8357,23,0
3.508398,2.807562,158.8645,22,12.40248,9.332964,545.3412,23,0
3.473058,2.802186,147.4455,22,11.99503,8.871373,499.1207,23,0
3.740711,3.01089,172.4494,24,11.35406,8.501034,497.1035,22,0
3.860957,3.18572,199.4843,25,11.51005,8.383742,514.2284,24,0
3.897115,3.206836,194.9398,26,11.16046,8.264896,512.6631,22,0
3.94188,3.341449,201.6842,25,8.316155,6.500798,375.175,22,0
3.824824,3.190557,186.027,24,7.882002,6.01569,365.1287,22,0
3.605426,3.032097,166.8072,24,8.969523,7.002354,428.7407,21,0
3.582607,2.952967,156.044,22,8.561233,6.90075,413.4389,20,0
3.025683,2.465339,115.7154,24,7.968804,6.358713,402.0449,22,0
2.993933,2.447103,119.5446,24,10.15908,7.932675,485.5541,21,0
3.202878,2.585116,140.075,24,10.1533,7.875225,452.4383,22,0
3.201746,2.624064,152.7703,24,9.409171,7.147029,412.6978,22,0
2.917897,2.299628,139.3879,24,9.952212,7.660253,449.8342,24,0
3.240688,2.596772,163.1771,23,9.654705,7.360944,397.5493,24,0
3.227204,2.569209,161.0841,22,8.050879,6.369398,369.178,24,0
3.514852,2.679883,159.863,23,9.49232,7.659234,505.5801,26,0
3.30969,2.518759,140.6592,22,9.884507,8.108612,503.2779,24,0
3.733636,3.017461,170.9377,21,10.0017,8.068685,507.4305,23,0
3.715451,2.99727,157.556,20,9.707026,7.659234,479.9198,24,0
3.618647,2.859125,149.1435,22,10.26443,8.09815,463.7509,22,0
3.222307,2.671486,143.8364,22,9.103872,7.004062,337.81,20,0
3.110065,2.597646,124.4517,24,8.359401,6.277056,332.3446,21,0
2.64303,2.215274,100.2898,24,7.170857,5.215645,259.0665,21,0
2.307656,1.985514,87.27963,23,7.060575,5.058026,255.911,21,0
2.426291,2.069684,91.64989,23,4.723217,3.593121,187.6647,22,0
2.382544,2.060759,87.90182,23,3.805284,2.824907,155.5185,22,0
2.352088,1.971328,92.19865,20,2.966394,2.224535,102.7127,23,0
2.399842,2.003254,91.40631,21,2.902175,2.2653,95.88631,22,0
2.403737,1.971674,97.83629,24,3.181982,2.468143,110.3936,20,0
2.379682,1.931679,97.6949,23,3.308278,2.604173,115.1256,20,0
2.166614,1.727329,93.42533,24,4.554336,3.540579,182.7993,20,0
2.202443,1.739193,107.6057,26,4.609433,3.624612,193.6689,22,0
2.569755,2.010157,110.0922,25,5.554007,4.371133,249.0693,25,0
2.668288,2.132808,108.2677,23,6.498216,5.109929,290.9181,25,0
2.620787,2.150935,96.60888,22,6.773878,5.484013,314.0389,25,0
3.193206,2.629445,121.3733,22,6.405361,5.162881,291.559,26,0
3.163813,2.611608,107.3879,21,6.722274,5.541804,314.3666,25,0
2.846962,2.302437,102.6375,22,6.192886,5.077167,291.4438,24,0
2.883641,2.298777,112.8511,22,5.2106,4.305769,257.9418,24,0
3.052158,2.313013,114.7885,22,6.029362,4.728635,272.5594,24,0
2.449705,1.867995,84.65408,22,6.777379,5.400054,321.2258,24,0
2.568099,1.954662,96.91945,22,6.43214,4.958064,315.4268,25,0
2.624596,2.018644,99.00435,23,6.623746,5.13109,336.2672,24,0
2.728584,2.047724,99.24935,23,6.867245,5.328372,348.8191,24,0
2.421909,1.936238,88.76221,24,6.063987,4.790401,341.0911,25,0
2.533023,2.034947,98.21143,23,5.45013,4.267838,301.3228,25,0
2.447699,1.965885,95.11561,23,5.612491,4.553262,300.7902,25,0
2.413242,1.911736,91.894,22,4.979772,3.991571,249.0027,26,0
2.099864,1.74171,86.11604,23,4.288124,3.377824,204.9696,25,0
2.239531,1.763156,102.7201,23,4.084855,3.190706,179.8583,26,0
2.130003,1.70997,66.28775,23,3.110464,2.547758,152.5903,24,0
2.146932,1.715868,72.41708,23,2.750762,2.241002,136.4373,25,0
1.869247,1.472417,55.63743,24,2.713405,2.244046,131.7659,23,0
1.965268,1.542058,60.1051,23,2.824121,2.347342,131.472,23,0
1.983237,1.530663,59.44811,22,2.786075,2.313101,117.6596,23,0
2.113841,1.623361,72.29196,21,2.529835,2.176224,101.2569,22,0
2.45683,1.918462,91.45886,21,2.474216,2.092307,104.9009,22,0
2.499967,1.968382,104.0897,21,2.530993,2.171458,98.2431,23,0
2.604113,2.075494,103.9668,22,2.171715,1.796789,82.31712,26,0
2.585484,2.130476,107.2821,22,2.616102,1.992523,101.9015,26,0
2.770187,2.225789,122.7348,23,2.648776,2.045957,100.5434,27,0
2.6825,2.20428,104.9,24,2.95787,2.278807,103.6962,28,0
3.001873,2.44633,109.9708,21,3.370985,2.579075,129.7068,27,0
3.010784,2.445937,128.8079,21,3.387162,2.599848,135.7306,26,0
3.172485,2.588514,138.6511,21,2.903872,2.241238,120.7987,26,0
3.204287,2.621228,145.4201,21,3.228296,2.340064,139.6436,25,0
3.032768,2.366406,143.2338,24,2.976804,2.153554,125.7162,23,0
2.97293,2.29972,146.2899,26,2.377511,1.659936,103.9365,24,0
2.958441,2.323869,128.7558,22,3.547299,2.429263,158.0324,23,0
3.61358,2.756713,137.9258,23,3.823151,2.760041,173.8211,23,0
3.808404,2.864332,147.3975,22,4.414041,3.23794,212.8853,23,0
4.049523,3.185087,172.2906,22,4.722112,3.665597,257.435,24,0
4.755628,3.704485,213.5057,21,6.479412,5.202366,340.3389,23,0
4.968764,3.913311,235.8201,22,7.65055,6.029007,411.7162,24,0
4.86287,3.893099,248.621,23,7.920988,6.401627,444.6089,26,0
4.947556,4.015543,226.7953,20,11.21459,8.132563,548.4158,26,0
5.032791,4.145146,227.69,19,11.12172,7.852918,533.147,28,0
4.682538,3.936169,213.1295,19,10.64907,7.230434,490.9238,26,0
4.707609,4.012589,216.2937,19,10.41051,6.952458,422.7781,24,0
4.461174,3.677092,195.4948,20,10.64362,7.30936,421.3959,23,0
4.195076,3.446895,209.7373,22,7.071368,5.574323,327.5581,23,0
4.31135,3.544758,221.4672,23,8.900379,7.187438,383.5808,21,0
4.566679,3.768012,213.2878,22,10.11427,8.294006,466.7316,22,0
5.008245,4.067861,231.8775,23,9.504025,7.822914,442.3793,24,0
5.007143,4.15944,235.4002,21,9.497581,7.81405,483.0706,23,0
4.979271,4.123297,233.1149,21,10.44445,8.764099,504.8922,23,0
4.859642,3.955073,224.0358,21,9.629736,8.202302,472.4527,24,0
4.556441,3.663177,215.1425,21,9.199635,7.808774,467.4816,25,0
3.830815,2.975802,174.1185,21,10.60513,8.678707,543.875,25,0
3.92487,3.047952,166.4031,22,10.6813,8.806446,518.6272,25,0
4.096526,3.119164,160.2189,22,9.748551,7.89116,479.251,24,0
3.843064,2.884818,134.567,19,9.959539,7.989627,510.7521,21,0
3.537398,2.663335,137.7791,19,9.0985,7.005731,403.3892,20,0
3.654989,2.939074,152.5562,18,7.448128,6.032495,310.6795,20,0
3.455845,2.780247,159.0715,20,9.753977,6.740211,387.0521,21,0
2.964874,2.467092,150.2345,19,10.22827,7.143185,421.6206,21,0
3.178114,2.720644,156.8216,22,9.854505,6.762774,420.6194,22,0
4.157641,3.318778,167.5205,22,10.31608,7.468893,458.2857,23,0
4.656118,3.610916,198.2232,23,10.58057,7.716045,487.1774,24,0
4.663447,3.633721,186.8107,24,8.30159,6.572073,380.6518,24,0
4.742304,3.723818,195.0644,24,8.249069,6.352301,366.7981,26,0
4.753622,3.663683,201.5878,23,9.941328,7.441479,417.7661,26,0
4.025324,3.184815,169.3726,21,9.608521,7.164882,413.8782,26,0
3.562261,2.948282,149.001,20,10.09212,7.636889,447.7019,26,0
3.542493,2.883459,163.2763,20,9.704118,7.111598,432.2357,26,0
3.911851,3.262882,168.4812,20,9.88413,7.459499,440.1101,25,0
4.200459,3.518698,183.343,19,8.134783,6.303757,382.8618,25,0
4.220532,3.517401,206.5891,22,8.06496,6.183295,380.4941,22,0
3.851789,3.107547,181.9022,23,8.173752,6.348089,381.593,21,0
3.887676,3.120541,177.4585,23,9.254147,7.586974,421.8378,21,0
3.809502,2.954299,170.1185,25,8.804222,7.237415,387.1753,20,0
3.301752,2.491631,144.339,27,8.795024,7.304136,368.9361,20,0
3.040929,2.260429,122.3008,27,9.103925,7.561073,394.2848,22,0
3.24787,2.519641,143.3621,26,8.684295,7.058891,360.3469,22,0
3.047239,2.342261,130.8469,26,7.82969,6.24206,343.8173,23,0
2.686666,2.158701,117.6661,23,10.14788,7.410846,441.7181,24,0
2.692893,2.18226,120.5379,22,10.30817,7.525183,455.6293,24,0
3.219425,2.521047,142.571,22,10.85859,8.071474,469.3161,22,0
3.232482,2.489742,130.9576,23,10.29181,7.427874,442.5857,21,0
3.412239,2.693996,137.6634,23,12.09202,8.855062,496.8812,20,0
3.247646,2.467724,139.7174,24,10.04079,7.440527,388.0079,19,0
3.314868,2.517369,139.8764,24,9.703818,7.081236,367.2635,21,0
2.640328,2.06457,115.876,24,8.367469,5.741092,300.053,22,0
2.395825,1.84274,107.9278,23,8.232302,5.604117,294.4977,23,0
2.131905,1.617671,101.6025,23,5.045249,4.124854,205.8386,22,0
2.4655,1.88694,111.4235,23,4.585116,3.752915,187.5407,23,0
2.44498,1.869281,115.4359,24,4.149968,3.369332,169.6588,21,0
2.403237,1.834756,107.6047,23,4.614006,3.77364,179.5702,22,0
2.38242,1.800882,101.6794,24,5.205895,4.218653,205.242,23,0
2.56032,2.00336,102.6869,21,5.662463,4.565644,236.7864,23,0
2.546138,2.048464,92.93622,20,6.702208,5.210405,275.3842,22,0
2.604956,2.109524,93.59726,20,7.435216,5.9357,307.1633,22,0
2.834965,2.305849,110.9172,20,8.104821,6.335259,334.8744,22,0
2.891849,2.399678,122.2653,20,8.211998,6.429167,354.9397,22,0
2.772726,2.28085,120.6246,20,7.959264,6.142337,357.8138,24,0
2.768095,2.246389,130.2654,22,7.188589,5.662464,309.0856,23,0
2.618486,2.144283,119.2519,21,6.965525,5.36122,297.4859,23,0
2.542922,2.122632,115.0334,22,5.892436,4.621986,255.5569,23,0
2.555879,2.166631,108.6268,22,5.338265,4.269836,215.63,22,0
2.504747,2.119146,99.85495,22,4.929896,3.797076,179.1724,21,0
2.268099,1.925408,84.8774,22,4.888065,3.733819,215.4095,23,0
2.261637,1.935194,87.11752,22,4.389503,3.559194,214.5185,22,0
2.11508,1.728145,76.21883,23,4.729218,3.878393,222.5466,23,0
2.136108,1.644639,73.37904,24,5.312932,4.142282,252.9701,24,0
2.076082,1.573076,75.7093,25,5.707277,4.525681,281.1561,25,0
1.971116,1.465939,69.05205,24,6.896812,5.173047,318.7853,25,0
1.945529,1.429068,64.55055,25,6.734201,4.989986,292.9314,27,0
2.199142,1.693063,76.62066,23,6.578319,4.760424,283.4022,23,0
2.002692,1.547452,73.89396,24,6.525911,4.929173,269.5072,23,0
2.075533,1.616605,78.50707,24,6.703745,5.115708,271.533,22,0
2.126224,1.657823,85.09024,25,6.136089,4.853985,231.5396,21,0
2.125077,1.656832,87.4157,25,6.029182,4.667435,231.0483,20,0
1.698506,1.315423,70.705,26,5.823835,4.410901,237.4958,25,0
2.050886,1.580257,86.85998,25,5.674555,4.237372,259.1415,26,0
2.120465,1.594157,84.80486,23,5.545185,4.196268,259.6068,26,0
2.279585,1.720104,84.03403,21,4.408742,3.379326,230.522,26,0
2.199614,1.62089,82.95092,21,4.855642,3.840347,263.3857,25,0
2.441627,1.907079,89.767,21,5.021152,3.916523,252.8945,24,0
1.853879,1.611282,66.82677,24,3.434228,2.527558,143.9821,22,0
1.706985,1.48691,72.07041,25,3.444741,2.541377,134.2722,22,0
1.714423,1.461957,70.96117,25,3.665617,2.633506,157.0791,22,0
1.750471,1.484426,68.65875,26,3.813397,2.783361,166.6426,23,0
1.801489,1.506382,78.64986,25,3.225285,2.473418,141.3786,23,0
1.994598,1.62666,84.45691,25,3.493284,2.663624,156.7079,24,0
2.085826,1.696741,84.13354,24,3.830739,2.944459,184.9499,25,0
2.105305,1.72903,81.31444,26,3.537137,2.82239,159.8784,24,0
2.287687,1.933108,92.56927,25,3.505725,2.850471,157.9985,23,0
2.402923,2.034485,101.8382,24,3.290711,2.661683,152.8658,23,0
2.514638,2.141794,114.9063,24,3.086934,2.540386,136.6292,21,0
2.559343,2.106097,120.0042,23,2.574548,2.153333,102.6488,19,0
2.508642,2.052248,120.2125,22,2.634304,2.130893,103.3569,20,0
2.461441,1.976157,124.7804,24,2.529919,1.931124,102.2778,20,0
2.37099,1.896663,120.5641,25,3.217355,2.373824,115.3458,20,0
2.508162,1.955439,117.9842,25,4.351452,3.136603,184.2413,21,0
2.390759,1.897077,104.8288,25,4.356476,3.104227,189.0796,23,0
2.647309,2.128522,114.4103,24,4.883894,3.541458,211.2771,23,0
2.541389,2.000835,104.7487,23,4.958151,3.717821,212.2751,23,0
2.446943,1.866648,90.81155,23,4.815127,3.705165,200.3864,22,0
2.770536,2.099681,116.425,22,4.350922,3.312637,155.404,24,0
2.9124,2.269441,122.732,20,4.965527,3.996199,194.6948,24,0
2.680009,2.015392,119.3236,23,4.38549,3.517835,175.1231,24,0
2.937834,2.291151,138.8713,25,4.923344,4.05943,213.8122,24,0
3.236006,2.65719,160.2147,25,5.503594,4.430117,268.7959,24,0
2.608431,2.123207,124.8244,23,5.241368,4.164985,249.079,24,0
2.570737,2.089977,129.0484,24,5.192919,4.119902,239.7742,23,0
3.015584,2.460509,137.4661,21,5.346846,4.25946,250.356,23,0
3.038645,2.51311,136.0721,20,5.292934,4.219475,247.3315,23,0
2.826554,2.271727,123.2649,21,4.788203,3.851665,211.8639,23,0
3.1402,2.449269,133.8503,22,4.672504,3.799706,222.1947,22,0
3.491428,2.723469,159.7192,22,4.258274,3.437601,196.6002,25,0
3.304392,2.585784,165.0139,23,4.028466,3.172002,186.5462,25,0
3.538996,2.674971,171.3047,25,4.052857,3.151158,182.0208,24,0
3.706196,2.901946,179.0775,25,4.482181,3.407882,196.3186,25,0
3.491374,2.785175,167.2502,23,4.817154,3.564513,198.4931,25,0
3.191003,2.544688,141.73,23,4.671299,3.343391,199.3378,23,0
3.188135,2.513997,132.4534,24,4.668716,3.397345,199.9798,22,0
2.887104,2.354252,133.761,24,4.312875,3.084002,178.8741,22,0
2.968809,2.420819,132.8069,25,3.880429,2.833185,162.5557,22,0
3.205332,2.639805,146.5769,26,4.067086,3.098736,165.651,23,0
3.4045,2.805487,167.8479,26,4.997589,3.817685,224.3322,23,0
3.333391,2.756934,160.8162,24,5.508729,4.39382,244.0401,26,0
3.109393,2.492209,134.0275,23,5.87192,4.802253,292.2984,26,0
2.826529,2.181306,123.6982,23,5.890427,4.899478,294.6337,25,0
2.653419,2.026711,121.2462,23,5.562294,4.62264,272.2672,25,0
2.215041,1.703685,92.34669,25,5.100056,4.368521,228.2652,26,0
2.324674,1.76829,103.1444,25,5.608962,4.553435,247.6329,25,0
2.683303,1.99677,115.43,25,6.258382,4.891803,263.834,25,0
2.71052,2.076008,116.1192,23,6.362673,4.976372,272.4972,24,0
2.999403,2.279203,133.633,23,7.023351,5.506124,317.7806,24,0
3.308944,2.622541,170.4353,22,7.362203,5.775317,341.6484,24,0
3.368908,2.683633,171.4764,22,11.98651,8.127362,511.7199,23,0
3.560714,2.834937,169.8497,18,11.79446,7.898614,497.1687,24,0
3.867651,3.125456,193.2837,19,12.25284,8.592336,547.5471,24,0
3.765957,3.103762,166.2012,20,12.80071,9.414135,576.0208,26,0
3.606898,2.908395,146.942,18,14.09914,10.84377,676.7534,24,0
3.485416,2.796022,143.1636,19,10.00472,7.913227,496.1801,25,0
3.178134,2.606778,149.4896,20,9.888803,7.921293,450.6988,24,0
3.030394,2.522654,139.9174,22,9.156463,6.965156,395.2705,23,0
2.757059,2.233901,138.4856,21,14.80864,9.334495,556.8171,22,0
2.568361,2.008678,122.9757,23,13.75002,8.046275,482.2283,23,0
2.480415,1.93321,114.8025,23,14.18396,8.650631,493.2759,22,0
2.756099,2.162727,115.7217,23,14.33236,8.848988,513.4873,21,0
2.930317,2.231752,118.6751,22,14.60392,9.459336,546.9099,22,0
3.065176,2.354571,126.9775,23,8.196482,6.464376,353.0815,22,0
3.210586,2.580187,137.2248,21,7.387347,5.715667,297.6289,22,0
3.238183,2.603242,140.7324,23,6.565269,5.149125,291.1927,23,0
2.933381,2.338227,139.9262,23,5.878121,4.563048,275.8485,24,0
2.46926,2.025164,128.0321,24,5.416109,4.210768,241.0056,25,0
2.749043,2.244838,145.6349,23,4.758707,3.822597,247.8768,25,0
2.84691,2.355716,143.4788,23,6.158571,4.855676,293.4423,23,0
2.790148,2.286151,140.3346,23,6.136559,4.878058,282.1936,22,0
2.960654,2.314989,121.8201,24,6.297655,5.03597,287.7503,21,0
3.180814,2.534395,131.119,22,6.314637,4.97608,285.4775,21,0
2.910717,2.281039,109.663,22,6.180295,4.890925,254.7164,19,0
2.72416,2.079384,104.0211,22,5.002755,4.067172,227.4533,21,0
2.800663,2.183682,99.06788,21,5.855313,4.534012,255.2484,22,0
2.753445,2.245687,116.1929,21,5.781273,4.372122,247.5015,23,0
2.61381,2.124332,114.2789,23,5.701628,4.36139,240.934,21,0
2.396018,1.91644,99.43167,23,5.708097,4.408615,240.1147,21,0
2.375897,1.928543,97.41245,24,5.935963,4.66343,250.4409,19,0
2.352836,1.908196,93.10131,23,5.163521,4.280846,237.2375,20,0
2.075764,1.679166,76.54054,23,7.87366,5.647842,319.9477,20,0
2.063133,1.653214,65.78558,22,8.304568,6.018103,372.5109,22,0
2.35509,1.865312,81.7247,22,8.953002,6.562731,396.3541,22,0
2.603474,2.058544,96.43159,22,9.774491,7.183087,414.9644,20,0
2.725648,2.175173,109.5836,22,10.36872,7.699339,426.0291,20,0
3.303533,2.707112,152.6895,21,8.392604,6.25806,345.8093,21,0
3.260093,2.7234,158.7605,22,7.828191,5.59902,311.5147,22,0
3.373893,2.915143,157.7825,21,6.984697,4.954391,305.6069,24,0
3.24862,2.777838,150.1633,22,5.845215,4.317352,280.7105,26,0
3.12064,2.605026,144.8975,23,4.649802,3.709711,263.7622,25,0
2.633185,2.264246,98.85395,22,5.143929,4.041059,261.0319,24,0
2.460433,2.034864,82.27458,22,5.283646,4.177164,250.7224,23,0
2.179891,1.804628,84.8362,23,5.113328,3.945902,226.3468,23,0
2.113654,1.753847,84.63269,23,4.57422,3.565256,220.3979,24,0
2.165337,1.81997,86.11138,24,4.974272,3.864954,237.2765,25,0
2.089342,1.722494,93.19633,25,4.464319,3.481956,227.4211,24,0
2.080018,1.697984,97.60401,24,4.16642,3.189379,211.8018,23,0
1.989921,1.632726,84.13094,23,4.366283,3.425868,214.9763,22,0
1.919608,1.541363,76.4014,22,4.482663,3.505308,210.0604,21,0
1.73799,1.385441,72.5923,22,4.178806,3.316823,198.9044,21,0
1.579778,1.283163,63.67679,20,3.932736,3.097959,200.5533,23,0
1.61565,1.27833,60.23257,20,4.023967,3.244549,219.9867,26,0
1.591227,1.256783,66.5006,20,4.012438,3.209696,204.0259,28,0
1.614022,1.303922,69.08745,20,3.981143,3.136151,203.4453,26,0
1.70706,1.377428,69.75256,21,3.535459,2.781208,164.537,26,0
1.812058,1.434025,77.4649,22,3.649576,2.911154,158.2071,24,0
1.775522,1.474012,58.07987,25,4.056131,3.099758,189.1594,25,0
1.875245,1.560302,68.32773,23,3.949551,2.972025,192.4359,26,0
2.11992,1.804605,71.06039,22,4.12813,3.149447,203.0372,26,0
2.149826,1.811527,68.50439,24,4.194141,3.211721,210.5159,25,0
2.01154,1.611391,71.25267,23,4.188971,3.144274,212.7987,25,0
2.045003,1.623598,78.06933,24,3.940511,2.953237,215.3552,27,0
2.027203,1.650148,79.61194,25,4.149093,3.188385,223.2363,25,0
1.853673,1.488828,71.20157,25,4.500038,3.462755,251.9661,25,0
1.823699,1.499058,74.73053,23,5.194835,3.933207,285.2414,26,0
1.997775,1.690754,78.08031,23,4.662157,3.503731,256.3025,25,0
2.081457,1.738344,72.60141,21,5.346168,4.145896,277.9453,23,0
2.056984,1.683595,70.6841,20,5.617384,4.4286,304.3896,23,0
2.013466,1.657404,80.67898,20,5.145543,3.874122,255.7065,24,0
2.020945,1.684309,81.30302,21,4.517453,3.496929,218.7912,25,0
2.099719,1.751013,84.50546,21,4.606305,3.591489,216.2029,24,0
2.341026,1.964836,108.2537,22,3.623591,2.828158,171.6471,24,0
2.331808,1.921438,103.8041,23,3.21675,2.557255,143.8885,23,0
2.379567,1.939608,96.43032,23,3.666107,2.895806,150.2922,23,0
2.404203,1.924022,102.8373,22,3.639026,2.840616,146.2784,21,0
2.47084,1.945862,115.5471,23,4.06602,3.195312,157.9006,22,0
2.81726,2.155338,114.746,23,4.560267,3.725967,166.7081,21,0
3.007508,2.383718,132.7796,22,4.664368,3.840528,183.7676,21,0
3.024628,2.42557,138.8689,21,4.960536,4.022637,187.4082,20,0
3.034609,2.448521,137.2752,21,4.946548,4.071712,185.816,20,0
2.954756,2.359421,127.7268,19,4.746068,3.919042,175.7288,19,0
2.885614,2.270859,137.6739,20,4.645917,3.747994,193.6669,19,0
2.819582,2.246816,135.7613,22,5.089966,4.141556,187.7658,20,0
2.860574,2.285875,131.7476,22,4.573316,3.751171,182.1612,21,0
3.021488,2.42693,144.3144,22,4.448617,3.574282,192.0729,23,0
2.989862,2.405658,146.3446,24,4.449866,3.576178,205.6262,24,0
2.534337,2.112356,125.3713,24,4.174076,3.351096,201.1368,25,0
2.571797,2.080476,117.8413,24,3.244312,2.643193,173.5275,24,0
2.363703,1.844794,117.789,24,3.305145,2.682775,174.6777,23,0
2.167973,1.754372,100.3709,23,3.347509,2.727895,166.1603,23,0
2.047585,1.620974,91.10436,22,3.273749,2.678761,149.4126,22,0
2.815848,2.063252,100.8785,23,4.130082,3.324775,154.3182,21,0
2.829978,2.128061,111.1932,22,4.709764,3.789414,197.6843,20,0
3.503335,2.635937,130.2585,22,5.643793,4.49299,239.438,20,0
3.781264,2.912183,140.4513,21,6.314917,5.115341,254.4044,19,0
3.868035,3.045393,150.0765,21,6.315406,5.07004,250.9792,21,0
3.248263,2.426121,120.0559,23,6.144272,4.704475,258.9763,21,0
3.30546,2.491045,116.1404,22,6.297161,4.85458,269.0168,23,0
2.74198,2.211666,106.2187,23,5.588621,4.331384,246.1109,23,0
2.231919,1.796446,100.5848,25,4.984247,3.924834,242.2603,24,0
2.139141,1.694725,92.91808,25,5.113984,3.965208,249.6747,21,0
2.528047,2.039634,114.297,22,5.094191,4.031584,257.9011,22,0
2.535305,2.01398,114.4606,21,4.646903,3.755895,224.4018,22,0
2.582927,1.957908,112.9386,22,4.546618,3.602031,203.0678,21,0
2.851502,2.231698,138.8104,24,5.270867,4.098951,248.9379,22,0
3.121819,2.56244,145.4217,22,5.37506,4.13309,258.0814,22,0
3.418954,2.770526,155.9476,24,4.901863,3.667641,218.0394,22,0
3.355725,2.713482,154.9239,23,4.686103,3.436968,200.9454,22,0
3.434088,2.903192,151.2622,21,4.56286,3.370807,198.0987,22,0
3.407099,2.839589,137.8702,20,3.807575,2.959448,150.0422,21,0
3.412182,2.852216,147.1179,20,3.328615,2.74291,144.1291,21,0
3.181878,2.676118,139.7123,19,4.535894,3.593633,201.256,22,0
3.085469,2.599951,125.5361,20,5.50742,4.242738,246.0762,21,0
3.290136,2.775014,123.0174,19,8.638696,6.035345,352.6998,23,0
3.303594,2.795305,120.9299,19,9.364612,6.936885,378.9914,23,0
3.30456,2.746082,119.0994,21,9.420943,7.062073,378.0249,23,0
3.264821,2.724722,112.9882,20,9.476514,6.978785,398.3234,23,0
3.404308,2.87389,130.4192,19,9.718158,7.361401,451.188,24,0
3.111576,2.553107,142.3633,20,8.237783,6.687086,403.515,22,0
3.235495,2.665907,148.0721,22,7.738942,6.192653,401.8353,24,0
3.093856,2.571446,139.8762,22,9.182642,7.17726,469.5615,26,0
3.13517,2.638475,144.5143,22,10.2756,7.792553,485.5969,25,0
3.15776,2.649578,143.699,24,9.834344,7.128078,400.1897,25,0
3.162489,2.686576,132.5898,22,9.208521,6.578959,355.6303,24,0
2.9182,2.4664,114.8792,21,9.294985,6.670508,379.2035,22,0
2.942822,2.512379,113.8896,22,8.165739,5.986813,329.5929,22,0
2.548105,2.099098,101.6257,23,6.707152,5.444041,322.8079,24,0
2.534351,2.107322,101.2266,21,6.513705,5.311461,329.9499,22,0
2.440732,1.989239,99.406,21,5.984222,4.586504,310.4648,25,0
2.462822,2.013911,101.6164,20,5.17748,3.783291,254.7317,24,0
2.257945,1.819816,94.94922,21,4.530287,3.326261,234.3845,23,0
2.437976,2.01338,105.4603,21,3.31038,2.56866,157.8004,22,0
2.199225,1.803949,90.73249,21,2.84734,2.349018,138.6711,22,0
2.075492,1.678212,82.43937,23,2.845961,2.302749,134.9897,22,0
2.024897,1.66139,95.22092,24,2.64508,2.137454,125.277,24,0
2.127285,1.774567,89.05765,25,2.585182,2.057935,117.453,24,0
1.929855,1.616632,72.50133,24,2.7956,2.247302,115.5586,23,0
1.766252,1.470034,73.56068,25,2.690303,2.16323,108.6148,23,0
1.754636,1.475468,73.56984,24,2.819995,2.340236,104.0353,21,0
1.59332,1.291774,49.95534,24,3.218932,2.628081,119.4755,19,0
1.334541,1.067794,49.70771,21,3.801023,3.112398,154.7207,19,0
1.414438,1.127233,51.78714,22,3.735882,2.96982,160.3251,18,0
1.999576,1.498376,56.9712,20,3.797385,3.061749,165.4168,19,0
2.071709,1.576739,62.80527,22,4.150966,3.386614,214.0083,21,0
2.017821,1.557719,64.16953,22,3.907539,3.168041,202.5675,22,0
1.998889,1.51859,63.80936,23,3.515376,2.821234,165.8481,24,0
1.970119,1.472941,69.49929,24,4.418322,3.454326,200.3101,24,0
1.33871,1.04109,57.71505,24,4.630002,3.682773,213.991,22,0
1.260368,0.9402121,48.51474,22,4.233349,3.273106,168.4252,22,0
1.219362,0.9240121,47.01419,21,4.505774,3.55152,183.4264,21,0
1.47157,1.131229,47.91853,21,4.626474,3.68544,192.9353,20,0
1.416957,1.078984,44.86389,21,4.122794,3.310757,177.9779,22,0
1.647729,1.26746,53.70324,20,4.264579,3.298146,184.8917,24,0
1.819416,1.454275,70.04982,22,4.259924,3.238338,188.1241,25,0
1.830049,1.459236,73.07464,24,4.40551,3.3453,206.1336,25,0
1.807485,1.318994,69.85199,22,1.371813,1.038341,39.28015,23,1
2.232105,1.649064,92.32347,23,1.40736,1.103299,40.26459,26,1
2.338541,1.783477,99.04597,23,1.533343,1.211714,48.47657,23,1
2.621758,2.125289,123.5031,21,1.69656,1.363991,58.53711,23,1
2.808811,2.301666,133.4954,22,1.74456,1.421568,64.35238,22,1
3.106726,2.592622,138.2249,22,2.344537,1.78524,87.97083,21,1
2.917025,2.413757,124.9447,23,2.388101,1.826931,95.80652,19,1
2.916022,2.363013,121.1247,22,2.542459,1.985458,102.597,20,1
2.535584,1.993326,99.21037,22,2.425006,1.809967,92.87147,21,1
2.232323,1.715427,81.45877,22,2.917834,2.143048,112.8149,21,1
1.957496,1.581512,76.23341,21,2.645518,1.996146,102.4992,21,1
2.377639,1.740404,80.65533,19,2.641205,1.92837,98.61399,20,1
2.719935,1.963882,89.49873,20,2.554821,1.865937,88.79559,21,1
2.89804,2.164395,104.43,20,2.996422,2.326391,114.1505,20,1
3.890054,2.944826,168.1497,20,2.678128,2.107713,116.1215,21,1
4.82509,3.589613,213.5792,23,3.082628,2.444956,134.8387,22,1
5.192469,3.844786,254.1328,25,3.595869,2.925649,162.3165,23,1
5.880356,4.375304,306.9955,26,4.065864,3.390804,199.2821,23,1
6.062601,4.637803,326.6104,25,4.297203,3.490864,212.0236,23,1
5.709398,4.280138,287.2048,26,4.779751,3.928031,241.7185,23,1
5.006949,3.678427,250.9583,25,6.25412,4.821053,296.6096,21,1
4.868424,3.632816,244.011,24,6.920842,5.3965,324.6014,21,1
5.305301,4.013828,245.3937,24,9.918623,7.277052,445.3345,21,1
5.551519,4.23704,258.3186,24,11.1908,8.760629,537.9575,20,1
5.863997,4.542843,274.0831,23,11.15819,8.765157,528.4042,20,1
6.567057,5.224651,312.392,23,11.04978,8.701966,521.8103,22,1
6.339272,4.964914,288.3215,23,10.82646,8.236433,529.6904,22,1
5.323442,4.121904,248.4243,24,8.160006,6.335505,388.8873,25,1
5.101545,3.976744,235.7209,25,6.192866,4.797982,298.4576,27,1
4.87729,3.876752,212.877,25,6.060146,4.681441,277.2693,26,1
4.151541,3.464432,184.7751,25,4.748836,3.852751,219.5602,26,1
4.176069,3.575552,182.0289,24,4.530619,3.758654,196.9455,24,1
4.5328,3.843726,175.9047,23,4.201072,3.405701,185.8855,24,1
4.453969,3.751356,175.5332,21,4.154455,3.36413,176.6353,22,1
4.222167,3.447032,174.8612,22,4.262061,3.398981,179.8616,23,1
4.463268,3.640316,193.8318,22,4.023014,3.08197,168.2415,24,1
4.275433,3.336801,193.3711,24,3.708512,3.043955,170.8327,23,1
3.711711,2.912703,183.6531,24,3.732306,3.058492,164.0893,25,1
3.429013,2.625567,163.7363,24,4.096324,3.264679,175.689,25,1
3.323501,2.507745,156.392,22,3.75586,2.991205,183.2626,24,1
2.543537,2.025322,123.0967,23,4.660232,3.704622,206.3385,24,1
3.088434,2.467456,138.6745,22,5.488524,4.278563,243.8938,24,1
3.348913,2.694651,142.1422,22,5.580121,4.445751,262.3042,21,1
3.283633,2.582465,140.61,22,5.128098,3.953651,242.6595,25,1
3.934132,3.005299,172.3558,22,6.372969,4.915186,301.3169,24,1
4.28577,3.323757,198.2324,23,7.940717,5.964752,388.6122,24,1
4.163981,3.223766,188.1214,22,8.225612,6.249265,373.5351,22,1
4.487569,3.448479,202.9066,21,8.38783,6.478624,399.1528,22,1
4.674759,3.722544,221.058,22,8.447667,6.619667,396.8188,22,1
4.248209,3.428108,199.4938,22,7.841823,6.09874,338.5316,23,1
3.766474,2.916433,161.5438,22,5.964967,4.792978,243.1632,24,1
4.20943,3.266906,198.4926,24,5.536708,4.45272,256.7187,26,1
3.887013,3.016892,200.3343,25,5.911302,4.764195,277.7106,26,1
4.302727,3.350466,202.1981,23,6.397662,5.32028,323.2003,25,1
4.616566,3.623111,220.3733,23,6.281971,5.160138,332.1388,25,1
4.917214,4.095657,236.5873,22,6.348208,5.159099,336.5182,26,1
4.429387,3.611705,204.9279,22,5.600912,4.426331,280.7078,26,1
4.52112,3.820076,205.759,23,5.250961,4.14387,257.3423,26,1
4.161891,3.488796,205.8227,25,5.071558,4.024908,250.536,26,1
3.880652,3.276713,178.404,23,5.717368,4.417732,276.435,26,1
3.72214,3.152887,168.6985,24,7.290554,5.3301,345.4064,26,1
3.637427,3.055564,151.101,23,7.210589,5.265769,354.6334,25,1
3.451706,2.826115,148.1637,22,7.187182,5.199891,330.6279,25,1
3.634986,2.993804,154.6589,23,7.491827,5.466475,342.6889,24,1
3.914125,3.270877,179.7287,25,7.545258,5.621873,331.0429,25,1
3.849019,3.136468,186.4501,25,5.857696,4.557477,255.0175,25,1
3.817954,3.117242,183.6458,25,6.368635,5.118038,278.2228,24,1
3.510508,2.803,153.8708,25,6.16948,4.981699,288.177,25,1
3.195476,2.565675,143.1875,25,6.018339,4.816877,282.1276,25,1
2.974293,2.434956,126.8801,23,5.985477,4.78268,262.4356,22,1
2.898716,2.377233,120.1781,22,5.857989,4.636154,256.3313,21,1
2.822511,2.248333,114.4447,22,5.410014,4.19557,222.8949,22,1
3.085295,2.529368,126.3995,20,5.624536,4.341625,229.3311,21,1
3.525944,2.864164,135.1356,19,5.163457,3.89762,191.0219,22,1
3.158911,2.512469,134.5659,18,4.722369,3.461318,194.2175,24,1
3.221199,2.5336,132.4254,18,4.874407,3.637836,208.8833,26,1
3.742068,3.085237,178.3895,19,4.815216,3.595142,214.7694,26,1
3.62092,2.95326,177.1513,22,4.859613,3.641304,205.8878,25,1
3.018374,2.461393,147.0011,23,4.578825,3.412342,202.2404,23,1
3.019378,2.459137,142.098,23,3.728552,2.791383,161.4615,23,1
2.862622,2.308927,131.5453,24,3.385955,2.491625,134.6845,24,1
2.29613,1.843979,95.18549,23,3.130918,2.228081,117.9876,22,1
2.084567,1.584699,80.81036,21,3.280066,2.273094,130.3185,24,1
2.174566,1.692058,74.15073,21,4.47869,3.064617,174.9407,23,1
2.148856,1.68121,75.31786,21,4.946207,3.578468,217.6504,24,1
2.440831,1.949649,97.97408,20,5.120109,3.84709,218.2568,22,1
2.286807,1.87215,93.67461,23,5.446497,4.196843,240.565,23,1
2.450114,2.08483,97.6319,26,5.348632,4.108943,222.8704,21,1
3.0989,2.477668,138.3743,26,4.766695,3.680905,206.0079,22,1
3.164386,2.535551,143.8791,25,4.801828,3.753401,190.4898,20,1
2.975658,2.352052,127.9312,25,4.560939,3.42859,184.8331,21,1
3.189569,2.59608,142.3016,24,4.635571,3.506746,196.6375,20,1
3.188129,2.572629,147.3547,22,4.759101,3.668706,210.0627,21,1
2.563889,2.144377,110.7514,21,4.522696,3.50153,186.6413,20,1
2.375284,1.986511,101.1382,23,4.613698,3.575297,184.5411,22,1
2.232624,1.789199,91.86085,22,4.664818,3.586569,194.2157,23,1
2.015995,1.60989,85.84751,23,4.671496,3.692322,193.3298,23,1
2.247409,1.748113,105.1702,25,4.355935,3.4465,183.5798,22,1
2.26553,1.763151,115.4489,26,4.409571,3.448446,183.2081,23,1
2.281916,1.762328,122.5032,26,3.88845,3.046016,177.5446,24,1
1.845356,1.506824,69.56997,24,1.267626,1.046725,39.78207,23,1
1.882156,1.479666,78.89468,22,1.32107,1.054006,47.06417,23,1
2.203953,1.690373,91.98167,21,1.398775,1.132993,54.48537,24,1
2.138269,1.645338,92.98381,21,1.600008,1.2886,64.72281,26,1
2.197974,1.69745,96.93968,21,1.715704,1.386308,78.07553,25,1
2.149908,1.642943,93.03973,22,1.855247,1.505022,83.61983,27,1
2.158594,1.659227,96.72256,22,1.901346,1.565501,94.14758,26,1
1.747446,1.415362,78.25058,25,2.084341,1.731339,98.54133,25,1
2.143475,1.620872,85.9509,25,1.873499,1.467968,90.03641,26,1
2.79355,2.060754,115.0392,24,1.939373,1.541282,84.63371,24,1
3.255333,2.520568,134.1218,23,2.193225,1.71089,84.65547,21,1
3.521399,2.820956,138.587,22,2.186386,1.716803,80.22135,21,1
3.748015,3.090173,155.6365,21,2.367261,1.792318,91.89662,21,1
3.775557,3.095827,149.142,21,2.73159,2.176363,112.6326,20,1
3.777339,3.078723,142.1964,19,2.636743,2.057972,114.9357,19,1
3.563907,2.860659,128.3917,21,2.837901,2.203538,124.1296,22,1
3.466096,2.759547,139.2505,20,3.865017,3.000126,177.6505,23,1
3.402168,2.713743,139.4187,22,4.11616,3.222911,189.8436,23,1
3.344086,2.778721,138.946,22,4.383809,3.523672,198.4985,23,1
3.170106,2.691924,141.2013,23,5.110731,4.246981,258.8965,24,1
3.310103,2.826644,164.9802,23,5.412726,4.527204,295.5317,24,1
3.406768,2.947185,161.9287,24,5.425362,4.477495,298.0569,24,1
3.771272,3.24607,182.0319,23,5.620828,4.722829,290.1782,22,1
4.370929,3.670313,227.1644,24,5.777308,4.726561,313.5522,23,1
4.84079,4.013966,246.2808,22,5.596343,4.553113,282.8777,23,1
4.929502,4.034713,231.2276,23,5.220809,4.145928,237.2264,22,1
4.72385,3.669184,206.48,21,4.548943,3.520941,175.3396,22,1
4.527097,3.443488,182.3129,20,4.052149,3.111263,164.8549,24,1
4.130822,3.163753,155.83,20,3.985365,3.225082,144.3729,23,1
3.488939,2.794408,118.8251,19,3.531552,2.870776,126.1624,23,1
3.490904,2.886024,119.2897,18,3.535749,2.90181,132.2472,24,1
4.185634,3.494816,153.2758,19,4.123129,3.37868,162.2938,23,1
4.049805,3.303649,154.5546,22,4.230361,3.458191,190.7431,22,1
4.357184,3.528148,158.5906,23,3.849532,3.041159,179.0101,24,1
4.270566,3.396901,160.7061,23,4.040761,3.254213,193.0962,24,1
4.009006,3.097865,151.1778,23,4.105258,3.331802,195.0717,21,1
3.714317,3.019615,133.365,24,4.779871,3.540692,207.7986,22,1
3.828362,3.136079,141.1306,22,4.909622,3.673874,208.1529,23,1
3.59875,2.964831,141.1128,23,5.159159,4.048756,224.042,23,1
3.592735,2.890031,151.0864,25,5.316752,4.241243,235.3216,22,1
3.847167,3.18582,157.472,26,5.58712,4.531441,243.1281,23,1
3.535972,2.793791,160.137,24,4.957231,4.218731,225.6559,24,1
3.334411,2.643486,149.1918,24,5.41593,4.530591,229.4156,22,1
3.057339,2.478601,135.8658,25,5.780273,4.856887,240.5067,22,1
2.961603,2.424594,121.6661,26,5.461123,4.355609,210.5848,22,1
2.727463,2.237425,119.9585,26,5.329,4.198792,209.8039,20,1
3.277507,2.641345,116.3682,23,5.472599,4.306936,221.2729,22,1
3.857697,3.05924,146.5797,23,5.545433,4.447948,243.9789,22,1
3.741449,2.95002,151.377,22,4.802729,3.658581,214.0789,21,1
4.076272,3.267477,167.2667,21,5.511727,4.322475,244.959,22,1
4.562046,3.733503,206.2479,22,5.749646,4.529782,268.5292,22,1
4.253435,3.493085,202.2451,26,5.716656,4.566772,285.5976,22,1
3.983503,3.322825,194.7646,27,5.252212,4.155975,272.2701,23,1
3.974164,3.298936,183.2398,28,6.217134,5.120428,318.8223,24,1
3.675375,3.04438,178.6125,26,5.913645,4.920233,329.0637,23,1
3.154678,2.647322,153.8492,25,5.642255,4.657724,308.0478,23,1
3.333342,2.649966,162.3557,21,6.742117,5.347853,344.2882,22,1
3.36461,2.700404,147.1748,20,6.994923,5.603305,350.2344,21,1
3.944957,3.148573,164.2235,20,6.56053,5.075136,318.682,22,1
4.101875,3.323383,174.8999,20,7.095378,5.523997,344.3111,23,1
4.14373,3.370065,168.3648,20,7.016415,5.389157,346.4843,24,1
4.206087,3.472769,168.3281,21,5.939819,4.66296,281.8641,24,1
4.073978,3.355304,175.1367,23,6.246329,4.809118,301.3442,24,1
3.978093,3.191949,181.8127,24,6.168689,4.912097,289.9452,25,1
3.964895,3.163947,176.6763,23,5.836861,4.567595,245.6424,22,1
3.807117,2.986086,160.9605,23,5.843236,4.586264,239.7578,20,1
3.579598,2.838646,163.3633,24,5.538834,4.239028,244.3647,21,1
3.430961,2.634759,143.6704,23,4.637116,3.583001,190.3401,21,1
3.3931,2.644262,133.6644,22,4.462627,3.386067,202.1669,21,1
3.369406,2.714507,123.2861,23,4.045905,3.258712,196.1532,25,1
3.492903,2.77842,136.9238,23,4.601511,3.665486,246.006,26,1
3.575176,2.81584,146.1702,23,4.852829,3.999633,240.2821,26,1
3.644729,2.947491,137.8543,24,4.99999,4.158693,246.3519,25,1
3.522993,2.862275,145.1319,25,5.201593,4.2859,267.0633,25,1
3.348489,2.592786,156.5921,27,4.872224,3.948186,256.228,23,1
3.87798,3.012464,182.0921,26,4.751903,3.786396,226.4396,23,1
3.856881,2.986519,177.8962,26,4.853662,3.821455,256.7321,23,1
3.780084,2.883909,179.0893,26,5.191318,4.099476,258.8326,23,1
3.436941,2.623323,146.6165,24,4.874903,3.791647,221.1076,21,1
3.56601,2.776337,150.9045,24,5.162152,4.044834,241.3584,22,1
2.876772,2.324882,121.9386,22,4.758886,3.78097,215.5333,21,1
2.586207,2.113015,105.3573,23,4.414547,3.441486,190.4878,20,1
2.576853,2.095549,106.2779,22,3.637997,2.869533,164.3478,19,1
2.476759,1.983998,107.6923,22,3.475134,2.782927,163.0053,19,1
2.452096,1.891615,95.20744,21,2.841686,2.260994,129.6866,20,1
2.435144,1.851824,95.73277,22,2.70602,2.16041,126.9252,20,1
2.371629,1.747972,87.20804,18,2.470297,2.001302,113.2412,21,1
2.359915,1.745261,83.25932,19,2.590781,2.111178,117.3095,23,1
2.432847,1.875445,89.71235,19,3.361761,2.563177,145.9272,23,1
2.191651,1.750525,90.63654,21,3.919095,3.09543,166.001,24,1
2.031427,1.691757,77.70461,19,4.562292,3.575101,193.7443,25,1
2.143668,1.828342,83.71712,21,4.527425,3.543112,194.7355,25,1
2.166871,1.866659,87.44592,22,4.832283,3.757928,209.241,25,1
2.026577,1.744842,85.54648,21,4.378553,3.264681,183.7292,26,1
2.013679,1.763537,74.32341,20,4.016778,2.998231,171.1184,25,1
2.165348,1.852639,84.53019,21,3.098364,2.264022,135.8075,26,1
2.358439,1.985481,91.92162,20,3.218289,2.337199,144.1236,26,1
2.256826,1.844802,90.60886,20,2.45733,1.800998,109.0125,26,1
2.195787,1.741835,87.18761,22,2.418927,1.874272,109.8006,25,1
2.254849,1.783337,92.3241,23,2.212727,1.664573,104.5204,27,1
2.140451,1.699448,88.67085,23,2.235844,1.736325,99.7511,25,1
1.995142,1.669148,77.27289,26,1.961112,1.569263,82.76379,25,1
2.074875,1.758583,80.83931,25,2.033726,1.62374,89.33154,23,1
2.195153,1.900674,79.26553,24,2.001943,1.553129,89.41972,23,1
2.145635,1.839203,75.94955,22,2.605155,1.905802,105.3451,23,1
1.915963,1.591716,66.35698,24,3.129961,2.369232,149.0702,22,1
2.212801,1.670622,84.50465,22,4.449936,3.281166,200.2521,22,1
2.092669,1.480598,73.38288,22,4.620647,3.528589,210.2165,22,1
1.936302,1.313795,76.67562,23,5.223288,3.842305,213.5791,22,1
2.045679,1.421028,89.24483,24,5.861444,4.401734,226.583,22,1
2.211452,1.618033,97.30675,23,5.70764,4.177463,216.494,22,1
1.722346,1.323075,80.03143,24,4.962819,3.556777,177.618,21,1
1.91288,1.54732,91.41755,23,4.850064,3.457377,175.0116,20,1
1.980464,1.609962,84.66798,23,4.228728,3.249979,154.045,19,1
2.043311,1.644289,69.95808,22,3.454573,2.758223,153.0207,20,1
2.138658,1.744217,73.75861,23,6.081795,4.268595,242.7678,20,1
2.176652,1.785229,81.84293,23,5.969597,4.120862,249.0399,23,1
2.12485,1.75859,71.7575,23,6.556595,4.736679,290.4767,24,1
2.058288,1.712333,72.11018,21,7.816725,5.853761,404.5635,26,1
2.270421,1.836887,100.76,23,1.550293,1.255334,64.63757,25,1
2.4711,1.985418,108.8642,23,1.602216,1.288118,72.49487,25,1
2.433293,1.894979,105.5191,25,1.659044,1.320253,70.86543,26,1
2.19146,1.676991,89.7745,24,1.780148,1.399085,78.06644,26,1
2.184885,1.634965,93.81081,23,1.706048,1.306655,70.79362,25,1
2.044017,1.607446,91.41634,22,1.70336,1.350544,66.11397,24,1
1.961677,1.639976,87.68492,22,1.734889,1.392751,61.17497,25,1
2.250959,1.873929,94.82664,22,1.902833,1.508636,76.71674,24,1
2.380153,1.990707,104.5447,23,1.920987,1.558237,79.30733,23,1
2.532313,2.160238,110.4432,21,2.699538,2.056052,97.83052,25,1
2.968962,2.439898,121.7599,19,2.787375,2.169659,105.1651,25,1
3.034688,2.481644,122.8876,18,3.195962,2.493391,137.8232,24,1
2.991059,2.439739,115.0393,17,3.248335,2.533785,134.326,24,1
3.065686,2.508549,124.1008,17,3.194552,2.413046,130.9714,25,1
3.093973,2.519761,124.1239,18,3.449106,2.608641,155.8695,25,1
2.652129,2.167546,114.2456,19,3.794757,2.920403,168.9734,24,1
3.573796,2.679456,159.7834,20,3.911677,2.997245,159.8402,21,1
4.642717,3.415284,191.5035,20,4.774479,3.680654,175.6414,21,1
5.509189,4.143527,195.8922,21,5.348872,4.33604,200.1229,22,1
5.615616,4.240627,196.4028,20,4.975595,3.960461,183.1462,21,1
5.982846,4.759396,240.1778,21,5.118896,4.05928,207.6451,21,1
5.678739,4.499072,221.9517,22,5.113399,4.057485,206.4962,24,1
4.885784,3.781482,189.784,23,4.211706,3.213909,182.5312,23,1
5.013463,3.616685,205.0907,23,3.999766,3.099296,178.333,23,1
5.203556,3.817647,240.4448,26,4.274528,3.298601,181.3391,24,1
5.051498,3.70933,214.7997,25,4.108055,3.185031,171.1489,23,1
5.240829,3.940301,223.2872,24,3.827194,2.854303,143.4867,25,1
5.323475,4.119791,230.4433,23,4.704434,3.570793,184.1913,25,1
4.304147,3.615286,189.7354,20,4.27062,3.094337,164.4929,24,1
3.897616,3.306568,152.7222,18,4.32834,3.20717,171.7918,24,1
3.761864,3.124351,141.4353,17,4.654614,3.514944,190.9397,23,1
3.041228,2.478163,104.0534,17,4.76635,3.730496,221.5278,21,1
2.778316,2.260816,106.0573,18,3.874434,3.015253,179.5979,22,1
2.893878,2.330415,120.8139,20,4.019006,3.231765,182.0882,23,1
3.197635,2.531923,143.2274,22,3.667456,2.939873,165.2303,23,1
3.037272,2.458881,134.0782,23,3.27418,2.558524,136.7111,24,1
3.360266,2.732747,150.25,22,4.01202,2.955226,175.9756,25,1
3.569803,2.864449,156.5906,22,4.240623,3.251555,204.0448,25,1
3.799376,3.016392,167.7198,23,4.431095,3.408705,218.1083,25,1
3.727171,3.013337,145.9398,23,4.449386,3.38736,217.0377,23,1
3.690186,2.967142,159.6909,24,4.34831,3.43637,211.8707,21,1
3.509414,2.835053,145.9532,23,3.927337,3.145008,172.6339,21,1
3.440511,2.86533,129.8643,23,4.193793,3.295012,185.9831,20,1
3.160824,2.672214,126.8639,23,4.537064,3.61616,223.4329,22,1
3.907722,3.133661,156.8737,21,5.850544,4.692921,319.6789,24,1
4.165862,3.363174,166.7445,21,6.862674,5.465885,388.1867,25,1
4.496905,3.74486,188.1684,22,6.781613,5.41391,390.7652,27,1
4.610245,3.828079,195.9168,21,6.978074,5.655292,385.5569,25,1
4.613743,3.796226,174.313,21,6.957716,5.49272,362.1258,25,1
3.833185,3.153108,139.573,19,6.410599,5.010654,293.8992,25,1
3.772715,3.178595,127.9637,18,5.740226,4.602441,274.3127,23,1
3.613697,3.061285,112.9326,16,6.728768,5.362442,294.3852,21,1
3.409063,2.835538,118.1677,18,7.06155,5.765805,298.1537,21,1
3.282811,2.703683,114.7757,18,7.050987,5.825041,283.2923,18,1
3.276741,2.638003,120.9788,22,7.580388,6.239851,297.3002,17,1
3.433371,2.695476,148.965,22,9.000562,7.267086,363.8242,18,1
3.460273,2.671632,167.7965,23,8.528975,6.794878,343.436,19,1
3.389792,2.67499,161.7102,22,8.08534,6.045351,318.3857,18,1
3.705048,2.971386,195.8514,23,8.102663,6.074423,326.039,20,1
3.785988,3.149781,200.4169,23,7.910773,5.833575,317.9232,21,1
3.493191,2.858732,175.3356,25,6.872737,5.227979,255.3571,21,1
3.067184,2.467106,147.268,24,6.467048,4.815862,238.4103,20,1
3.30209,2.680266,157.7895,24,6.58811,5.028431,255.0838,20,1
3.227962,2.687246,146.4442,24,6.503254,4.977436,268.0744,20,1
3.667783,2.968791,160.9462,22,6.310651,4.967682,273.8701,19,1
3.979853,3.236462,181.4656,21,6.124401,4.968777,292.1551,21,1
4.273123,3.598182,204.4053,20,6.702993,5.507193,337.5676,20,1
4.070184,3.321675,200.0746,20,7.298586,5.990505,362.3533,21,1
4.158974,3.376362,197.8163,20,7.652642,6.377285,375.6487,20,1
3.961793,3.237597,194.9199,22,7.82092,6.445604,397.5939,22,1
4.079141,3.378204,199.0985,23,7.347038,5.94299,351.8937,23,1
4.044999,3.319957,192.3754,23,7.11094,5.622125,336.6859,25,1
4.114076,3.418487,191.9898,24,6.769637,5.447181,323.6316,27,1
3.9185,3.232695,172.5165,22,6.804815,5.497444,339.1844,26,1
3.729521,3.049281,157.6872,20,6.244727,5.072564,291.9158,26,1
3.318342,2.767907,130.912,20,6.242398,5.086307,314.3057,26,1
3.212934,2.707701,141.6189,21,6.195186,5.133546,326.6051,25,1
3.053415,2.527919,130.1131,21,6.591869,5.282714,350.9458,26,1
2.914027,2.43664,143.8531,23,5.982193,4.660262,294.053,25,1
2.797245,2.223869,133.2742,25,5.877622,4.497835,297.4883,24,1
2.537589,1.99243,126.8978,24,5.61742,4.275214,258.596,24,1
2.762094,2.18283,107.1673,22,5.773093,4.301945,247.8978,24,1
2.867682,2.288374,109.6139,20,4.510244,3.430451,203.0768,25,1
3.056092,2.413138,99.50768,19,4.590927,3.514534,226.925,27,1
3.071414,2.53163,113.2178,17,4.803008,3.733121,236.7615,26,1
3.103796,2.582702,119.394,18,5.252302,4.043935,263.721,24,1
3.30004,2.606127,141.4503,19,4.751606,3.714177,238.1891,24,1
3.180494,2.441968,137.454,21,4.637846,3.594857,226.3015,22,1
2.759612,2.028495,121.3824,24,4.515901,3.402376,201.9903,24,1
2.812349,2.047717,125.5783,25,4.604242,3.406708,190.8033,24,1
2.777265,2.005941,109.6028,24,5.031755,3.564359,190.8928,24,1
1.968501,1.544812,82.97575,22,5.056852,3.615527,187.847,23,1
1.95278,1.564391,86.52458,22,5.359012,4.034947,223.8403,22,1
2.00828,1.615073,89.12849,20,5.866627,4.560534,260.9103,22,1
2.056094,1.639131,74.62,19,5.731759,4.511948,272.5102,23,1
2.20196,1.670747,81.51768,20,5.105474,4.096065,252.5415,24,1
2.420878,1.887049,96.16602,22,5.264528,4.288971,273.2522,25,1
2.60353,2.04971,108.1982,22,5.08864,4.030505,246.7126,24,1
2.639028,2.103258,114.1032,23,4.532156,3.563993,219.6385,23,1
2.421633,1.906677,111.4105,25,3.955405,3.014861,184.5458,24,1
2.481994,2.051772,115.898,24,3.916091,3.09174,202.5476,24,1
2.401984,1.974882,114.1421,25,3.528787,2.746257,182.652,22,1
2.199167,1.821099,103.6875,26,3.504083,2.708496,180.4884,22,1
2.22886,1.861939,105.2291,26,4.817097,3.26589,214.2047,24,1
2.292724,1.955483,112.5033,25,5.030239,3.605879,227.73,24,1
2.100131,1.761047,102.4014,25,5.261401,3.617825,217.0295,23,1
2.02442,1.623768,97.10674,24,5.151693,3.394847,207.7705,25,1
2.09814,1.673495,95.61703,22,5.028884,3.253732,191.5695,24,1
2.016436,1.573229,86.39673,24,3.509402,2.477605,139.6477,24,1
1.982031,1.554021,75.35733,25,3.156113,2.062032,110.5205,25,1
1.9,1.483506,79.90975,26,2.062412,1.672139,91.85822,25,1
2.12431,1.691786,88.90781,25,2.34025,1.946755,105.1138,26,1
2.049019,1.617425,82.70045,24,2.287828,1.857398,102.5265,25,1
2.054291,1.653557,87.58115,23,2.299224,1.775731,105.905,24,1
2.349961,1.8648,94.5611,22,3.471622,2.579187,133.4542,22,1
2.533077,2.049453,86.84032,21,3.661696,2.736506,136.2607,20,1
2.353184,1.923794,86.48203,20,3.528548,2.568926,124.1173,21,1
2.311649,1.882448,83.76945,20,3.721934,2.817051,142.38,22,1
2.364327,1.94992,83.81709,20,4.667275,3.673641,200.4612,22,1
1.955006,1.578869,78.19506,20,5.835587,4.139208,242.0885,24,1
1.675697,1.384429,69.41619,22,5.80356,4.053791,245.5032,25,1
1.65469,1.369718,57.47198,24,6.186965,4.535473,274.2458,25,1
1.718984,1.422355,63.10763,23,6.457202,4.946737,276.2759,26,1
1.777466,1.457201,68.62859,24,5.807533,4.183467,222.1445,24,1
1.850653,1.581011,68.07343,26,6.977172,4.59778,270.402,25,1
2.214329,1.779054,97.96334,23,1.868761,1.510216,75.17978,20,1
2.365428,1.948661,115.8171,22,2.044306,1.695983,76.82501,18,1
2.564161,2.116416,120.1695,23,2.046492,1.708074,78.71039,21,1
2.903422,2.449725,124.4288,21,1.909173,1.554721,67.81876,20,1
3.179809,2.632261,135.7165,22,2.381229,1.88048,73.8624,18,1
3.224983,2.713756,130.9895,21,2.37018,1.825371,72.06007,20,1
3.612993,3.064519,147.0961,21,2.552707,1.891693,84.8842,22,1
3.522567,2.982551,140.0646,19,2.593284,1.913444,91.61691,22,1
3.40877,2.839129,135.5072,18,2.464501,1.801378,89.33978,22,1
3.095664,2.599625,128.8038,17,2.458157,1.719125,84.37798,23,1
3.616876,3.050423,155.4834,17,3.675439,2.461911,130.9785,22,1
3.670696,3.067168,155.8177,18,3.947815,2.761585,155.914,22,1
3.904454,3.300114,169.3696,19,4.681847,3.459702,196.2104,23,1
3.909362,3.299574,187.9258,20,4.848213,3.79486,219.0408,22,1
4.582325,3.903652,218.8766,21,5.077951,4.10727,255.7766,23,1
4.798588,4.003186,230.9865,21,5.358478,4.392388,247.6382,26,1
5.810788,4.730544,249.4199,21,5.555515,4.525836,242.7519,22,1
6.326213,5.00749,278.5276,22,5.480591,4.403377,239.509,22,1
6.578018,5.307881,282.3936,23,5.841739,4.779453,260.8416,22,1
6.252883,4.799803,263.2865,22,5.710742,4.613979,250.4026,21,1
6.795618,5.191188,284.9082,23,7.121036,5.450037,297.744,21,1
5.890466,4.300438,240.1807,22,6.868607,5.202315,307.2849,23,1
6.325652,4.520761,250.0785,21,8.025725,5.88678,344.883,24,1
6.461173,4.551015,262.0556,20,8.36066,6.141789,371.2777,23,1
6.639267,4.864309,260.2602,21,8.470504,6.231713,368.0009,24,1
5.726656,4.141105,216.5042,21,7.372807,5.416827,337.226,23,1
5.843145,4.407785,221.4636,22,7.65739,5.839375,313.9944,22,1
5.120791,4.228402,222.6009,22,6.193499,4.974222,240.6922,22,1
4.843429,4.137255,223.3583,20,5.833179,4.834409,229.5923,22,1
4.667923,3.984014,221.736,21,6.017755,5.076965,244.726,22,1
4.574666,3.846039,224.6743,21,5.164453,4.369859,207.5285,25,1
4.281871,3.544867,219.8628,22,4.782956,3.962432,220.966,24,1
3.899947,3.27405,187.3089,22,5.147499,4.255739,240.1857,21,1
3.691443,3.062112,165.2886,24,4.981512,4.09724,213.0996,21,1
3.815104,3.039678,168.6721,25,4.583203,3.748806,179.462,19,1
4.002468,3.180549,159.7413,25,4.783364,3.876871,176.5297,18,1
3.927201,3.073149,151.0231,24,4.822464,3.838491,188.6944,19,1
3.684539,2.863048,121.5922,24,4.461812,3.55985,181.7717,20,1
3.485137,2.697318,123.865,22,4.240958,3.443593,196.0288,21,1
3.019277,2.499996,122.5241,22,3.84166,3.002725,184.8842,21,1
3.446561,2.825948,143.2216,23,3.959439,3.150623,188.7463,22,1
3.62093,2.980636,152.0495,25,3.953654,3.25566,179.5484,23,1
3.539542,2.883372,158.298,26,5.077696,3.857951,245.0731,24,1
3.714997,3.084635,166.0306,25,5.61724,4.287334,271.155,24,1
3.879275,3.142018,164.3858,25,6.102394,4.970835,322.9141,25,1
4.014697,3.172985,158.1296,24,6.519149,5.251317,367.2105,26,1
3.805054,2.967036,168.4672,22,6.845087,5.59627,398.6708,24,1
4.243185,3.357514,187.2755,21,6.225391,5.167059,323.0642,23,1
4.462555,3.620244,205.1943,22,6.134305,5.1212,325.5374,25,1
4.447826,3.694516,199.9998,22,6.265695,5.227412,324.638,24,1
4.047917,3.41991,190.1587,21,6.479236,5.475466,310.9021,22,1
4.646751,3.946237,220.5503,22,6.382313,5.339595,291.1014,21,1
4.529462,3.787003,210.7568,21,6.084194,4.937168,286.0283,22,1
4.398678,3.618554,193.0632,19,5.701173,4.471152,259.9337,23,1
4.378785,3.629571,199.6547,21,5.406149,4.237323,253.9986,23,1
4.45637,3.631342,195.498,20,4.434417,3.620343,206.0489,24,1
3.987935,3.267545,153.0941,18,5.902241,4.492602,267.8148,24,1
3.757397,3.07385,158.5195,20,7.450904,5.820105,353.4012,25,1
3.655128,2.971775,158.628,21,7.72015,6.125491,371.0103,23,1
3.523487,2.821548,146.154,21,7.78977,6.195312,369.207,24,1
3.092784,2.542907,135.2455,21,8.286633,6.703196,428.7004,25,1
3.517286,2.82828,165.6642,23,8.351978,6.808123,444.0147,24,1
3.72681,3.032653,153.395,20,7.556936,6.136416,372.3407,23,1
3.853281,3.010957,147.6398,20,7.242045,5.825478,351.2536,22,1
4.013693,2.963318,149.5745,20,7.284658,5.931567,328.1966,20,1
4.283284,3.255309,178.0965,22,6.869135,5.531631,289.554,19,1
4.283629,3.263079,181.9769,24,5.097404,4.04395,203.486,20,1
4.380236,3.367448,206.0725,27,4.733756,3.915321,200.7084,21,1
4.244327,3.340712,213.5278,26,5.208315,4.292202,212.3586,20,1
4.441947,3.760979,215.1479,25,5.441537,4.42657,249.9732,23,1
4.248546,3.570574,193.8356,22,5.812246,4.572611,257.21,23,1
4.065886,3.438472,159.3462,21,6.354813,5.207959,259.9937,21,1
3.638752,3.027422,133.3315,19,6.338422,5.164365,265.2309,22,1
3.624692,3.05264,124.3338,18,6.523384,5.37145,254.8409,24,1
3.29303,2.788453,143.7556,17,6.317662,5.069301,229.6933,21,1
3.384344,2.874011,141.5752,20,7.289318,5.623649,273.3051,22,1
3.120187,2.635106,143.4195,21,7.051464,5.350718,267.755,23,1
3.174721,2.687504,150.3751,23,6.898544,5.145654,256.2485,23,1
3.143553,2.64615,157.8293,22,6.567379,4.831075,283.9234,22,1
2.974148,2.449692,135.0689,22,6.46225,4.851548,307.0286,25,1
2.850357,2.341519,133.9521,22,4.903089,4.137568,252.851,25,1
2.632406,2.138631,132.7641,24,5.64435,4.652359,300.4446,25,1
2.661017,2.164387,128.0746,24,6.170109,4.957839,323.159,24,1
2.537828,2.082755,118.975,26,6.060401,4.740016,296.7571,24,1
2.825047,2.339675,141.6265,25,6.099426,4.684468,269.6582,24,1
2.962048,2.419352,145.3099,25,5.768825,4.187753,249.0249,22,1
3.166968,2.673505,149.8326,25,5.221373,3.774925,229.9625,23,1
3.08222,2.61022,135.84,24,4.987216,3.691145,219.7373,24,1
3.104574,2.634506,127.854,24,5.112462,3.850393,232.8059,23,1
2.716713,2.286993,99.67719,24,4.934417,3.778613,229.6412,23,1
2.48615,2.110848,95.1039,23,5.15172,4.142004,243.3943,22,1
2.547064,2.151614,99.61178,23,4.571809,3.628199,198.9837,23,1
2.701075,2.196358,106.5797,22,4.549177,3.584464,206.7734,22,1
2.576343,2.028642,101.6766,22,4.114616,3.250568,170.2703,23,1
2.700611,2.143492,115.6877,23,3.881504,3.017168,156.3326,23,1
2.803487,2.216746,121.1514,22,3.615233,2.667616,137.3988,22,1
2.388822,1.800992,100.2141,23,3.611514,2.607052,137.0356,21,1
2.374455,1.841176,112.2044,23,3.121902,2.385005,111.0876,20,1
2.679247,2.129675,116.9099,24,3.059946,2.319428,103.6385,18,1
2.757755,2.200017,119.3487,24,3.094167,2.334047,100.9498,20,1
2.56743,2.077476,104.7012,25,2.980927,2.236731,97.26431,20,1
3.309896,2.668445,131.908,25,2.882393,2.117937,91.814,21,1
3.351848,2.639401,134.5082,26,2.436935,1.849451,87.21111,23,1
3.367245,2.623389,148.7283,25,2.934353,2.142754,117.8624,24,1
3.318456,2.609288,136.1173,24,3.074685,2.25379,119.8999,22,1
3.386349,2.704885,143.9115,22,3.32163,2.536738,139.4024,22,1
3.115785,2.536603,145.2988,21,3.456028,2.771293,153.8777,23,1
3.001039,2.490767,147.5351,21,3.387131,2.726177,147.5251,22,1
2.866088,2.433547,128.8369,20,2.870066,2.344622,108.7045,24,1
2.721199,2.244982,124.0487,24,2.436079,1.932269,93.01925,23,1
2.607842,2.088932,121.2451,24,2.063169,1.631311,72.93509,22,1
2.149763,1.773207,92.48889,23,1.878513,1.466961,58.23646,19,1
2.122943,1.792805,84.72407,21,1.73137,1.407579,48.73751,19,1
1.977719,1.62612,89.6183,23,1.651072,1.348794,46.98834,18,1
2.105728,1.686339,96.27835,22,1.667679,1.377974,57.05379,20,1
2.137143,1.711518,99.85065,23,1.754249,1.460621,65.23104,21,1
2.10841,1.697916,90.38992,23,1.952277,1.501157,67.12912,24,1
1.935002,1.545871,80.24753,22,2.28758,1.643483,77.54928,26,1
1.936602,1.556556,77.77937,23,2.59127,1.819884,100.7712,26,1
1.86733,1.51956,71.27249,22,3.216339,2.312468,131.021,26,1
2.007006,1.677045,66.55193,22,3.347462,2.40894,142.2244,27,1
1.969421,1.647133,68.13007,21,3.473965,2.623331,150.2433,28,1
2.122581,1.699349,74.66223,21,3.807933,3.002591,184.9772,26,1
2.715976,2.104763,109.4909,21,3.869941,3.089432,190.1652,24,1
2.984224,2.377562,144.5586,23,3.835014,3.104353,194.4231,24,1
3.016488,2.385777,150.8324,24,5.951956,4.254604,270.3181,24,1
3.280576,2.695717,178.996,23,6.223875,4.532193,300.1405,23,1
3.350316,2.840898,178.0811,23,6.07278,4.347637,282.5446,23,1
1.766899,1.438501,65.81924,20,1.437575,1.123443,42.47182,24,1
1.986699,1.592295,77.92567,22,1.510987,1.140121,53.55386,24,1
2.302593,1.831233,93.43632,21,1.859807,1.443838,76.50681,23,1
2.256524,1.819838,95.80931,23,2.039374,1.585492,80.78902,22,1
2.659184,2.071803,108.98,23,2.284133,1.876949,89.95271,21,1
2.796695,2.231618,110.6442,22,2.424012,2.041843,96.89873,21,1
2.793481,2.276492,120.9512,23,2.306785,1.901186,94.72388,21,1
2.705872,2.234961,111.4863,22,2.260896,1.879899,93.71952,22,1
2.982481,2.413718,124.9817,24,2.49331,2.081738,121.1703,25,1
3.109833,2.501187,139.3646,23,2.536685,2.086912,134.1264,25,1
3.407353,2.744999,160.6985,23,2.749273,2.214354,144.3939,26,1
4.013503,3.273507,160.3323,23,3.071671,2.587727,158.9839,26,1
4.299954,3.588238,167.2975,22,3.170349,2.640077,154.9073,25,1
4.597474,3.956856,179.5971,22,3.999468,3.198215,154.9867,23,1
4.578031,3.975771,188.5601,21,4.436399,3.553007,169.6697,21,1
4.7082,4.064413,203.473,23,5.103769,4.187418,231.3891,21,1
4.290128,3.583412,206.8237,25,6.057386,4.891785,267.5236,22,1
4.267458,3.559829,223.7797,26,7.686033,6.153193,337.5431,22,1
4.616282,3.726318,251.0979,25,7.873187,6.39234,335.6012,21,1
4.916473,4.007994,263.382,24,9.622512,7.691519,417.0774,20,1
4.894673,4.027173,240.5246,22,10.83409,8.710891,421.3511,19,1
5.213688,4.359533,247.0275,20,11.56235,9.394391,465.6444,19,1
5.63005,4.623592,252.7412,20,11.60289,9.464303,458.4529,19,1
5.439255,4.563347,217.7771,22,12.25254,10.12366,540.095,20,1
5.713833,4.73739,235.4492,24,11.00628,8.966883,469.7252,20,1
5.834392,4.824872,265.2801,25,9.45303,7.197339,398.946,20,1
5.765881,4.783815,278.4341,26,8.713785,6.74827,329.7889,21,1
5.224258,4.291994,264.8844,26,7.90237,6.162104,303.8622,20,1
5.003846,3.938404,264.6941,25,6.400498,4.930467,237.0727,19,1
4.518228,3.572256,238.0458,25,6.461506,5.016101,236.9634,18,1
4.25412,3.361979,202.5397,24,6.724788,5.381759,258.9237,20,1
3.901615,3.110031,162.279,23,5.604382,4.376201,240.8513,19,1
3.783195,2.960309,143.2903,22,5.340611,4.170736,242.7736,21,1
3.466177,2.789864,142.5848,21,5.193099,4.049145,239.6978,23,1
3.231379,2.720625,125.915,21,4.705035,3.577387,218.5757,24,1
3.07552,2.599581,141.9005,22,4.432788,3.374918,213.7376,24,1
3.324646,2.724047,158.5486,22,5.25551,4.037718,233.7962,26,1
3.404226,2.850362,157.2577,20,5.060121,3.953606,216.0486,26,1
3.319195,2.727468,142.8739,20,4.819446,3.681251,188.3594,27,1
3.182878,2.611401,136.2444,20,5.963054,4.454687,231.1339,27,1
3.208067,2.651907,125.422,20,5.980815,4.493569,227.8496,26,1
3.284177,2.710032,138.9936,20,5.471504,4.011004,234.055,27,1
3.460113,2.832011,149.1797,20,5.058799,3.68369,212.9858,28,1
3.556688,2.938622,145.1603,19,6.077511,4.497943,270.0444,27,1
3.90272,3.188628,175.9669,21,5.833117,4.453807,277.1523,26,1
4.600286,3.719132,201.0481,20,6.232961,4.869242,318.1538,26,1
4.424676,3.544129,183.7406,19,6.941437,5.580238,350.831,24,1
4.324479,3.474806,185.3233,21,7.107154,5.71956,350.8014,23,1
4.32455,3.489163,187.6444,21,6.370687,5.04277,310.3454,22,1
3.944043,3.072512,147.816,22,6.144608,4.998295,272.6188,20,1
3.155733,2.590656,127.9472,23,6.959243,5.386342,290.8753,19,1
3.528255,2.86639,134.1284,25,7.01528,5.269026,292.715,21,1
4.237287,3.286973,169.4176,26,7.270059,5.644623,340.9198,22,1
4.407132,3.490207,188.8668,27,7.76816,6.294141,399.1973,23,1
4.370387,3.525623,187.6501,25,7.951581,6.372693,400.0276,23,1
4.410558,3.460263,180.7161,26,8.059075,6.452804,395.1944,24,1
4.059262,3.092685,177.3289,24,8.525544,6.844975,414.1544,22,1
3.34127,2.707105,131.9866,21,8.54014,6.761977,376.6704,20,1
3.244952,2.650865,130.4533,19,8.56107,6.837615,365.3749,20,1
3.655747,3.015054,160.5579,19,8.78979,6.887852,402.0484,22,1
3.567474,3.084743,176.1006,19,7.670424,5.866943,332.0375,22,1
3.693088,3.280859,166.4619,20,7.047974,5.396314,306.2739,24,1
3.702399,3.222933,171.6031,23,6.99998,5.42469,311.3257,24,1
3.763511,3.243992,165.9421,25,6.709451,5.111302,271.2435,22,1
3.453907,2.994223,137.3418,25,5.499164,4.166097,211.8612,24,1
3.53916,2.943609,121.4599,23,6.617829,5.090261,284.3871,22,1
3.561737,2.912008,145.0965,25,5.86126,4.547247,248.8031,24,1
3.490115,2.873935,144.9915,23,5.491415,4.173019,254.5308,26,1
3.42706,2.796182,140.9793,21,5.29856,4.044168,269.0529,27,1
3.564247,2.849292,168.2785,23,5.57599,4.351848,278.6411,27,1
3.786425,3.096875,193.539,22,5.046625,4.050319,251.986,26,1
3.496091,2.76019,168.5861,23,5.131229,4.161508,257.5218,25,1
3.499813,2.733898,171.5793,25,5.985571,4.787566,272.0353,24,1
3.542639,2.7545,170.9586,23,5.719501,4.385815,257.4054,23,1
3.364214,2.630293,151.1023,23,6.545024,5.04479,298.718,21,1
2.851351,2.22108,122.3295,24,6.561635,5.183035,305.0634,22,1
3.082882,2.467737,127.6208,21,6.521721,5.039131,308.8492,22,1
3.273895,2.622029,129.2643,21,6.058167,4.687429,282.2228,23,1
2.985479,2.411906,134.2481,23,6.881105,5.587451,364.1086,22,1
3.033195,2.379253,137.5674,22,6.347322,5.244958,360.9812,24,1
3.171009,2.516435,150.2901,22,5.737764,4.533002,334.8264,26,1
3.127774,2.462997,146.9079,24,5.901343,4.802306,319.1808,25,1
2.754783,2.177016,132.2243,24,5.956853,4.941036,343.4479,24,1
2.68544,2.047182,114.8477,25,4.915566,3.918809,249.319,25,1
2.643558,2.085909,111.8608,22,4.302577,3.409038,196.4379,24,1
2.355402,1.899956,93.46706,23,4.313564,3.303233,181.6588,25,1
2.35646,1.952166,95.18111,21,3.927381,2.960315,164.8476,24,1
2.268871,1.853442,89.61423,20,2.855844,2.211798,108.1993,23,1
2.473461,2.073183,96.60771,19,2.8017,2.125611,95.17381,22,1
2.261865,1.881794,75.65556,20,2.619677,1.924456,95.99212,21,1
2.289488,1.913224,78.61549,17,2.652339,2.088898,100.5474,20,1
2.23947,1.850699,83.89548,20,3.703326,2.647315,148.5487,22,1
2.672984,2.174448,113.8982,21,3.807528,2.752634,164.0254,23,1
2.527001,1.999201,106.6467,21,4.002476,3.04958,187.2374,22,1
2.558178,2.050056,117.1763,23,4.483747,3.570136,217.2159,23,1
2.420147,1.843778,113.195,22,4.389048,3.363508,205.5679,22,1
2.395383,1.793513,106.7957,22,3.727566,2.871564,172.6525,23,1
2.21673,1.748376,94.79945,22,3.638927,2.751363,167.3457,22,1
2.243856,1.80985,99.62595,23,3.530894,2.614927,155.3766,22,1
2.068364,1.55785,89.64525,23,3.066117,2.27522,122.3738,22,1
2.35153,1.76481,98.61363,24,3.152556,2.494512,139.2163,21,1
2.205178,1.628803,90.09685,25,2.584732,2.101277,112.3094,21,1
2.177747,1.581757,91.3773,24,2.775573,2.253923,118.7735,20,1
2.580438,1.846729,96.01122,25,2.935987,2.365001,119.0817,21,1
2.765861,2.174745,104.9909,21,3.171849,2.419631,130.1271,21,1
2.595372,2.05468,100.0343,22,2.883204,2.107237,109.8235,21,1
2.53505,1.993873,95.74443,19,2.887786,2.148676,99.09696,20,1
2.319487,1.836103,77.09856,18,2.841604,2.121808,98.62166,20,1
1.794839,1.492204,57.52599,17,2.579555,1.898738,97.18213,22,1
1.766134,1.4492,51.28869,17,2.059541,1.632854,85.87045,24,1
1.829703,1.541236,51.29464,17,2.111721,1.685248,88.07361,24,1
1.943275,1.657954,52.86977,18,2.03688,1.598553,89.24383,26,1
2.067703,1.761394,55.03625,18,1.77986,1.445708,84.65886,27,1
2.137923,1.858051,66.27768,17,1.715073,1.393575,84.72591,25,1
2.009437,1.73521,70.78376,18,1.640274,1.363142,81.65871,26,1
1.875708,1.561861,68.49236,17,1.581916,1.294388,82.94137,26,1
1.909535,1.55237,72.82201,18,2.439583,1.689512,103.1283,25,1
1.720935,1.345467,73.69919,21,3.537091,2.32665,133.4922,26,1
1.992245,1.454979,76.43225,22,3.71781,2.651756,134.0585,26,1
2.026183,1.470333,76.44212,23,7.505812,4.518286,247.9864,26,1
3.204345,2.522362,134.291,19,2.042948,1.678857,75.2571,23,1
3.382664,2.699557,151.0747,21,2.060873,1.693344,77.3824,22,1
3.296808,2.611631,150.4946,22,2.097943,1.685035,81.0333,23,1
3.198349,2.555849,154.2778,24,2.104903,1.686072,79.83189,21,1
2.884695,2.301206,137.6653,24,2.104627,1.697309,83.65318,22,1
2.524376,2.145854,124.5078,26,1.997328,1.65568,81.11983,20,1
2.47084,2.118089,108.3632,26,3.215329,2.323577,116.6458,21,1
3.803271,2.948488,167.1652,24,3.698695,2.816141,150.5824,21,1
4.507307,3.541087,203.1449,23,3.926999,3.066028,174.7782,23,1
4.538183,3.542037,191.3995,22,3.994214,3.154714,173.8356,23,1
4.666512,3.602189,192.2396,20,4.048849,3.226021,182.4631,24,1
5.077799,4.06059,201.6613,17,5.377996,3.746274,213.0016,23,1
4.644629,3.756177,155.0976,17,5.6384,3.972352,209.3758,22,1
4.62072,3.762138,142.5809,14,6.256377,4.546806,234.8594,21,1
4.751525,3.960361,141.4384,12,6.266927,4.501872,239.9628,22,1
5.25617,4.402967,169.1059,14,6.339675,4.558664,247.4678,23,1
5.20389,4.376668,189.1177,16,5.024638,3.764065,200.3178,22,1
5.268919,4.406898,219.4238,18,4.671245,3.530965,185.5713,21,1
4.939724,4.094749,230.0496,21,4.491597,3.413343,192.445,22,1
4.847432,3.988973,240.5428,23,4.702249,3.791209,198.8698,22,1
4.933329,4.020916,255.4483,24,5.114625,4.228525,216.2943,22,1
6.084938,4.720605,300.5959,25,6.576667,5.168936,268.0695,22,1
6.41716,4.958711,315.8349,25,6.875573,5.45654,287.4458,23,1
7.730747,6.156542,394.5505,24,7.594976,5.894803,324.9079,23,1
8.467108,6.890973,428.6245,23,9.12538,7.041974,406.198,22,1
8.851709,7.339694,457.3333,22,9.477881,7.488195,419.154,22,1
7.936641,6.313222,388.3563,23,8.681005,6.933296,387.1602,22,1
7.640781,6.046954,358.7643,21,8.347547,6.403792,360.3463,22,1
6.331422,4.733908,258.3692,21,7.368362,5.62795,291.9632,20,1
5.837034,4.545399,232.2308,22,5.558117,4.601466,228.1105,21,1
4.415295,3.366421,151.6378,22,4.489168,3.77484,193.0611,21,1
4.849991,3.788339,202.8024,22,4.053023,3.298293,190.7673,24,1
4.6465,3.578207,191.3714,24,4.50295,3.646025,204.4023,22,1
4.459348,3.524626,189.2779,22,4.862683,3.863537,223.5221,23,1
3.836535,3.085989,176.6234,23,4.641258,3.498991,200.0253,24,1
4.402197,3.622078,199.6245,23,4.692436,3.549217,200.7462,22,1
3.97961,3.195779,155.5005,22,4.669206,3.585042,191.1614,22,1
3.933002,3.181254,165.7269,22,4.253548,3.212784,182.0004,23,1
4.138452,3.325573,186.6019,22,3.566968,2.680773,144.3236,23,1
4.286481,3.36676,196.0779,23,3.856129,3.043314,180.7188,22,1
4.299732,3.329725,206.1384,23,4.513201,3.453076,188.2599,22,1
4.499824,3.545455,234.4104,24,4.689696,3.684556,183.833,19,1
4.491648,3.534067,210.3861,22,5.250637,4.321997,196.8191,20,1
4.458439,3.555815,217.3995,22,7.014826,5.6311,310.1009,21,1
4.250403,3.424456,201.4691,20,7.591324,6.19251,311.3686,22,1
3.676726,2.970701,160.5902,18,7.339082,5.959826,315.9859,25,1
3.115372,2.484297,113.4813,17,7.9346,6.54402,370.4879,25,1
2.984417,2.359898,108.6194,19,8.2332,6.75317,398.8387,25,1
3.409432,2.615828,121.0045,19,9.052247,7.446486,428.8288,23,1
3.175095,2.324454,121.3146,21,8.743812,7.092838,401.2066,22,1
3.165224,2.32374,121.7131,22,9.998938,8.128157,449.6032,19,1
4.08345,2.944344,169.6069,24,10.0144,7.99102,436.8334,21,1
4.548542,3.334325,183.8566,23,9.821086,7.672561,405.4344,19,1
4.491754,3.264961,169.8071,23,8.87589,6.573959,316.0494,21,1
5.285422,4.044622,216.2071,21,11.71177,8.332259,506.0844,21,1
5.349845,4.138225,226.9762,21,10.82309,7.520105,486.7016,23,1
4.941681,3.897399,217.5286,21,10.42633,7.103539,464.608,24,1
4.621379,3.705046,206.0758,24,10.4629,7.125503,495.6693,25,1
4.474394,3.615294,205.9228,23,9.942197,6.906912,489.6332,26,1
3.679665,3.057948,168.1136,25,6.434353,5.091186,311.3544,26,1
4.023987,3.362115,172.286,25,7.113745,5.522609,306.6053,26,1
3.849741,3.202747,158.3243,23,7.635326,5.887313,333.3676,26,1
3.621583,2.939064,150.4966,21,7.928277,6.244729,353.7701,24,1
3.330918,2.637531,136.727,22,7.515027,5.70865,319.0247,26,1
3.466314,2.720955,124.8009,19,7.523499,5.754344,339.2343,24,1
3.062429,2.450254,114.9266,20,6.699985,5.217546,322.5806,24,1
3.519588,2.798265,123.1533,20,5.704653,4.3857,275.8754,24,1
3.499292,2.722226,127.9271,20,4.709276,3.748021,214.8074,22,1
3.354011,2.610422,126.9468,21,4.783231,3.894574,215.3091,20,1
3.206187,2.576567,127.5665,24,4.851898,3.793454,217.957,22,1
3.553851,2.820455,144.9654,22,4.796649,3.60375,214.7537,24,1
3.301076,2.622454,129.8926,24,5.177369,3.990156,214.9466,22,1
3.975962,3.166557,160.2785,23,5.454952,4.111041,238.6651,24,1
4.065048,3.26237,164.8779,24,5.74576,4.406103,249.655,25,1
4.310604,3.421952,187.5197,23,5.109844,4.147555,245.1922,24,1
4.011708,3.166131,178.4016,25,4.811497,3.875763,221.9443,24,1
3.70452,2.817457,165.9001,26,4.87879,3.942638,237.61,24,1
3.147778,2.437011,142.5732,26,4.869669,3.84196,220.1192,25,1
3.065337,2.437551,125.3173,26,5.13748,4.042884,252.5115,23,1
2.61982,2.159781,115.9847,27,5.149509,4.024717,231.3416,23,1
2.619055,2.123287,120.084,27,5.280955,4.263575,232.0953,22,1
2.774795,2.292583,132.061,24,5.247692,4.165632,237.7971,22,1
2.782465,2.31544,124.3827,22,4.838952,3.967483,214.947,20,1
2.872608,2.370531,124.5559,21,4.228949,3.475453,172.4866,18,1
2.687101,2.143654,105.241,19,4.183014,3.469134,188.7086,20,1
2.721296,2.138669,89.1542,18,3.861462,3.076743,187.9374,22,1
2.818293,2.184813,91.17602,19,3.576837,2.937441,165.7967,24,1
2.540524,1.921217,88.11887,20,3.692926,2.994963,186.0836,24,1
2.475602,1.862817,95.12139,20,3.647291,2.799696,185.2003,26,1
2.744156,2.183474,119.5852,21,3.862647,2.923809,188.9142,27,1
2.674191,2.184473,134.022,22,4.06015,3.211347,201.033,26,1
2.692858,2.217924,140.9559,23,4.062901,3.164805,206.2326,26,1
2.765141,2.320053,152.4285,24,3.944478,3.024186,194.8316,26,1
2.958413,2.443707,165.5284,25,3.861457,3.098652,195.9923,26,1
2.805266,2.28556,143.0438,26,4.03563,3.15112,184.9869,24,1
2.73062,2.204028,128.874,25,3.908035,2.981514,179.5028,24,1
2.55503,2.029876,108.2162,24,3.93621,3.016781,174.6987,24,1
2.562481,2.026731,93.16231,23,3.955172,2.997602,179.513,24,1
2.2935,1.855612,81.17784,23,4.489357,3.372127,201.9694,22,1
2.37654,1.838071,90.54031,22,4.003106,3.028133,186.2296,23,1
2.551163,1.985721,90.23598,25,4.657653,3.615204,214.5281,21,1
2.529053,2.056426,90.26189,25,4.374794,3.310969,199.2896,21,1
2.378581,1.899424,84.49667,26,4.549868,3.470332,205.5937,21,1
2.364574,1.883556,78.22389,26,3.891183,2.951849,176.3634,23,1
2.534171,2.097384,89.92882,25,3.851251,2.868137,180.865,25,1
2.237028,1.812718,82.88763,24,3.353837,2.468702,138.0609,26,1
2.253763,1.815421,86.26249,24,3.401602,2.490463,131.7503,27,1
2.329256,1.905291,96.02332,23,2.978489,2.266447,118.1217,26,1
2.180885,1.793252,93.76752,23,3.062251,2.334351,113.6178,24,1
2.032715,1.714972,80.25752,23,3.106973,2.42712,103.8323,23,1
2.072299,1.756942,88.46622,24,2.742465,2.267522,97.46861,23,1
1.814999,1.451383,78.38909,24,3.506259,2.740665,134.9967,22,1
1.856177,1.479059,79.81823,25,3.525071,2.700997,135.8191,22,1
2.052852,1.642618,92.81405,25,3.594912,2.79895,140.9487,24,1
1.945908,1.535855,89.87481,24,4.202867,3.225412,179.2239,24,1
1.585137,1.290798,57.43732,23,3.632074,2.837923,153.854,20,3
1.625256,1.323056,59.61299,23,3.759235,2.974967,162.3167,21,3
1.556105,1.300129,51.61861,25,3.526616,2.788249,155.1491,24,3
1.532925,1.262366,61.20224,23,4.072033,3.220964,195.0799,24,3
1.708541,1.421965,66.98068,25,4.104507,3.229495,191.0583,23,3
1.761973,1.501702,68.79803,23,3.708724,2.938361,189.8048,23,3
1.753557,1.49421,75.22062,24,3.498291,2.724011,184.6422,23,3
1.745954,1.457443,76.41427,23,3.715346,2.942278,189.4262,24,3
1.96411,1.60558,81.84509,22,3.138185,2.505845,152.8648,23,3
2.241738,1.79594,86.7922,22,3.417713,2.686567,159.4816,24,3
2.266912,1.806183,86.13397,22,4.142982,3.211404,194.5781,23,3
2.432168,1.950148,91.54087,20,4.216538,3.312618,197.8149,23,3
2.566148,2.055809,107.3585,22,4.008755,3.103312,181.9579,21,3
3.087619,2.419102,117.3716,21,4.01186,3.188198,182.2926,21,3
3.014608,2.299727,127.3836,21,3.691714,2.881956,172.5173,21,3
3.12542,2.447369,139.0973,21,2.975508,2.443463,139.0672,21,3
3.070161,2.375425,132.8475,23,3.261986,2.656222,161.3922,20,3
3.612273,2.829805,148.9977,21,3.525575,2.894441,187.3953,23,3
3.247049,2.532313,141.1864,20,4.400361,3.324685,213.0919,24,3
3.188044,2.491438,131.6447,21,4.461933,3.356336,212.5281,22,3
3.078629,2.317173,124.2419,20,5.110842,3.934944,249.2523,22,3
2.970421,2.195039,119.211,19,5.208986,4.000955,236.8673,22,3
2.545301,1.867807,104.5141,21,5.78908,4.301956,250.5393,21,3
3.276332,2.263232,127.7917,22,5.075026,3.718527,214.9982,21,3
3.217142,2.200565,120.9818,24,5.180419,3.892481,223.9101,22,3
3.470538,2.51222,129.4059,23,4.748923,3.430921,199.6127,22,3
3.955212,3.068351,155.3447,21,4.68902,3.350964,196.5803,22,3
3.995661,3.199239,152.7586,21,3.797827,2.838289,158.4769,20,3
3.624836,2.945598,139.7891,17,3.993845,3.090968,157.5369,21,3
3.842534,3.122745,148.504,15,4.060004,3.208483,159.6687,21,3
3.776944,3.014422,136.7843,16,4.304005,3.439208,161.6667,20,3
3.873927,2.976024,155.613,18,4.09112,3.274784,151.2594,22,3
3.611978,2.687201,148.9185,19,4.072914,3.276335,153.8708,21,3
3.535924,2.632779,141.9202,22,4.185318,3.238228,162.7638,23,3
4.001246,3.062535,174.0973,24,4.553094,3.411182,181.0128,22,3
4.079285,3.182343,185.6509,24,3.934536,2.871071,158.0379,24,3
3.580634,2.751566,151.4402,23,4.213761,3.112268,188.2583,23,3
3.70452,2.924794,169.2358,22,4.540019,3.386727,222.0845,24,3
3.563319,2.847608,158.59,19,4.528176,3.568301,214.9498,23,3
2.968949,2.370013,130.8303,19,4.028621,3.288038,202.395,22,3
2.66267,2.142587,110.0879,21,4.569765,3.778646,233.9273,22,3
2.760643,2.312263,108.1094,21,4.255071,3.480082,205.3286,21,3
2.662705,2.206734,89.52282,21,4.25032,3.476444,190.2184,21,3
2.477024,2.051105,83.80766,23,4.060779,3.238998,189.5132,20,3
2.553618,2.185021,89.2741,23,4.675914,3.733875,192.3236,20,3
2.909858,2.456254,110.0728,21,4.678654,3.806045,195.5587,19,3
3.279028,2.620107,131.8354,22,4.820995,4.001663,198.1354,21,3
3.193402,2.538786,134.9393,23,4.839905,4.052179,200.9482,21,3
3.508244,2.815319,168.6623,23,5.034864,4.182255,206.3887,24,3
4.100175,3.255113,203.0086,22,4.892039,4.00083,220.081,25,3
4.077267,3.256838,199.2104,24,4.706647,3.845522,208.7272,25,3
3.746678,2.99893,187.9624,24,4.94176,3.93323,213.0623,23,3
4.207637,3.465666,216.8226,24,4.76843,3.741784,209.5973,24,3
4.036049,3.255606,197.4152,25,4.636026,3.649081,218.7346,22,3
3.263721,2.598299,159.8343,25,4.560066,3.606135,206.1881,20,3
3.268408,2.570112,161.8907,25,4.770072,3.68057,220.2179,22,3
3.121358,2.329614,143.0316,25,4.289809,3.324662,212.1201,23,3
2.42087,1.790622,104.2713,26,4.242473,3.241012,194.8324,24,3
2.385015,1.809989,102.3692,26,4.182621,3.211916,184.5197,26,3
2.410888,1.900328,94.93427,27,3.634287,2.767888,155.7255,27,3
2.029092,1.636216,86.46108,28,3.16505,2.558452,142.11,26,3
2.204616,1.838343,92.99516,26,3.313304,2.681807,154.643,26,3
2.247906,1.874559,90.54407,26,3.574301,2.768178,155.2107,24,3
2.064594,1.703551,89.3782,24,3.611956,2.760196,170.9201,24,3
1.744181,1.41764,72.97386,24,3.628735,2.800187,171.2117,25,3
1.727755,1.380355,65.46647,22,3.955048,2.958073,166.0246,24,3
1.68272,1.33298,72.543,22,4.469409,3.392751,166.3255,21,3
1.836011,1.430651,86.88474,23,4.020515,3.023463,156.7323,22,3
1.799881,1.392982,80.28649,22,4.242346,3.225271,168.6166,23,3
2.162445,1.723611,93.40266,23,4.193364,3.16744,165.3761,22,3
2.063115,1.640302,88.78516,23,4.035841,3.161327,178.0983,23,3
2.06417,1.677427,82.62984,21,3.777617,2.897263,185.0531,27,3
1.867683,1.51194,72.60504,21,4.02646,3.239092,213.7105,26,3
1.983939,1.640888,79.08265,23,4.270397,3.43528,210.822,25,3
1.720242,1.412221,75.43223,23,4.330704,3.498036,227.3157,23,3
1.859385,1.527766,80.13469,23,4.341779,3.493328,231.4587,24,3
1.863616,1.46879,83.31635,25,4.191474,3.457721,229.1826,22,3
1.83233,1.429596,79.31918,24,4.305892,3.555856,217.5882,22,3
1.694908,1.296981,67.21188,24,3.873717,3.256687,214.8345,22,3
1.672988,1.304714,67.88345,24,3.883853,3.208074,210.9626,23,3
1.690375,1.284167,71.63166,25,3.471133,2.773877,174.5334,24,3
1.763067,1.396336,73.00031,25,4.120415,3.198575,209.7526,24,3
1.838296,1.500632,74.53404,24,3.794091,2.929415,183.9865,26,3
1.797062,1.416714,73.51624,24,3.458,2.465242,151.9874,27,3
1.750415,1.391564,62.03178,25,3.290834,2.326442,135.9586,27,3
1.615744,1.324351,55.95562,24,3.697726,2.627945,163.9021,26,3
1.410482,1.156024,49.56493,24,2.819542,2.084726,126.852,26,3
1.287462,1.045944,45.44297,25,2.815847,2.046998,138.454,26,3
1.313903,1.072889,51.36731,24,3.019703,2.23676,149.1608,25,3
1.290597,0.9992972,54.7596,24,2.980792,2.160969,152.4066,26,3
1.468339,1.161172,52.76342,25,2.736617,2.101471,138.6265,27,3
1.415718,1.119894,47.65024,25,2.370471,1.772201,123.088,26,3
1.543445,1.230647,48.53103,24,2.273786,1.700401,112.9314,26,3
1.584584,1.304758,42.09128,25,2.274291,1.747488,108.8453,24,3
1.496257,1.241156,38.44333,23,2.481769,1.935255,120.8136,23,3
1.240894,1.00677,35.82141,23,2.011265,1.487386,89.13368,23,3
1.181685,0.94482,35.58567,23,2.026031,1.534802,82.77441,24,3
1.064188,0.874819,36.27913,23,2.28673,1.670032,97.77144,25,3
1.069117,0.8326331,39.63785,21,2.783328,1.9884,122.421,25,3
1.164995,0.9139867,37.92958,20,2.707905,1.93014,119.7388,25,3
1.204913,0.9377873,43.91572,19,2.887515,2.242426,125.9609,25,3
1.234993,0.9463298,45.16876,20,2.886825,2.247433,130.1933,23,3
1.327818,1.039675,46.59126,23,3.010434,2.311517,130.4803,22,3
1.444713,1.184043,47.64235,23,2.826647,2.101994,111.6021,22,3
1.639719,1.318943,53.41126,22,2.175683,1.688333,92.20042,23,3
1.605221,1.276516,59.37974,25,2.203132,1.691788,99.95634,25,3
1.712895,1.391544,69.43523,26,2.735336,2.045526,119.1185,24,3
1.818776,1.444734,66.94334,25,2.856622,2.129045,126.8511,24,3
2.023138,1.65468,72.97685,21,3.081673,2.326506,142.0014,25,3
2.0058,1.597455,71.57999,21,2.96243,2.325597,128.0692,23,3
2.086886,1.663977,78.86294,19,3.561602,2.877422,134.2295,23,3
2.220772,1.769886,79.38769,19,3.266457,2.649357,123.1524,23,3
2.147242,1.725305,89.64545,19,3.80443,3.046198,137.58,19,3
2.362173,1.937525,104.1843,21,3.924693,3.162872,135.427,20,3
2.422781,2.03396,107.0906,22,3.959297,3.206907,145.3898,23,3
2.399287,1.96661,98.90165,23,4.153116,3.125378,169.9875,23,3
2.419245,1.987405,100.5808,22,4.286254,3.270027,182.2666,24,3
2.491069,1.982249,97.42509,23,3.806978,2.847537,152.1638,25,3
2.30476,1.765939,83.98996,24,3.897265,2.870499,146.513,23,3
2.244177,1.680261,84.77333,24,4.069841,2.999575,167.6573,22,3
2.208269,1.694485,86.73483,22,3.65639,2.871337,168.2633,23,3
2.231865,1.723745,78.69851,21,3.8286,3.060117,196.0724,23,3
2.002211,1.538913,67.44699,20,4.554162,3.70769,238.5337,22,3
2.05661,1.625836,66.68526,18,4.644896,3.884602,240.68,23,3
2.758349,2.020123,84.50744,18,4.884731,4.091579,238.636,23,3
2.740663,1.987062,82.52195,20,5.119539,4.26888,238.495,23,3
2.571009,1.797638,86.82563,23,6.216667,4.977245,264.7866,22,3
3.235944,2.420985,126.0871,21,6.460984,4.878752,259.6809,24,3
3.399032,2.552724,129.0359,22,6.432846,4.868032,286.4959,23,3
2.905152,2.232556,115.5599,22,6.609953,5.06516,295.5583,23,3
3.223599,2.551765,131.6654,20,6.653064,5.232633,285.4325,21,3
3.415774,2.789818,141.2024,20,5.885656,4.659657,247.6736,21,3
3.232254,2.653479,141.2391,21,6.834301,5.513289,309.662,21,3
3.097482,2.49055,150.8921,22,7.02041,5.715355,332.4353,22,3
3.852146,2.941291,179.4356,23,6.615275,5.216826,312.9256,23,3
3.777131,2.833923,175.0702,24,6.698821,5.280773,338.9641,22,3
3.606223,2.607502,157.1264,22,6.436575,5.025536,335.7419,24,3
3.556911,2.539789,139.6929,21,4.756037,3.851358,268.4429,25,3
3.478867,2.528478,121.631,19,4.88009,3.962264,263.1128,24,3
2.81916,2.21411,93.25326,19,5.839737,4.587051,305.6675,24,3
2.673032,2.133884,103.4551,18,5.688042,4.429539,292.4444,24,3
2.753533,2.176633,115.46,21,5.967563,4.567862,300.3987,23,3
2.745561,2.184861,123.0244,24,6.859306,5.003634,298.0438,21,3
2.700799,2.116373,129.6381,24,6.83134,4.854146,292.7409,23,3
2.573703,2.055687,129.474,23,6.305123,4.499453,276.8517,21,3
2.627523,2.101158,118.9219,23,6.106388,4.24728,271.0436,22,3
2.829635,2.269964,126.5658,24,5.967208,4.256633,255.6098,23,3
2.766186,2.253827,115.6944,23,4.938132,3.965414,261.8387,23,3
2.713761,2.137953,110.5944,23,5.580331,4.500509,281.3734,21,3
2.544163,1.937117,96.05991,23,5.383988,4.343599,268.826,21,3
2.411752,1.806914,90.72212,21,5.412657,4.319579,253.6018,22,3
2.391299,1.849786,95.53088,21,5.653324,4.597643,286.8616,22,3
2.573471,1.960648,99.33842,19,5.74859,4.643272,264.9828,24,3
2.845428,2.323285,114.3552,18,4.820798,3.94611,204.8744,22,3
3.311764,2.737231,140.4001,18,5.328209,4.377467,230.8358,21,3
3.530848,2.99573,164.0866,19,5.64973,4.703159,242.7239,22,3
3.3979,2.828651,144.2379,19,5.507864,4.437807,225.3203,22,3
3.047433,2.446557,138.0058,21,5.647896,4.464241,257.2686,21,3
3.014416,2.397137,136.7587,20,5.985152,4.782381,305.2722,24,3
2.667618,2.23199,116.3469,22,5.70556,4.413002,281.1693,24,3
2.281973,1.878275,95.97788,22,5.972658,4.675528,312.1304,24,3
2.296759,1.913724,96.27421,23,5.60051,4.314537,288.1787,25,3
2.441923,2.058552,100.7392,23,5.337729,4.115889,276.7717,27,3
2.181923,1.800495,85.30995,24,4.769672,3.668576,256.3274,28,3
1.894383,1.479372,79.13931,22,4.333481,3.326237,236.5124,27,3
1.834374,1.425073,67.11845,19,3.544745,2.831928,199.7238,27,3
1.910264,1.465399,73.87617,19,4.516337,3.454201,222.5321,24,3
2.078885,1.526499,88.6124,21,4.639724,3.592207,215.8197,23,3
2.205555,1.632424,94.7716,21,4.615168,3.518648,195.4771,22,3
2.288938,1.754059,102.3594,22,5.097077,3.926809,209.1233,21,3
2.620931,2.097369,120.2074,23,6.039214,4.686573,248.9659,21,3
2.626233,2.114158,122.2155,24,5.391479,4.089736,230.9749,21,3
2.660647,2.206921,126.784,23,5.277379,3.986953,228.2187,21,3
2.633846,2.191581,123.3754,25,5.159752,3.828213,217.0352,18,3
2.76403,2.316406,130.6701,24,4.795893,3.627951,216.0946,20,3
2.607841,2.137599,125.8036,24,3.636767,2.910753,167.6148,18,3
2.423879,1.945665,113.9455,23,3.764497,3.062972,172.0122,19,3
2.092397,1.703593,83.87851,22,3.63203,2.958894,165.5936,19,3
2.149851,1.758554,92.75271,22,4.145091,3.372249,185.331,20,3
1.923627,1.573016,85.20886,23,4.139764,3.343831,190.2356,21,3
1.981283,1.614472,80.3745,22,3.910078,3.223037,184.0322,24,3
2.534588,2.020983,112.3262,23,4.532523,3.650178,187.808,25,3
2.721831,2.172674,123.0201,23,4.632907,3.764825,189.5211,25,3
2.693916,2.118679,119.629,22,5.054453,3.959388,186.6748,26,3
2.973217,2.411076,138.0737,23,5.294293,4.136263,175.5518,22,3
2.924106,2.377223,142.9093,22,5.376894,4.128388,167.7049,22,3
2.50269,2.001707,108.878,22,8.006244,5.311009,277.4877,21,3
2.311337,1.850026,97.46261,24,8.475868,5.904253,320.111,22,3
2.274728,1.789679,100.1401,22,8.171962,5.657606,332.6806,22,3
2.153335,1.713857,88.95297,22,8.1343,5.650564,341.5028,26,3
2.078058,1.669006,80.64893,22,8.051165,5.532797,356.2524,26,3
2.100166,1.703143,79.97696,23,4.968363,3.980608,223.4549,27,3
2.311626,1.870611,96.50849,23,3.959922,3.208611,183.6737,25,3
2.359921,1.966718,90.73415,23,4.235989,3.473473,177.8919,26,3
2.215766,1.871093,74.10889,23,4.674437,3.779236,207.554,26,3
2.237684,1.880216,80.57284,24,5.818929,4.56831,247.9222,25,3
2.282735,1.966718,84.09066,23,6.273745,5.037773,302.4621,24,3
2.038111,1.765275,66.92196,22,6.144411,4.858354,286.181,22,3
1.876452,1.611303,65.98457,22,6.344293,4.913118,324.8415,21,3
1.835904,1.577672,67.66509,19,6.363388,5.014079,320.795,22,3
1.825834,1.573421,65.61584,20,5.299628,4.188916,269.7774,24,3
1.850921,1.575993,64.37035,20,4.89551,3.822435,235.0265,22,3
1.762867,1.472079,64.0941,20,5.416037,4.419682,262.5783,23,3
1.717325,1.40827,59.45623,22,4.79782,3.908217,208.4325,23,3
1.615561,1.300705,59.24233,22,4.820549,3.751112,181.2615,23,3
1.611514,1.292353,60.65675,22,4.837677,3.789889,188.0603,23,3
1.290308,1.018831,56.58128,23,5.064394,3.936584,197.058,24,3
1.340657,1.07498,58.8789,24,4.919399,3.815565,186.1453,23,3
1.451111,1.16688,58.02191,22,4.759106,3.564468,183.9572,25,3
1.918413,1.623626,72.16933,20,5.174347,3.649485,199.9853,21,3
1.991223,1.642118,82.87337,20,4.333892,3.053287,173.3782,22,3
2.13192,1.694148,80.24652,19,4.793088,3.435237,193.5585,22,3
2.129008,1.664677,75.55821,21,4.737361,3.387848,198.2027,22,3
1.818001,1.36388,65.1035,21,4.221118,3.1182,180.5897,22,3
2.057829,1.564444,73.97758,22,5.006583,3.679868,219.0596,24,3
2.016894,1.483763,69.25407,22,5.057623,3.79895,225.1757,24,3
2.154681,1.640748,68.3578,22,4.673723,3.552773,227.6669,25,3
2.241154,1.691818,85.88921,21,4.814865,3.750938,241.5572,25,3
2.309829,1.794831,91.33508,23,4.506494,3.65054,249.3718,25,3
2.097797,1.605934,84.08158,24,3.578692,3.043607,203.2039,24,3
2.29897,1.835967,91.32178,22,4.32283,3.404177,215.3138,22,3
2.280602,1.808819,104.1165,23,4.445816,3.484197,228.0668,23,3
2.333595,1.875182,99.21742,23,4.745166,3.630509,222.7947,21,3
2.349749,1.901378,100.8504,22,4.779498,3.5666,215.727,22,3
2.468729,2.049184,109.6568,23,5.053977,3.956367,249.2227,24,3
2.291856,1.874753,108.4179,22,4.38093,3.547065,230.2106,24,3
2.017829,1.632002,95.29498,23,3.976214,3.124142,191.5551,23,3
1.868485,1.521084,97.7485,24,3.526494,2.734438,176.7272,24,3
1.93311,1.589776,94.05026,23,3.601382,2.813553,163.4421,23,3
2.026654,1.586605,87.74624,21,3.873439,3.028019,147.575,24,3
2.248149,1.732627,90.54496,21,4.293164,3.237196,157.0719,25,3
2.438873,1.953272,94.50722,19,5.713308,4.337332,228.8114,25,3
2.48671,2.009864,94.81733,19,6.237506,4.93833,270.797,23,3
2.441442,1.960337,91.49293,19,6.736465,5.426041,287.3867,22,3
2.286331,1.876589,87.06258,19,6.512334,4.999044,284.0718,20,3
2.106195,1.808819,81.82684,20,6.319174,4.855593,268.2013,20,3
2.218998,1.909049,88.09212,22,5.83473,4.591324,234.7546,19,3
2.467142,2.058217,92.34229,22,6.654044,5.129604,287.4987,21,3
2.671937,2.192481,105.2511,22,6.249069,4.806523,285.8991,22,3
2.760552,2.289578,120.2307,25,6.47968,5.10067,303.2386,22,3
2.983113,2.493224,142.0494,24,6.821416,5.534038,328.9059,24,3
2.911018,2.402202,139.5222,26,6.239496,4.799056,285.66,25,3
3.035389,2.478352,145.0905,25,4.965906,4.035528,236.1095,25,3
3.204949,2.632592,145.4434,23,7.649525,5.605866,350.3909,25,3
3.21589,2.615283,140.3392,22,8.364961,6.308681,413.5945,26,3
3.137989,2.527194,134.0142,21,11.57417,8.344529,599.1097,25,3
3.142366,2.4897,125.1897,19,12.13672,9.387494,665.6807,26,3
3.299788,2.664742,121.9735,18,12.32754,9.816435,671.8309,26,3
3.120772,2.479576,118.637,17,10.73014,7.944603,537.6948,24,3
3.450669,2.722566,124.3724,17,10.5149,7.406633,459.2044,21,3
3.846452,2.98329,139.924,17,8.659739,6.593595,348.0859,21,3
4.219184,3.274613,167.0533,18,7.916131,5.698196,314.06,20,3
4.791012,3.650695,224.3665,20,7.387243,4.955318,271.2834,20,3
4.807602,3.721117,230.7462,24,7.413584,4.910142,276.4054,22,3
4.622454,3.602921,222.2887,23,6.722954,4.505637,274.347,22,3
4.344379,3.381139,206.5714,23,3.434728,2.788974,178.3284,23,3
3.94506,2.99514,179.5498,24,5.144433,3.565977,214.8035,24,3
2.822046,2.213731,111.2926,25,5.250008,3.662015,229.8882,23,3
3.290119,2.551344,147.7485,24,5.520738,3.977048,233.0667,22,3
3.213016,2.409299,145.5593,23,6.268363,4.593881,270.3937,25,3
3.116563,2.330407,143.296,24,6.559344,5.014171,288.6986,25,3
3.028484,2.29161,140.2259,24,5.695896,4.568659,261.3556,23,3
3.070465,2.398339,148.8772,23,5.853039,4.712554,250.1487,23,3
2.887625,2.223759,137.0642,23,6.601771,5.333056,299.9607,22,3
3.41384,2.69712,167.8134,23,6.064727,4.869565,276.3013,21,3
3.401898,2.684569,172.0441,23,5.827872,4.546136,247.0291,19,3
3.535393,2.84403,178.0858,23,5.652137,4.442469,248.5325,21,3
3.702544,3.027122,185.8271,22,5.574494,4.482079,248.4341,21,3
3.526212,2.938135,159.6999,23,5.590481,4.479047,243.0928,20,3
3.152478,2.603923,153.237,25,6.338023,5.078687,282.7175,22,3
3.275651,2.650548,152.6681,24,6.38191,5.148735,306.39,23,3
3.228781,2.571222,157.4674,25,6.605338,5.384814,312.6861,23,3
3.17799,2.450423,155.9268,26,6.619997,5.361807,333.7271,24,3
3.086772,2.286474,158.6662,25,6.533373,5.350513,335.192,24,3
3.213385,2.325912,134.6561,24,6.887123,5.647462,335.9986,24,3
3.703772,2.757548,142.7902,24,6.889028,5.709902,325.8195,24,3
3.771324,2.89244,145.3974,23,7.034263,5.825416,334.2894,23,3
3.461734,2.603839,127.1907,20,7.678115,6.364798,346.8887,22,3
3.479424,2.685479,132.304,20,7.294408,5.90993,332.5424,22,3
3.214079,2.530781,135.8291,19,6.627399,5.254564,318.3228,24,3
2.481025,2.049623,124.0634,21,6.671596,5.284364,326.41,24,3
2.610726,2.118073,139.73,22,6.410125,5.01258,313.1563,23,3
2.828448,2.322777,153.7343,23,6.459216,5.137544,322.0634,24,3
2.64319,2.179625,146.3533,24,6.271923,5.037269,289.8645,24,3
2.870152,2.371885,152.3912,25,5.798091,4.744464,259.3364,22,3
2.980731,2.492108,154.5531,24,5.674314,4.630536,249.0538,21,3
2.675691,2.245042,129.8033,25,5.769204,4.654775,243.8394,19,3
2.933507,2.462415,136.4697,26,5.026711,4.08091,206.8896,20,3
2.925455,2.462,123.7579,27,5.010278,4.054458,212.4287,19,3
2.687651,2.195512,115.6257,27,4.787883,3.705464,191.9507,19,3
2.768595,2.210557,125.2323,27,4.689155,3.541778,176.0773,20,3
2.910568,2.319032,131.9894,24,4.56377,3.415371,176.3102,21,3
2.610485,2.055598,116.5509,23,4.129048,3.128268,162.967,21,3
2.916498,2.329668,137.0922,22,3.774114,2.888148,161.7232,23,3
3.140173,2.58256,147.6947,23,3.907876,3.117098,190.4178,24,3
2.960923,2.423814,142.8804,23,4.05001,3.247722,203.0784,24,3
3.065154,2.506741,144.0493,25,3.915,3.233239,201.5665,24,3
3.125289,2.607292,149.6299,24,4.453905,3.555517,216.419,22,3
2.938836,2.392182,136.559,24,4.556611,3.602195,222.8463,23,3
2.735762,2.213306,124.228,23,4.580821,3.567651,211.2333,23,3
2.647346,2.095393,111.7731,23,5.483023,4.250698,267.3608,23,3
2.48638,1.981183,103.2065,23,5.073211,3.734927,247.2134,25,3
2.380903,1.874094,101.2608,24,4.458321,3.202844,217.9676,26,3
2.282901,1.780144,96.83942,24,4.375085,3.138519,208.5972,26,3
2.404148,1.883981,102.9183,23,4.261059,3.013408,190.3573,24,3
2.373725,1.891775,105.2583,23,2.71461,2.118321,121.8611,23,3
2.249651,1.808516,101.6735,23,3.161969,2.522686,138.4462,21,3
2.052029,1.622717,91.08833,24,3.422181,2.728228,146.0224,22,3
2.055732,1.677905,90.65318,25,3.234053,2.557353,142.3749,23,3
1.482327,1.132413,61.61703,26,4.548227,3.440596,208.238,23,3
1.618468,1.247348,59.51136,27,4.31723,3.124119,170.9641,23,3
1.594182,1.274437,63.21497,26,4.589614,3.269899,187.7148,23,3
1.687985,1.341186,70.08308,25,4.713739,3.251452,175.4014,23,3
1.880018,1.550452,81.91075,25,4.501774,3.147403,172.7091,22,3
2.079467,1.706168,88.65542,25,4.847333,3.53764,211.4613,23,3
1.967622,1.608393,85.65843,25,5.121456,3.933495,242.7049,22,3
2.155605,1.767348,87.35033,23,4.53735,3.590505,206.3152,21,3
2.187922,1.793856,83.09523,21,5.829698,4.308802,238.3097,22,3
2.05873,1.637724,76.45878,20,6.386259,4.641209,269.1667,23,3
2.165341,1.777511,78.24818,17,6.206953,4.435374,247.6523,22,3
2.2852,1.873066,74.6432,17,6.515848,4.639905,247.1932,22,3
2.193955,1.737457,69.85809,18,6.505316,4.647213,247.7615,23,3
2.163997,1.73781,67.89509,21,4.72654,3.413908,203.4433,24,3
2.233549,1.813308,74.28772,21,3.966716,3.01426,179.3257,23,3
1.994981,1.587604,68.87206,22,4.40624,3.409068,200.8605,25,3
2.539465,1.935783,86.72456,22,4.992285,3.712676,249.9618,27,3
2.787239,2.202223,112.8446,22,5.207546,3.928701,277.6681,26,3
3.09582,2.502571,131.3299,23,5.581631,4.313691,279.3583,26,3
3.460432,2.823879,146.7321,21,6.443113,5.20856,339.4589,25,3
3.778392,3.168195,176.5189,23,6.454206,5.287692,320.7881,25,3
3.479406,2.921394,161.0562,24,5.555594,4.638268,254.3929,25,3
3.212445,2.576421,140.7251,25,5.477588,4.390288,229.9212,26,3
3.019397,2.387174,133.0236,24,5.73419,4.648909,258.2325,25,3
2.520747,1.988363,107.3408,23,4.51874,3.435675,178.6204,26,3
2.20323,1.773394,82.71954,23,4.389284,3.265809,203.9704,25,3
2.301259,1.807858,107.3395,23,4.909091,3.627514,222.1756,23,3
2.399156,1.915609,113.687,21,4.810364,3.667487,213.8868,23,3
2.566729,2.047662,115.8292,21,4.373508,3.337759,202.0621,23,3
2.876327,2.296387,136.0826,22,5.894578,4.593887,272.6813,22,3
2.867178,2.342108,138.2726,21,6.353813,4.914525,285.7314,21,3
3.246238,2.614596,148.7082,20,6.826818,5.141889,309.1405,20,3
3.28617,2.660737,146.3111,20,6.87396,5.235087,315.7113,22,3
3.052508,2.397491,141.4284,20,7.401772,5.662831,336.3711,22,3
3.16675,2.557028,144.9134,20,6.3911,4.674014,280.7951,23,3
3.294287,2.641004,154.9025,22,6.032634,4.489341,255.4652,23,3
3.034671,2.437634,144.8001,21,5.444896,4.237375,267.3702,24,3
3.293701,2.737775,147.5417,22,5.875979,4.49988,286.0547,22,3
3.378048,2.831735,146.0069,23,5.92268,4.590207,297.3007,22,3
3.131975,2.607779,132.8431,22,8.441838,6.198967,370.4243,23,3
3.132519,2.621826,128.304,21,8.338892,6.033394,365.0736,24,3
2.895932,2.450786,121.9223,22,8.270752,5.937334,324.4267,22,3
2.696287,2.260218,116.8319,22,8.03925,5.774672,316.9118,25,3
2.645058,2.215279,115.7694,21,8.134549,5.679973,302.6538,24,3
2.945743,2.41517,128.0393,21,5.871692,4.51033,247.4692,24,3
3.108456,2.588809,122.6904,21,6.044176,4.688879,267.6666,23,3
3.313919,2.790928,131.4232,21,6.178521,4.835835,279.9555,23,3
3.312231,2.744617,144.6239,20,6.850351,5.337945,280.1748,23,3
3.528843,2.927006,159.6232,21,6.655769,5.388223,277.8731,23,3
3.43726,2.856284,162.3387,22,6.2663,4.920228,253.9707,23,3
3.063722,2.441055,155.9388,22,7.923212,5.916494,302.0995,23,3
2.808931,2.199458,134.0767,22,8.056136,6.112459,306.7223,22,3
2.789737,2.206767,118.56,21,7.864963,6.039126,326.2323,21,3
2.451976,1.9326,95.72786,20,7.399538,5.508066,289.6547,21,3
2.260245,1.807401,87.50547,20,7.772707,6.046598,315.5302,19,3
2.303923,1.846106,95.96605,23,6.711081,5.491903,305.5847,19,3
2.543009,2.001021,102.1532,24,6.446229,5.228084,295.2914,21,3
2.551184,1.958236,105.6442,24,5.695322,4.372826,238.2584,21,3
2.805392,2.228557,132.9222,23,5.922051,4.591266,270.889,22,3
2.825709,2.225302,132.5085,23,5.795383,4.492826,271.7474,23,3
2.989626,2.427977,138.6902,23,4.908314,3.912361,212.8937,25,3
2.74483,2.175126,126.6166,22,5.90482,4.483621,270.6989,24,3
2.781268,2.251105,130.1191,23,6.915336,5.450305,348.1871,25,3
2.429803,1.892946,104.7892,25,6.936111,5.509366,365.4291,26,3
2.668996,2.061473,120.913,27,7.145096,5.704884,380.8066,27,3
2.400604,1.787663,106.4687,28,6.900447,5.265096,371.378,27,3
2.355405,1.733421,107.3221,26,5.818089,4.408344,298.0725,27,3
2.388618,1.748537,115.5571,27,5.712926,4.438463,295.5448,27,3
2.556665,1.955211,116.2296,25,5.570163,4.312066,289.6673,26,3
2.472104,1.933177,96.80743,25,5.776897,4.471756,297.2634,25,3
2.716255,2.195692,103.3218,22,5.909609,4.654942,310.8692,25,3
2.705006,2.190539,102.7443,22,6.133317,4.936082,343.3417,24,3
2.99605,2.436697,107.5719,21,5.268792,4.142725,282.3347,24,3
2.981934,2.441525,117.6579,21,4.989703,3.878974,263.7207,24,3
2.780361,2.206253,110.0883,21,4.736663,3.692676,267.4219,25,3
2.670935,2.07689,99.74954,24,5.023639,4.031447,282.8723,24,3
2.67414,2.096726,98.27514,23,4.608019,3.558365,246.0646,24,3
2.165606,1.765232,88.21557,24,4.589096,3.599668,262.6955,24,3
2.195714,1.667264,80.41542,24,4.69283,3.674762,264.377,26,3
2.361676,1.854678,86.08433,24,5.599192,3.900192,254.0832,27,3
2.683588,2.06046,113.1259,24,5.650541,3.952817,261.6434,27,3
2.72454,2.106654,120.0294,26,5.839129,4.238472,276.6639,27,3
2.710292,2.023267,108.8881,25,6.446402,4.819177,308.0156,26,3
2.572692,1.953933,102.4317,25,6.37148,4.785131,318.2903,26,3
2.292841,1.692361,95.51009,25,4.947138,3.957222,265.0196,23,3
1.759719,1.400445,70.02279,25,4.506673,3.576874,214.1887,21,3
1.771012,1.419718,62.32661,25,4.4986,3.567485,212.5605,20,3
1.699527,1.371494,60.0294,25,3.730237,3.105905,172.5154,19,3
1.682083,1.387899,59.93174,24,3.924418,3.127812,142.8625,19,3
1.609216,1.304349,49.50721,23,4.115438,3.296572,158.9216,22,3
1.611308,1.293393,59.67858,23,4.173009,3.304706,186.7572,24,3
1.56884,1.271647,61.12695,20,3.925082,2.965119,170.691,25,3
1.560363,1.305812,66.33542,22,3.70262,2.804446,164.0677,27,3
1.565401,1.249171,70.52827,20,3.243566,2.554251,155.6663,24,3
1.63847,1.2851,70.63174,22,2.805803,2.227492,133.9234,24,3
1.533544,1.170596,58.10223,20,2.815793,2.282487,117.5001,23,3
1.571795,1.228945,54.67923,21,3.096281,2.565991,141.4802,23,3
1.559079,1.244189,43.06311,23,3.031707,2.471782,134.7543,24,3
1.590946,1.272775,42.66696,22,2.974014,2.368024,132.5105,25,3
1.626723,1.340583,40.58451,22,3.203019,2.594298,142.3777,25,3
1.773716,1.486173,44.79542,25,3.612753,2.829581,170.0694,24,3
1.758284,1.45243,53.19916,24,3.367129,2.600827,151.0569,23,3
1.73131,1.417319,60.52099,23,3.390887,2.65002,159.1023,23,3
1.695962,1.415468,64.20994,25,3.73023,2.998822,188.3999,22,3
1.89453,1.467319,62.57776,25,3.380532,2.791193,125.9259,18,3
2.002945,1.52895,75.93862,24,3.381753,2.773632,135.2808,20,3
2.053231,1.588953,76.48048,23,3.993607,3.206229,173.5148,20,3
1.955467,1.438513,70.36016,24,4.245596,3.438624,172.8023,19,3
2.026025,1.525619,80.30704,23,4.091807,3.31474,168.7104,20,3
1.675483,1.287368,67.00341,26,4.067693,3.275569,179.4064,23,3
1.377003,1.056316,54.50917,26,5.956383,4.45028,272.6336,22,3
1.487986,1.173696,57.58584,27,5.730408,4.209306,257.7158,21,3
1.562993,1.272466,60.25033,25,5.597831,4.027751,261.1094,21,3
1.472144,1.217142,57.02702,25,5.938421,4.470769,278.4068,19,3
1.678882,1.40262,60.3249,22,6.393883,4.888621,313.3265,20,3
1.860798,1.559483,64.93999,22,6.12722,4.765396,292.1638,20,3
1.762073,1.442593,62.7463,23,6.015201,4.568862,280.5721,23,3
1.774555,1.477543,64.10384,22,6.556108,5.057383,317.3787,25,3
1.689081,1.373573,54.70052,21,7.205431,5.528742,380.9636,26,3
1.59318,1.316771,50.11778,23,6.788794,5.115164,337.4695,25,3
1.493071,1.268865,50.85027,23,6.151189,4.608802,287.8733,25,3
1.619927,1.400779,59.28049,24,6.563093,5.215701,318.637,22,3
1.854329,1.576467,68.36565,25,7.145608,5.6695,328.776,21,3
2.633375,2.068824,98.43042,26,6.431268,5.10672,262.8243,19,3
3.838768,2.818074,158.0519,26,7.11048,5.719244,285.2659,20,3
5.20824,3.830057,221.4095,26,7.504344,5.982543,332.9402,21,3
5.414766,4.067366,242.8968,24,8.952271,6.860167,391.0472,23,3
5.600835,4.319321,259.3439,22,9.369605,7.197678,402.8509,24,3
5.634783,4.377484,258.6608,22,10.36545,8.198516,505.6883,24,3
5.449759,4.248404,250.224,22,10.32307,8.144692,522.8193,23,3
4.458244,3.578719,209.3711,21,10.3416,8.211869,514.4784,23,3
4.863794,3.997517,236.7544,21,9.04846,7.248384,455.814,23,3
5.026041,4.071891,252.7367,21,12.05915,8.637339,569.2117,23,3
4.93496,4.070824,244.5615,22,11.46502,7.878441,502.662,24,3
4.533273,3.758569,223.5802,22,11.20101,7.516392,478.4191,24,3
4.272017,3.499437,203.6268,23,11.33189,7.60359,492.2003,25,3
3.518144,2.846,159.4431,21,11.42852,7.556222,498.0014,26,3
3.084848,2.616243,127.9992,21,8.264169,5.983723,361.2799,24,3
2.741038,2.274913,112.5747,21,8.20677,6.044684,336.7346,24,3
2.887123,2.410545,99.25027,21,8.490367,6.42927,336.1292,24,3
3.093577,2.573713,108.6703,21,7.777278,5.982322,269.1297,23,3
3.264974,2.725633,122.3311,22,7.849424,6.131621,259.6329,23,3
3.511572,2.91897,151.5492,23,6.119421,4.974308,218.2575,25,3
3.785589,3.192141,172.1394,21,7.491452,5.294001,290.4104,24,3
3.442457,2.733491,162.4787,20,10.06766,6.597492,405.6261,26,3
3.347274,2.619832,158.7343,21,10.08597,6.479586,420.8906,26,3
3.280696,2.511107,151.1592,22,9.88881,6.251833,425.4862,25,3
2.871293,2.199793,127.9237,21,10.41175,6.988238,468.4832,24,3
2.987391,2.344882,117.0118,23,9.424837,6.56276,421.2015,23,3
3.268145,2.700765,123.9035,26,6.1319,4.764224,292.1184,23,3
3.341066,2.802333,135.2878,25,6.427165,4.975954,299.4021,23,3
3.294791,2.823226,133.1895,24,6.665074,5.090337,286.6405,24,3
3.507055,2.960503,145.0075,25,6.971928,5.401842,314.9533,25,3
3.463742,2.905708,137.7071,25,7.504923,5.906539,345.6383,24,3
3.290129,2.721547,141.1107,24,7.826769,6.225221,376.992,24,3
3.119576,2.561393,126.1006,22,8.636793,6.881369,437.559,25,3
3.261205,2.636166,128.0259,24,8.938503,7.260336,471.25,23,3
3.016737,2.476902,111.3076,23,8.465459,6.78836,460.2799,24,3
2.692912,2.241158,129.8735,22,8.607578,6.714195,437.1753,23,3
2.821448,2.350679,133.4122,23,8.393614,6.5702,407.1038,23,3
2.780281,2.305945,133.9929,22,7.019543,5.377579,317.507,21,3
2.4085,1.984409,117.2431,19,6.486882,4.991049,278.9824,20,3
2.73296,2.234706,126.4399,19,6.220025,4.660676,226.436,20,3
2.878668,2.33467,122.3113,18,6.799382,4.902495,237.9772,20,3
2.56116,1.990547,111.6119,19,6.768976,4.759763,239.9881,20,3
2.669314,2.099293,117.8822,20,6.882605,4.991553,258.3335,21,3
2.742771,2.199381,122.5234,22,6.973004,5.101236,288.752,23,3
2.761691,2.106232,129.202,22,6.897509,5.142491,288.1792,20,3
2.503147,1.922905,123.4958,22,6.162332,4.795281,264.3879,19,3
3.059153,2.418272,153.4153,23,7.196802,5.60219,283.4226,19,3
3.155944,2.505766,160.4264,22,8.166651,6.348748,285.7495,17,3
3.174469,2.535533,162.8573,23,7.729321,5.635599,247.2725,18,3
2.962596,2.432331,141.7609,25,7.73843,5.64805,239.5198,19,3
3.068567,2.54912,138.6738,24,7.240309,5.476319,248.5686,20,3
2.734956,2.300661,107.5653,23,6.701386,5.082278,254.1125,20,3
2.696242,2.285917,113.1374,23,5.427453,4.270649,240.6814,21,3
2.840806,2.45273,119.4036,23,5.695416,4.756944,233.3217,21,3
2.76678,2.424335,137.4067,22,5.598248,4.584815,225.5574,21,3
2.738024,2.389788,136.5584,22,5.024604,4.056193,194.0103,20,3
2.566323,2.225784,130.652,22,4.004643,3.366581,145.2926,22,3
2.564047,2.208322,125.126,23,4.850219,3.92653,145.7828,22,3
2.345478,1.981793,111.7469,25,4.795144,3.762535,166.7663,22,3
2.3702,1.994727,95.50245,26,4.712292,3.672896,178.9219,23,3
2.195532,1.860189,90.86979,25,4.70003,3.62934,173.0679,23,3
2.276373,1.939147,106.2076,24,4.946373,3.976508,202.2069,23,3
2.276891,1.938591,104.8972,24,4.199541,3.43428,208.0477,23,3
2.332821,2.007034,109.412,23,3.896517,3.178794,200.6998,24,3
2.31545,1.967194,108.4329,23,4.29812,3.574735,225.4458,23,3
2.47182,2.092863,111.4191,25,4.528183,3.731934,249.2211,23,3
2.345859,1.926366,90.82546,25,4.623652,3.61731,237.9242,25,3
2.157703,1.760536,81.58614,26,4.202879,3.221242,213.4862,24,3
2.111827,1.712412,78.02261,25,4.328873,3.271383,195.1442,22,3
2.099946,1.647025,77.31924,24,3.733568,2.663258,149.2123,21,3
1.83352,1.436299,71.72061,23,3.082873,2.133235,107.4965,22,3
1.856333,1.406925,73.02123,23,3.04786,2.120161,100.5345,21,3
1.859363,1.429413,67.31421,22,3.483361,2.390765,110.4363,22,3
1.792812,1.372483,64.69917,23,3.144044,2.129682,105.027,21,3
1.554796,1.251506,64.49173,23,3.253327,2.155163,109.1903,23,3
1.513257,1.173539,55.26631,24,4.046926,2.855271,130.6591,21,3
1.48683,1.187339,56.5625,23,3.6683,2.645282,131.3039,21,3
1.373462,1.087527,55.63309,25,3.510664,2.609953,132.407,23,3
1.468194,1.146834,62.95132,23,3.599689,2.72189,135.5746,24,3
1.605094,1.275812,55.92737,23,3.54899,2.785562,140.1381,22,3
1.594305,1.297226,60.85601,23,2.723101,2.253255,132.1106,24,3
1.577449,1.313008,55.71363,22,3.06704,2.440204,135.786,23,3
1.614979,1.353482,53.11647,21,3.131835,2.414459,133.5364,21,3
1.527444,1.273931,46.63779,22,3.239253,2.548596,134.4375,23,3
1.470222,1.243091,50.23334,21,3.483442,2.758392,146.7034,23,3
1.539052,1.314136,57.32562,22,3.742918,2.959794,158.958,22,3
1.553384,1.306192,65.85406,22,4.192874,3.32496,160.3133,22,3
1.504007,1.262671,67.03842,22,4.277619,3.490682,162.8373,24,3
1.619752,1.31737,69.5535,22,4.067155,3.114016,156.4819,23,3
1.700657,1.346166,76.35868,23,3.777306,2.7114,135.2318,25,3
1.633495,1.267901,68.78284,22,3.620399,2.556093,128.1374,26,3
1.744904,1.368846,61.78557,19,2.734065,2.008633,115.4456,26,3
2.316061,1.864495,90.05166,22,3.969294,3.117062,180.5676,24,3
2.484258,2.075617,116.985,23,3.828288,2.961584,171.3741,22,3
2.558777,2.176049,118.8662,21,3.970181,3.137834,171.5243,19,3
2.444629,2.093149,94.62514,21,3.483177,2.630883,154.5299,21,3
2.888861,2.354021,118.6983,23,5.868742,3.928712,253.8994,20,3
2.898063,2.289721,127.2826,23,5.949757,3.876684,256.0994,19,3
2.726108,2.082498,105.8027,21,6.123452,4.216546,283.1741,22,3
3.14011,2.384893,123.6797,21,6.399237,4.533854,313.5266,23,3
3.076146,2.310357,132.9888,20,6.678716,5.04021,361.2814,24,3
2.889482,2.195019,115.4747,21,6.506068,4.867977,326.7652,23,3
3.203032,2.411285,115.6781,18,6.606823,5.126204,344.9867,23,3
3.426823,2.706963,126.4118,21,6.488984,4.871763,332.908,23,3
3.100997,2.457083,115.4794,20,6.146867,4.449149,308.597,23,3
3.207001,2.589705,124.6839,21,5.777042,3.837798,253.5618,25,3
3.109792,2.57416,128.203,21,5.145432,3.682629,241.9037,25,3
2.71255,2.312871,120.9347,22,4.93758,3.476641,227.4634,25,3
2.451023,2.059499,111.7334,23,5.301744,3.789206,251.5909,25,3
2.71628,2.295043,121.2547,25,7.152097,5.030181,266.5849,24,3
2.67429,2.229511,125.9328,23,8.218109,6.125549,320.8493,22,3
2.598006,2.133318,113.7273,23,9.354156,6.922419,339.8593,21,3
2.637048,2.218393,116.7664,23,10.7467,7.922177,414.6928,22,3
2.885978,2.419254,134.3892,23,10.9669,8.273696,398.6362,21,3
2.602181,2.128406,125.2053,23,11.34186,8.587933,504.7514,22,3
2.652833,2.129459,122.8462,23,12.32447,9.592776,588.0157,23,3
2.802127,2.255861,131.9415,23,11.14605,8.297453,532.283,23,3
3.086824,2.438719,153.2445,23,9.638794,7.037857,452.8505,23,3
2.986825,2.368881,149.3652,24,9.746235,7.350985,485.6645,22,3
3.233349,2.57128,159.3555,22,9.017303,6.979971,421.7189,20,3
3.177962,2.5275,156.3643,24,6.956684,5.589458,320.0943,20,3
3.138643,2.518838,168.6078,24,7.524623,6.052056,361.063,20,3
2.969302,2.358813,146.6253,24,7.940888,6.618556,389.911,20,3
2.825199,2.18393,137.2893,25,7.909777,6.527955,418.132,23,3
2.869276,2.291955,125.1268,25,7.346096,6.147128,387.3534,24,3
2.739162,2.145528,110.4619,26,7.000502,5.77932,374.792,23,3
2.448687,1.850834,85.92245,26,5.979823,4.918851,305.9167,24,3
2.706792,2.028628,101.1311,26,5.436066,4.315453,272.0772,24,3
2.717764,2.049629,96.45078,27,5.904086,4.480093,272.4485,25,3
2.915478,2.120909,126.1392,26,6.987433,5.127606,335.6171,25,3
3.161093,2.401953,154.4552,26,7.797763,6.013112,395.5166,26,3
3.350806,2.66508,170.5472,24,8.619457,6.92665,451.4825,25,3
3.087599,2.430968,162.214,25,9.211264,7.847616,463.0554,26,3
3.417757,2.753796,189.605,24,8.69211,7.471135,407.9077,22,3
3.531648,2.870473,192.9008,23,7.878434,6.875078,365.7832,21,3
3.621341,2.969656,192.371,23,7.83865,6.800099,356.5844,20,3
3.537077,2.841576,183.6041,23,7.554646,6.59994,338.0113,20,3
4.180648,3.306057,204.2117,24,7.879429,6.806218,390.1659,19,3
4.118984,3.272622,208.9375,24,7.988303,6.9369,401.1796,21,3
3.687329,2.843759,181.1017,23,7.622182,6.56618,357.0306,22,3
3.551221,2.711944,164.1586,23,7.444738,6.438869,334.4069,21,3
3.632647,2.846123,167.6829,26,7.777772,6.519552,371.1625,24,3
3.073885,2.562312,150.379,25,6.730485,5.470268,309.3135,24,3
2.813016,2.26627,119.146,24,6.495447,5.080694,299.8944,24,3
2.926687,2.436997,122.0189,24,6.391056,4.883866,321.0872,24,3
2.865441,2.339255,120.8657,24,6.133707,4.718657,299.3682,23,3
2.745775,2.203945,113.9648,23,5.229661,4.359893,228.1542,20,3
2.291158,1.856541,99.81322,23,5.506799,4.570087,242.4776,20,3
2.409511,1.984312,101.136,24,5.475004,4.696711,227.9064,20,3
2.356416,1.893365,94.82465,23,6.848744,5.590238,283.1595,20,3
2.340573,1.895852,96.50726,24,8.786172,6.688209,384.4035,22,3
2.282419,1.826227,94.47092,23,9.709888,6.957395,438.9865,26,3
2.351676,1.910243,92.55791,22,9.916047,7.208908,461.4673,27,3
2.50495,1.954469,101.6535,24,10.2346,7.621458,488.6284,25,3
2.492711,1.962726,121.0691,24,9.360044,6.653778,421.348,26,3
2.942647,2.257096,140.6292,23,8.063153,6.033989,359.3725,24,3
3.452918,2.714798,179.0362,22,6.936713,5.720829,312.9866,23,3
3.645653,2.933317,193.3412,22,6.937663,5.795071,297.6502,23,3
3.635598,3.012775,183.4707,21,6.564598,5.441623,301.8615,23,3
3.507445,2.789926,163.0676,20,7.270886,6.028875,321.7617,22,3
3.457191,2.746386,155.8157,21,6.387411,5.153924,293.395,23,3
3.039112,2.396746,121.0294,20,6.610764,5.313434,332.319,23,3
3.032477,2.349541,118.3018,22,6.170293,4.874149,323.2333,23,3
3.065202,2.349345,135.7371,23,6.486113,5.117641,332.7841,23,3
3.334654,2.673844,146.5605,24,5.999528,4.716855,317.5592,23,3
3.053877,2.499735,136.1458,23,6.099035,4.740256,305.2149,24,3
3.065702,2.55619,135.8077,22,5.796503,4.43982,278.0399,24,3
3.056979,2.556202,120.2445,20,5.579062,4.224092,255.6691,25,3
2.829954,2.348377,101.8679,19,5.160506,3.93817,248.2111,26,3
2.602256,2.162007,106.7986,21,5.268739,4.097877,243.5139,23,3
2.559353,2.071551,106.1097,22,5.24309,3.942091,238.5154,24,3
2.657982,2.187737,107.0926,25,5.363461,4.09591,263.1977,25,3
2.515939,2.137394,102.7283,23,6.274122,4.878882,304.9745,23,3
2.371678,1.943341,92.64696,21,6.455665,5.102809,295.6953,24,3
2.159238,1.740193,64.02541,23,5.996253,4.774107,286.1445,26,3
2.013743,1.669666,55.10015,22,5.8942,4.783422,295.2807,26,3
1.941461,1.539307,58.28129,21,6.155743,4.806273,263.3309,25,3
1.686439,1.301112,62.19283,24,5.350387,4.098569,220.4349,25,3
1.680018,1.324697,61.4607,27,4.946455,3.7508,185.5893,24,3
1.763471,1.396134,71.8493,25,5.123083,3.846773,189.1658,23,3
1.878721,1.494336,71.62682,24,5.077118,3.844005,180.3551,21,3
1.694322,1.393761,65.65211,27,5.268441,4.113476,197.1347,21,3
1.58608,1.311488,60.60627,27,5.206035,4.15462,202.898,19,3
1.567381,1.267159,59.59278,26,5.179386,4.122737,214.0637,22,3
1.489082,1.180082,54.47298,24,5.685945,4.509785,246.6904,22,3
1.217534,0.9637765,53.69677,23,5.75226,4.595866,266.2044,23,3
1.192497,0.9703398,51.40189,22,5.298605,4.084421,239.1153,23,3
1.337319,1.091896,51.68539,23,5.237948,3.986777,240.0176,23,3
1.50395,1.252373,63.76037,23,4.91678,3.603846,220.105,22,3
1.700144,1.413853,74.68575,23,5.088766,3.598294,210.6756,22,3
1.816345,1.554614,77.75335,23,5.300535,3.700375,223.6057,22,3
1.713058,1.439389,76.83705,23,5.07518,3.66025,237.6338,25,3
1.721338,1.445669,75.40614,23,5.01283,3.571681,219.7377,24,3
1.658955,1.382133,70.44618,23,5.130069,3.692258,239.1689,25,3
1.527056,1.309211,66.81737,24,3.988095,2.980736,199.2935,25,3
1.462255,1.219537,58.63615,23,3.735857,2.928289,176.7656,23,3
1.445835,1.211365,52.35125,24,3.651217,2.966474,163.6714,21,3
1.304594,1.082424,52.3847,25,3.952848,3.198244,181.2131,20,3
1.46909,1.157286,51.41722,24,4.006781,3.235936,161.5692,19,3
1.517312,1.171259,52.36651,23,4.216836,3.416544,182.7632,19,3
1.470531,1.163325,53.32705,23,4.547671,3.708062,194.936,19,3
1.513169,1.181412,58.76952,22,4.205348,3.31676,184.3156,20,3
1.536111,1.211432,53.90046,22,3.856045,3.019037,163.5645,19,3
2.186512,1.721669,92.08934,23,6.52023,4.632302,264.2114,22,4
2.991707,2.12351,118.2136,25,6.703254,4.98339,287.6514,21,4
3.01352,2.174241,113.5767,25,5.988536,4.426653,267.1725,21,4
2.91654,2.05391,100.6318,25,6.415536,4.873261,288.5049,22,4
3.2767,2.376448,113.2749,23,6.022864,4.639095,291.4754,20,4
3.44884,2.61108,134.4335,22,8.932959,5.799704,356.4431,20,4
2.928747,2.34838,104.3973,21,9.270877,6.291311,394.0182,21,4
3.035786,2.456832,105.939,20,9.2957,6.313817,393.6024,21,4
3.139805,2.569878,116.9061,20,9.171704,6.138256,372.2176,21,4
2.959573,2.435055,116.891,21,9.168136,6.051268,357.8711,22,4
3.0645,2.57155,108.7244,19,5.848995,4.773327,275.7273,22,4
3.30826,2.725104,128.7446,19,5.573879,4.515008,268.0213,23,4
3.185128,2.580334,131.8134,18,6.198315,5.01435,315.0764,22,4
3.479027,2.864187,146.5479,19,7.544844,6.108638,422.7383,22,4
3.572617,2.861877,157.6832,21,8.57253,7.08832,504.1553,24,4
3.705692,2.965549,160.0747,23,8.491549,6.908081,494.8635,25,4
3.398238,2.699126,140.1731,23,8.398262,6.778706,487.1337,25,4
3.695927,2.971875,149.5147,23,8.206368,6.642592,435.0802,27,4
3.545401,2.906879,142.6855,22,6.819036,5.317132,330.7145,25,4
3.189072,2.653188,128.8639,23,5.657369,4.56966,268.5567,25,4
2.785156,2.26685,125.2335,22,5.233797,4.161032,239.5968,26,4
2.887789,2.295644,133.07,22,5.47936,4.403434,265.4908,26,4
2.915032,2.344615,133.8295,22,6.512977,4.784546,324.3533,26,4
2.842238,2.2374,123.0361,21,6.769253,5.220999,321.928,27,4
3.615875,2.807364,151.7826,21,8.154943,6.104407,372.4772,26,4
3.675485,2.933536,157.9466,19,8.427292,6.464778,397.5233,24,4
3.959499,3.201155,172.8512,21,8.641793,6.634547,401.0864,24,4
3.894922,3.075429,173.1125,23,9.570026,7.41979,447.4505,24,4
3.793708,2.948137,176.6673,23,9.925256,7.759203,508.6455,25,4
3.477567,2.7407,154.7941,21,8.562094,6.440791,433.0495,27,4
3.639148,2.922214,165.3346,21,8.713886,6.679697,449.6836,27,4
3.336092,2.749285,145.0857,19,8.262019,6.083532,405.6858,25,4
3.254173,2.771875,139.9856,19,5.823841,4.432627,284.9952,24,4
3.635521,3.134103,159.3212,20,4.864,3.75931,222.2595,23,4
3.328835,2.862608,145.1638,18,5.01431,3.874003,232.4166,24,4
3.370688,2.885379,154.8253,20,4.466898,3.481919,204.656,23,4
3.284732,2.688451,155.9221,22,5.708276,4.424978,249.0111,24,4
3.314572,2.646609,157.1523,22,6.899774,5.26796,318.2185,25,4
3.369968,2.639288,154.9113,22,7.16819,5.55593,352.689,24,4
3.640561,2.839223,167.6039,23,6.915617,5.200148,323.0316,24,4
3.434583,2.607855,132.3175,23,6.782942,5.114592,293.0245,22,4
3.344142,2.592609,124.9486,20,6.473881,4.92381,283.197,22,4
3.143055,2.432336,110.739,18,5.371596,4.283771,231.6248,20,4
2.549506,1.93676,80.47363,19,4.98552,3.928429,202.1475,20,4
1.985525,1.594616,62.39744,19,5.388638,4.398512,214.1882,18,4
2.450436,1.923903,79.56539,18,5.44612,4.41188,247.4622,19,4
2.383453,1.809952,80.45718,17,5.11143,4.129755,226.5514,20,4
2.543658,1.986178,76.90615,18,7.220068,5.206365,307.0924,20,4
2.581348,2.085597,77.50785,16,7.380759,5.465167,328.2159,22,4
2.647011,2.192206,73.81805,17,7.464986,5.603385,334.2523,25,4
2.404732,2.002758,70.16898,18,7.932373,6.105556,366.6667,25,4
2.666892,2.287388,70.65583,17,7.631519,5.729864,344.0904,26,4
2.890965,2.380503,91.72173,16,6.312599,5.142993,280.4575,26,4
2.96358,2.461988,98.85835,18,6.186222,4.987355,269.5203,24,4
3.323985,2.703451,113.9085,18,6.245811,5.015676,283.6273,24,4
3.621605,2.929474,121.4676,17,5.526461,4.488469,238.8476,23,4
3.778512,3.028413,140.6529,19,5.916124,4.809587,282.7446,22,4
3.586779,2.84067,132.9744,20,6.708465,5.322598,314.9992,22,4
3.500023,2.682873,134.3758,20,6.806032,5.443806,319.0807,23,4
3.236628,2.503424,121.487,21,6.432723,5.027538,299.845,23,4
2.74725,2.123354,114.2137,22,6.493361,4.999943,306.8339,24,4
2.530866,1.984929,111.9419,22,6.188535,4.820544,276.4253,25,4
2.51391,2.010436,110.9052,21,4.718487,4.012943,232.119,25,4
2.870684,2.394281,130.7865,20,4.677429,3.981188,247.6966,24,4
2.847848,2.348471,134.0969,22,6.436232,5.090697,310.5983,24,4
2.7895,2.272992,128.5881,23,6.455736,5.110654,303.0238,24,4
2.550788,2.100725,110.8458,22,6.512209,5.102015,312.2627,23,4
3.034745,2.472252,128.5672,21,6.531465,4.939254,300.2275,23,4
3.021464,2.428648,126.8616,22,6.549772,4.948043,285.7335,24,4
2.984157,2.435593,115.3259,19,5.953803,4.54878,249.1971,23,4
3.259578,2.717686,130.3751,18,6.154902,4.55347,262.6147,24,4
3.621972,3.070224,148.302,21,6.111713,4.566155,240.6721,21,4
3.423567,2.875012,139.5129,21,5.868324,4.402433,250.3399,22,4
3.400959,2.912099,126.4358,21,6.609705,4.972685,300.6737,21,4
3.438223,2.845114,134.884,21,6.920847,5.044623,293.0373,22,4
3.499735,2.931312,126.962,21,6.977882,5.273832,328.5204,22,4
3.269768,2.70731,119.1975,20,7.638464,5.810147,361.3502,25,4
3.002946,2.432697,106.0506,19,8.169138,6.477699,386.6994,24,4
2.976635,2.316341,112.1193,21,7.532897,5.812226,330.6824,24,4
3.084341,2.529676,116.7605,21,6.78059,5.490363,335.9716,24,4
2.715084,2.187818,104.5483,21,6.34234,5.078914,280.5641,24,4
2.623904,2.079108,102.3361,23,5.664465,4.694614,265.472,23,4
2.934531,2.38576,104.9359,25,5.393911,4.591365,240.9857,23,4
2.855868,2.365081,113.7459,25,5.450033,4.63791,241.5418,22,4
2.483573,1.952525,106.7007,24,5.729634,4.733143,242.8264,22,4
2.757491,2.223376,118.6663,24,5.617431,4.600921,235.7423,22,4
3.172389,2.540371,128.0067,23,5.565549,4.526853,243.6256,23,4
3.12246,2.515089,134.7147,22,5.908587,4.708015,291.4506,24,4
3.250552,2.590952,128.1933,21,6.133906,4.941716,302.2329,26,4
3.39558,2.809543,137.0717,22,5.39387,4.353628,267.1029,26,4
3.202568,2.556561,132.7526,23,5.562052,4.578719,281.798,24,4
2.81402,2.246366,121.1177,24,5.341146,4.340012,256.0856,23,4
2.58366,1.986563,117.9831,26,4.092865,3.302373,186.7142,23,4
2.669395,2.077317,126.1403,26,3.408536,2.831737,159.2163,23,4
2.823918,2.18963,133.2642,24,4.033252,3.276487,196.4796,22,4
2.837228,2.23114,136.8867,24,4.055979,3.278323,188.9369,25,4
2.793599,2.229762,135.9211,23,4.126256,3.250113,197.529,25,4
3.062212,2.49665,134.3392,23,4.167427,3.315947,201.9551,25,4
2.783018,2.254446,115.6308,23,4.284031,3.427655,219.4239,25,4
2.765297,2.229392,119.4211,23,3.785285,3.124667,174.0839,24,4
3.027898,2.480217,132.8722,23,3.623079,2.976218,168.9884,22,4
3.151551,2.614049,131.95,24,3.339497,2.793954,152.7775,23,4
2.923046,2.384078,130.6191,23,3.221129,2.673914,142.6601,24,4
2.956257,2.405326,128.588,22,3.094876,2.603001,129.8902,24,4
2.816424,2.231977,114.2765,23,2.833347,2.339423,119.6421,25,4
2.658253,2.01195,97.58292,23,3.251889,2.640877,153.4441,26,4
2.444589,1.807994,93.06727,22,3.186271,2.558914,147.9706,25,4
2.538733,1.833536,92.1731,22,3.406133,2.793149,157.9472,23,4
2.51551,1.819473,91.85124,23,3.316275,2.690028,162.2178,22,4
2.482275,1.846187,94.31535,22,3.291017,2.711467,163.7124,22,4
2.354784,1.792212,94.02629,21,2.815022,2.362634,133.5873,22,4
2.510516,1.956522,113.4182,22,2.831872,2.383836,141.9354,20,4
2.365324,1.945972,107.2221,22,2.693388,2.21673,128.7865,23,4
2.185153,1.753336,100.6016,23,3.154912,2.581929,156.0288,23,4
2.385726,1.908454,117.4735,24,3.071662,2.450974,145.7952,23,4
2.396861,1.928938,114.5492,25,3.073013,2.462357,152.129,23,4
2.366684,1.898968,113.7599,24,3.882184,3.02744,196.6184,24,4
2.731692,2.129862,131.3469,25,4.348934,3.49083,226.9193,24,4
2.975109,2.402824,135.0818,24,4.102925,3.203477,209.038,24,4
2.848259,2.321428,121.6318,25,4.047767,3.085769,207.5439,25,4
2.896926,2.40241,121.2818,25,3.879889,2.888847,189.9326,25,4
2.718492,2.194769,101.0758,22,3.565205,2.722516,170.5108,23,4
2.306946,1.874337,79.80577,22,3.098785,2.386193,147.35,22,4
2.081926,1.724229,82.52253,21,3.069497,2.358309,136.5206,20,4
1.96534,1.587758,77.90321,20,3.443841,2.732574,141.1439,20,4
1.803301,1.443836,69.8481,20,3.50052,2.797237,142.9628,21,4
1.827686,1.452881,76.55103,24,2.887296,2.245541,105.2548,19,4
1.87139,1.529179,84.59406,24,3.415228,2.567386,141.9202,21,4
1.821272,1.481349,78.25109,24,3.666296,2.722693,156.9003,22,4
2.297642,1.912816,88.4677,23,5.893068,4.429452,247.4311,22,4
2.276296,1.937111,91.21804,24,6.360446,4.996849,295.192,24,4
2.116459,1.75536,85.36149,25,8.742902,6.376363,397.3558,24,4
2.232375,1.853077,101.3594,23,8.653808,6.25811,380.6639,25,4
2.310948,1.882693,93.17555,24,8.027604,5.855387,332.068,25,4
2.001228,1.557086,85.01746,25,7.820552,5.381867,330.0741,27,4
1.848863,1.420657,82.36244,25,9.233745,6.248827,379.1412,27,4
1.995524,1.527714,91.02451,24,7.215113,5.14597,314.9499,27,4
2.195138,1.705527,93.43095,25,7.069827,4.976097,302.4369,28,4
2.146254,1.671503,99.09996,23,7.799914,5.436708,365.2456,28,4
2.461682,1.96649,116.34,22,8.038302,5.954646,389.0834,26,4
2.473678,1.969429,109.1962,23,5.988273,4.707338,290.7271,24,4
2.513688,2.026429,114.7009,24,5.492167,4.029959,239.7175,25,4
2.739642,2.194728,114.5949,24,6.569479,4.887983,283.6314,23,4
3.25179,2.529982,143.6021,25,5.626196,4.216301,230.9223,23,4
3.406869,2.712291,147.5733,25,6.365365,4.719371,283.9454,25,4
3.797586,3.13049,177.1281,25,7.610017,5.582177,358.7465,26,4
3.955397,3.29658,187.8809,25,7.981345,6.057947,391.7434,26,4
3.740926,2.990735,186.6225,25,7.450666,5.625154,375.5838,26,4
4.210763,3.285923,192.6209,26,7.227333,5.383326,339.437,24,4
4.872199,3.733297,197.213,24,6.8413,5.025622,275.0182,22,4
4.736303,3.626549,185.5497,24,5.594359,4.302224,242.4016,22,4
4.831713,3.727755,178.6765,23,5.534986,4.388183,231.2688,21,4
5.285094,4.275091,189.2685,20,6.111058,4.841368,240.9248,21,4
5.214291,4.245669,179.8398,20,6.33807,5.098824,270.4069,22,4
5.1641,4.279106,224.4887,21,7.881691,6.127652,354.2437,23,4
5.434964,4.588753,247.6682,19,8.227932,6.613266,371.4286,22,4
5.450551,4.618333,249.5983,18,8.034428,6.35708,366.3276,20,4
5.069049,4.205476,231.7616,18,7.431154,5.645599,333.0272,20,4
4.498575,3.711919,215.3925,19,7.04214,5.216159,290.9814,21,4
4.038795,3.354003,175.7964,20,6.436788,4.962618,277.9234,21,4
3.869618,3.226563,161.9205,20,7.082492,5.294901,294.8756,22,4
3.758206,3.09547,165.2647,22,8.054616,6.16279,339.7498,20,4
3.822085,3.142417,186.3649,24,8.323524,6.495435,356.8202,19,4
3.879963,3.148849,182.7077,23,8.314578,6.456539,354.2386,21,4
3.611656,2.994185,180.5768,22,7.742623,5.912329,328.1397,21,4
3.403029,2.823553,164.3393,20,7.405454,5.644608,330.3121,22,4
3.447275,2.859936,164.938,20,6.926227,5.319355,329.6078,25,4
3.708764,3.051825,179.3978,19,6.565848,4.938757,296.9167,24,4
3.889163,3.242773,189.1456,21,6.588941,4.992875,315.9351,23,4
3.992321,3.250902,177.5689,21,5.925686,4.486005,276.8297,22,4
3.831997,2.96401,174.3072,23,5.515473,4.356503,243.6597,20,4
3.968521,3.141358,190.6747,23,5.564598,4.366371,250.5666,20,4
3.796105,2.969652,175.812,24,5.441478,4.241647,267.5335,23,4
3.816509,2.991343,177.1214,25,6.514408,5.080726,312.1773,23,4
3.496868,2.701415,171.4364,25,6.618624,5.294321,329.5204,24,4
3.619295,2.90586,173.1921,25,6.175523,4.808873,322.9672,23,4
3.31244,2.623847,144.0861,24,5.65846,4.421588,282.5688,24,4
3.288701,2.627908,140.7019,22,6.565876,5.18703,336.0023,22,4
3.007993,2.42191,129.0573,22,5.717017,4.63135,292.7206,23,4
3.336896,2.664927,134.6267,20,5.500536,4.425105,260.0339,23,4
3.354406,2.683892,145.0393,20,6.314797,4.899784,277.6649,23,4
3.189448,2.518553,141.5337,20,6.46172,5.183673,298.4394,24,4
3.194771,2.433043,126.1005,20,5.600558,4.557031,246.1592,25,4
3.188419,2.461489,132.7138,19,5.808689,4.695138,262.1356,24,4
2.942593,2.339672,126.7986,22,5.848822,4.720419,253.9995,25,4
2.829254,2.240977,113.9517,21,4.863342,4.098304,220.3244,26,4
3.252863,2.598434,141.859,22,4.435844,3.675209,198.4524,23,4
3.372707,2.8447,153.5484,23,4.934564,4.009873,217.7642,23,4
3.535731,2.976945,140.7406,19,4.694068,3.808554,202.5542,22,4
3.399369,2.759794,134.2519,19,4.486236,3.606459,202.8601,22,4
3.352803,2.717314,131.0037,21,4.764568,3.912081,220.9826,20,4
3.160065,2.518348,105.938,20,5.022705,4.129043,240.477,21,4
2.881585,2.210393,91.78176,18,4.338523,3.520103,205.7991,21,4
3.126215,2.37659,102.2107,20,4.18567,3.355771,212.1834,21,4
3.536404,2.84104,132.3626,20,4.31206,3.401142,224.0606,23,4
3.610105,2.873611,136.8536,20,3.973211,3.098555,214.9088,25,4
3.603961,2.91492,143.272,23,3.740873,2.934057,200.6475,24,4
3.566721,2.89627,144.8869,22,4.141873,3.286977,230.4654,25,4
3.152683,2.558963,138.3772,23,4.350427,3.499618,236.4039,24,4
2.812243,2.228503,114.9218,21,4.319011,3.442209,216.5687,24,4
2.74877,2.207716,118.2075,19,4.526572,3.646867,238.3381,25,4
2.533207,2.025252,102.5597,19,4.233047,3.339817,218.7819,27,4
2.847349,2.326888,111.3491,18,4.203275,3.381407,214.5313,26,4
2.873333,2.362517,107.6255,18,4.063931,3.256412,204.0331,24,4
2.891455,2.426703,111.2454,21,4.114306,3.315674,217.552,23,4
2.913473,2.460036,119.9152,22,4.053682,3.268689,190.9282,21,4
3.094944,2.478419,115.9287,22,4.114175,3.401234,188.8857,19,4
2.7388,2.20392,114.2136,23,4.071272,3.302722,181.0051,19,4
2.746819,2.172852,117.0432,25,3.949235,3.293353,171.5564,19,4
2.92419,2.247291,129.2046,25,4.530875,3.685613,199.3731,19,4
2.916911,2.200155,121.3795,25,5.482574,4.243865,244.5734,21,4
2.64013,2.087149,122.3273,24,5.400719,4.079621,248.5081,21,4
2.485992,1.887722,116.7399,26,5.251287,3.864711,232.524,22,4
2.187521,1.64726,102.2996,24,5.140814,3.716016,225.0378,22,4
2.010348,1.530034,93.0318,24,4.329974,3.010151,171.7396,21,4
1.930282,1.508581,82.98848,21,2.705446,2.184655,130.9362,21,4
2.104944,1.663096,94.65764,22,3.015511,2.424361,138.0022,21,4
2.190024,1.713767,96.61906,22,2.923755,2.425861,138.8112,22,4
2.330527,1.829297,99.97977,24,2.596761,2.07129,132.2188,22,4
2.363572,1.96414,92.21216,22,2.601716,2.102846,131.3106,23,4
2.280246,1.856491,95.95551,26,2.584968,2.086095,125.9232,23,4
2.105769,1.595071,86.4399,23,4.304859,3.351059,176.5158,21,4
2.186732,1.712287,93.96452,22,5.361488,4.158133,245.14,20,4
1.879209,1.474074,80.74381,23,5.420067,4.201035,267.0534,22,4
1.56955,1.251548,65.35031,24,5.742489,4.566095,281.1787,22,4
1.359002,1.089064,56.70795,24,6.24496,5.094131,313.6116,23,4
1.396538,1.094044,60.69762,24,5.913453,4.769975,306.4108,25,4
1.454939,1.141613,64.23304,23,5.006904,4.090967,240.5925,26,4
1.654299,1.290818,71.24474,22,5.629724,4.664879,261.7263,26,4
1.885121,1.511614,80.73593,24,5.563827,4.524378,262.5559,25,4
2.161932,1.765497,101.6159,23,5.614259,4.508967,247.174,25,4
2.295404,1.889306,105.2698,22,5.837093,4.651774,263.1346,23,4
2.726262,2.153018,130.3524,24,5.859054,4.753467,261.9346,21,4
2.926742,2.363856,136.5979,23,6.419863,5.162485,259.0665,23,4
3.315175,2.668187,165.5317,22,6.06515,4.641624,241.2392,25,4
3.245533,2.552903,152.5548,23,6.562038,5.003215,263.2456,24,4
3.525573,2.826997,170.447,24,7.064638,5.443463,283.5503,25,4
3.189272,2.499109,144.9511,24,7.006075,5.272111,274.3729,24,4
3.057067,2.352096,139.4768,22,6.181296,4.598735,257.3239,22,4
2.554192,1.949803,113.3825,22,6.652258,5.377108,269.8827,20,4
2.612207,1.999951,117.2151,23,5.801512,4.6996,236.581,21,4
2.252717,1.745294,102.5377,24,4.738338,3.935833,200.8964,21,4
2.235982,1.749682,104.9151,24,4.574635,3.772463,187.0496,22,4
2.356389,1.764428,113.0242,25,4.536987,3.702058,186.8693,21,4
2.654091,1.960414,122.2232,26,5.600787,4.116005,240.6246,22,4
2.558295,1.908642,106.5818,26,5.845786,4.256734,228.322,22,4
2.545126,1.956979,115.8913,25,6.000448,4.368784,227.1577,23,4
3.129014,2.362536,144.6293,26,6.217795,4.571475,251.3516,23,4
2.914901,2.193495,127.5519,25,6.17977,4.545713,255.1166,25,4
2.798195,2.155228,116.9793,24,5.294787,4.111868,221.521,24,4
3.120575,2.448214,155.5521,23,5.57033,4.397347,255.9096,25,4
3.093145,2.397012,146.2241,21,5.486913,4.302912,252.2923,24,4
2.572624,2.075256,115.2939,20,5.150134,4.025856,241.534,22,4
2.747739,2.254702,127.9811,21,5.366057,4.248864,248.4994,21,4
2.580372,2.100882,119.61,20,4.819852,3.680566,211.7644,21,4
2.227892,1.842181,88.90591,20,3.745572,2.912531,159.6131,21,4
2.348206,1.964003,99.05833,21,3.972136,3.179087,158.4382,20,4
2.502106,2.10294,106.4729,22,5.805425,4.10729,205.5867,19,4
2.581116,2.184042,105.0114,19,6.352651,4.438179,232.4999,21,4
2.771127,2.346111,115.6923,21,6.952219,5.144109,269.7365,21,4
2.688841,2.251247,116.2757,22,7.322479,5.71348,308.1939,21,4
2.541173,2.092995,99.48596,21,7.397455,5.765992,329.8402,21,4
3.084276,2.425011,120.7789,22,6.75632,5.453351,332.9346,22,4
3.70729,2.821229,159.6506,25,6.129349,4.947342,292.9177,23,4
3.774889,2.858833,165.6186,24,6.623107,5.17696,342.6065,23,4
3.878353,2.971843,171.5472,24,6.420434,4.911648,318.1139,22,4
3.94626,3.050723,183.2595,25,6.432896,4.886704,324.5475,24,4
3.453801,2.613348,149.9187,24,5.863392,4.470255,287.4498,24,4
2.901259,2.252361,123.3476,23,5.968927,4.548903,288.726,23,4
3.022795,2.407881,140.2127,23,4.825402,3.88239,230.0975,23,4
3.035916,2.449907,153.818,23,5.318654,4.302028,268.9261,24,4
3.140759,2.567765,156.0023,23,5.213252,4.313731,260.9881,23,4
3.58592,2.925635,175.6996,23,5.711213,4.719181,287.1884,22,4
3.410912,2.750857,166.7963,25,5.615212,4.661766,286.4683,22,4
3.360455,2.753281,151.319,25,5.679416,4.766637,281.4277,20,4
3.408242,2.787699,140.819,24,5.364097,4.410956,239.9594,21,4
3.335483,2.716785,137.11,23,5.281925,4.287303,230.9055,20,4
2.8738,2.347337,120.361,23,4.913343,4.043318,208.5812,19,4
2.891006,2.413167,121.9175,22,4.816761,3.916162,194.3264,20,4
2.769127,2.267827,126.6522,23,5.053364,4.05734,224.7208,19,4
2.671833,2.233262,126.5972,23,4.673872,3.729821,215.962,21,4
2.607775,2.182908,122.5377,23,4.842276,3.898546,238.8973,23,4
2.678294,2.291316,135.1878,24,4.683073,3.769306,243.9837,24,4
2.992674,2.45924,144.2058,23,5.200641,4.256979,267.2836,25,4
3.507779,2.830089,170.0149,22,4.837564,3.918219,230.4594,25,4
3.44455,2.708398,168.3866,21,5.006499,4.10033,248.7672,24,4
3.381357,2.602692,162.8366,23,4.963621,4.01468,237.8465,25,4
3.52223,2.629865,161.678,23,5.528176,4.471046,254.3602,23,4
3.600659,2.661866,169.3937,23,5.514043,4.288785,268.1008,24,4
2.972065,2.172333,126.0218,22,5.827912,4.554765,287.0092,22,4
3.050058,2.294642,115.2626,20,5.654808,4.389348,272.0266,22,4
3.264974,2.546564,129.9002,19,5.802292,4.517621,262.3165,22,4
3.133235,2.508356,135.8223,19,6.149452,4.685939,271.9221,22,4
2.72531,2.213695,112.5671,19,5.69849,4.410333,230.8714,24,4
2.69205,2.19456,111.9804,19,5.367389,4.107583,205.45,23,4
3.064133,2.425666,145.4994,20,5.8647,4.577561,231.4941,24,4
2.999964,2.327705,138.8731,22,5.830201,4.521477,237.186,23,4
3.048239,2.372471,121.209,22,5.180286,4.085467,217.7542,22,4
3.177213,2.59153,122.2511,22,4.990535,3.86061,222.4077,21,4
3.168346,2.552497,130.8598,23,5.217754,4.110409,270.1871,23,4
2.652748,2.15564,96.92185,25,4.979745,3.929206,259.4962,23,4
2.972333,2.397956,115.8618,23,4.873688,3.925914,264.0562,23,4
2.976508,2.446743,128.5773,25,4.615051,3.728525,245.6182,23,4
2.908603,2.372616,128.1194,23,4.531239,3.599732,236.023,22,4
2.902206,2.335217,119.0365,21,4.270906,3.34391,182.026,20,4
3.041391,2.464701,131.3322,20,4.041117,3.136459,160.9743,19,4
2.56655,2.097461,104.2839,19,3.91415,2.948205,156.0688,20,4
2.336914,1.915755,84.0992,17,3.383239,2.458285,124.2943,20,4
2.221806,1.836853,92.19106,19,3.399533,2.531649,124.2826,20,4
2.515348,2.106947,111.9886,21,3.287427,2.420969,130.7343,23,4
2.391588,2.00411,105.0061,19,4.090862,2.955924,174.1597,23,4
2.405956,2.006856,109.7211,21,3.797607,2.797694,143.1973,22,4
2.280265,1.823027,106.7251,21,4.09287,3.08627,167.0247,23,4
2.050951,1.556,90.27766,23,4.082013,3.07428,156.3191,25,4
1.508462,1.140032,61.94973,21,3.884413,2.865901,150.2718,24,4
2.165372,1.378494,71.92051,21,3.109177,2.344969,111.9944,22,4
2.109047,1.321057,62.75806,20,3.130873,2.336915,114.5549,22,4
2.137805,1.387651,58.50793,22,2.955877,2.274683,107.1606,20,4
2.266496,1.567276,67.72282,21,3.336252,2.576409,141.8893,19,4
2.460437,1.794029,78.64748,22,3.449634,2.7483,143.4351,20,4
1.907948,1.546608,66.01093,22,3.126294,2.567605,143.0873,19,4
2.088657,1.700691,80.18549,23,2.874338,2.31688,138.5655,22,4
2.085302,1.676206,85.50309,23,2.898961,2.372377,139.2796,22,4
2.183304,1.744465,90.89911,22,2.966978,2.37015,140.2222,23,4
2.196352,1.731441,93.66967,23,3.036123,2.471721,143.1693,22,4
2.209664,1.740162,98.799,24,3.266176,2.694912,158.6348,24,4
2.379538,1.857436,103.6306,24,3.456962,2.882944,170.0022,24,4
2.624629,2.126506,116.9218,22,3.614068,2.983736,168.7605,23,4
2.494823,2.009148,108.6277,22,3.182249,2.624421,141.0184,22,4
2.380908,1.902228,101.588,23,3.224246,2.603987,149.6266,22,4
2.337549,1.876007,94.07998,22,3.118438,2.50108,134.8835,21,4
2.132961,1.737649,88.34131,23,3.202636,2.557026,136.2432,20,4
1.922723,1.557354,82.06831,22,2.974019,2.421515,140.0209,21,4
2.134983,1.702161,90.18306,23,2.968551,2.426618,131.7514,22,4
2.144156,1.733501,92.35187,22,2.753299,2.23773,115.1081,21,4
2.497507,1.934696,102.4449,23,2.712325,2.209148,120.5536,20,4
2.477745,1.931506,95.02199,20,2.486152,2.08738,110.633,22,4
2.499241,1.964407,97.50315,19,2.55825,2.123593,116.4637,23,4
2.531279,2.022886,102.0892,19,2.474065,2.049107,118.5105,22,4
2.540851,2.051764,107.6353,19,2.558207,2.084523,122.2316,24,4
2.144894,1.774365,101.9761,20,2.440431,1.966253,112.4001,24,4
2.081899,1.745795,98.2005,24,2.288859,1.809941,102.5011,21,4
2.315926,1.939103,98.59355,25,1.943323,1.510128,81.51548,21,4
2.153003,1.841429,84.18272,26,2.511088,1.875591,105.8985,22,4
2.101994,1.79425,85.63246,27,2.687767,2.034828,109.303,23,4
2.143898,1.872689,84.99825,28,2.820244,2.184829,126.4579,23,4
2.533105,2.131452,108.3789,27,2.841866,2.218948,133.5078,24,4
2.228632,1.819671,103.7031,25,2.938175,2.366778,140.406,25,4
2.308656,1.888558,103.7653,24,2.600466,2.137253,121.9033,26,4
1.744616,1.341709,74.49091,23,3.105406,2.470228,169.3515,24,4
1.956472,1.520066,80.94133,24,3.391335,2.766272,185.2466,24,4
1.844805,1.509551,68.6794,23,3.352192,2.713175,178.4387,23,4
2.013379,1.566998,72.75936,23,4.504418,3.335274,227.1815,23,4
2.331586,1.875119,95.56896,22,6.435825,4.650167,272.4261,22,4
2.414813,1.957767,104.1301,21,6.621758,4.840102,289.5921,24,4
2.314806,1.858608,103.1992,20,7.637726,5.622394,338.9477,23,4
2.277045,1.807357,109.1961,22,7.839187,5.944538,373.0129,24,4
2.300959,1.889043,111.1052,22,8.011341,6.276373,392.0641,24,4
2.355425,1.923324,106.2146,23,6.845033,5.321096,372.8153,26,4
2.344095,1.952177,113.6511,25,6.959345,5.575531,393.7217,25,4
2.577438,2.192588,119.1012,24,6.120331,5.098432,360.5585,25,4
2.692305,2.314318,132.5853,23,5.906658,4.81216,322.2,24,4
2.586316,2.192827,127.9722,21,5.561888,4.510791,309.3433,25,4
2.263558,1.87851,110.4944,20,5.958133,4.803779,306.8235,24,4
2.326609,1.940171,101.5441,20,6.04069,4.84559,301.543,25,4
2.142504,1.798648,100.5378,22,6.120375,4.743459,307.9814,26,4
2.076931,1.756518,82.77989,21,6.076159,4.782959,300.8285,25,4
2.048094,1.714337,83.0434,22,6.385722,5.083645,307.8951,24,4
2.107946,1.769484,92.39996,25,6.057148,4.829702,305.32,23,4
2.099264,1.690709,95.9693,25,5.862928,4.665027,288.713,22,4
2.56636,1.974096,121.2919,25,6.061462,4.895753,285.6819,21,4
3.124855,2.334847,161.8946,25,5.844247,4.468555,274.2004,23,4
3.214614,2.476692,164.3247,26,4.94328,3.741914,219.6677,23,4
3.280243,2.587232,155.0793,26,4.699643,3.508399,212.6525,23,4
3.294767,2.641032,160.2575,26,4.509431,3.32265,214.2522,25,4
2.871223,2.254812,131.6507,26,3.708051,2.931698,194.6558,25,4
2.124237,1.789631,90.70518,27,3.833874,3.131711,204.358,26,4
1.989981,1.669935,92.49039,27,3.844918,3.176796,216.2359,27,4
1.789254,1.476084,87.99693,25,3.930252,3.257231,231.6362,26,4
1.674125,1.383847,78.51467,24,4.410471,3.576932,237.393,25,4
1.970826,1.555635,79.38181,23,4.162195,3.355472,209.8866,23,4
2.268127,1.647954,94.24021,22,4.269315,3.418158,202.1695,21,4
2.351604,1.716009,105.2033,22,4.532753,3.636058,207.457,20,4
2.335199,1.709029,104.3657,24,4.600986,3.720714,212.0712,19,4
2.249473,1.639135,99.3061,23,4.179425,3.4199,197.7094,20,4
2.039481,1.500975,89.97174,22,4.152999,3.364195,205.2339,21,4
1.743414,1.436899,71.35363,22,4.440358,3.607861,234.4479,22,4
1.626243,1.343855,58.47214,20,4.008778,3.235154,211.5477,24,4
1.874512,1.585038,64.56941,19,3.875547,3.087664,197.7409,23,4
1.885404,1.611387,61.75921,21,3.796353,3.054283,194.2666,24,4
1.9835,1.716223,68.66547,20,3.720238,2.941757,189.7153,25,4
2.008079,1.705804,80.46337,21,3.173388,2.540363,157.2746,27,4
2.142477,1.887973,91.75119,23,2.913117,2.300606,132.6722,25,4
2.13115,1.842523,100.9015,24,2.286839,1.82493,103.9258,24,4
2.518288,2.154755,134.8256,24,2.778631,2.094294,112.9134,23,4
2.405674,2.034717,130.5168,27,3.041671,2.321632,121.5453,21,4
2.353131,1.963155,118.6368,25,3.355417,2.600006,129.5635,20,4
2.158964,1.708465,101.5933,24,3.82829,2.98939,160.6172,19,4
2.05703,1.594277,86.75998,22,4.147954,3.41136,188.474,21,4
1.694137,1.380112,60.57449,21,4.106288,3.388149,194.6172,22,4
1.901004,1.506685,68.25742,19,4.311471,3.518684,221.8999,23,4
2.324533,1.805549,84.58092,20,4.354102,3.489572,220.5437,25,4
2.357145,1.837032,94.21043,22,4.106014,3.274976,205.464,27,4
2.391441,1.89871,98.07289,22,4.248682,3.410627,211.8612,26,4
2.346545,1.786722,94.84651,24,3.785149,2.853,175.4664,24,4
2.332892,1.764084,93.34145,25,3.409913,2.523607,139.1307,21,4
1.969676,1.558524,81.33218,25,4.370376,3.138781,208.2438,21,4
2.059789,1.666796,82.14787,23,4.866548,3.584743,231.4561,21,4
2.088691,1.652695,77.24351,22,4.549081,3.239128,205.8812,20,4
2.017328,1.627606,74.33331,21,4.616678,3.354542,212.1825,21,4
1.745087,1.401962,67.68459,19,5.105369,3.849172,245.0261,23,4
1.796461,1.408623,70.8818,19,4.009775,3.010249,172.8074,23,4
1.806132,1.403537,72.73412,20,3.380545,2.560838,149.4863,22,4
1.776179,1.426173,74.77879,21,3.440914,2.641721,158.2011,24,4
1.948576,1.614827,77.6001,21,3.705698,2.920434,185.2938,24,4
2.220854,1.852085,82.08748,21,3.010983,2.499597,146.5479,25,4
2.280314,1.936515,93.27325,23,3.020508,2.490875,138.6843,24,4
2.242038,1.894849,88.67882,21,2.805443,2.257397,130.379,25,4
2.235777,1.86701,98.33659,22,3.072598,2.403109,139.0787,23,4
2.217906,1.812544,105.2624,22,2.963953,2.315712,115.8334,23,4
2.177416,1.815453,119.3451,22,2.928599,2.303553,127.5979,23,4
2.279309,1.877637,120.4551,22,2.943991,2.297618,130.5679,23,4
2.337009,1.962885,118.5963,21,3.54624,2.856825,173.4031,22,4
2.303271,1.923459,107.2092,20,3.305679,2.668985,159.0299,25,4
2.362813,1.976118,108.4492,21,3.207218,2.606054,171.8686,24,4
2.570572,2.067985,102.7657,20,3.311085,2.658022,161.421,23,4
2.395447,1.91213,90.81274,19,3.365923,2.72486,162.6259,23,4
2.441099,1.935595,101.6164,21,2.846408,2.327418,120.0161,23,4
2.452106,1.924401,103.8535,20,3.038869,2.46328,128.5351,22,4
2.733289,2.143466,113.718,21,3.442929,2.694614,134.0179,21,4
2.445691,1.970456,100.9115,20,3.4334,2.710515,144.8274,23,4
2.404556,1.927399,96.89421,22,3.235336,2.479125,133.1186,23,4
2.445946,1.954938,94.60532,21,3.213829,2.446695,134.1711,23,4
2.385419,1.912492,92.31384,23,3.012639,2.313615,118.6626,22,4
2.227596,1.826407,89.7165,24,2.5916,2.153096,101.1254,25,4
2.331472,1.908447,107.3838,25,2.778196,2.268358,115.3707,25,4
2.387105,1.950361,113.5242,26,2.996203,2.537942,116.8688,24,4
2.186819,1.761344,109.2624,25,3.305535,2.769372,129.1837,24,4
2.309315,1.92445,114.0685,24,3.473531,2.933792,140.2556,21,4
2.220381,1.85294,95.27317,26,3.578599,2.959842,148.7165,21,4
2.060727,1.695242,81.45862,26,3.450667,2.868645,139.0226,20,4
2.43098,1.937231,92.96076,25,3.36119,2.75146,134.7253,21,4
2.433124,1.953541,91.82419,26,3.035805,2.51655,122.51,21,4
2.4317,1.911044,93.20764,26,2.650668,2.107136,105.7504,22,4
2.317589,1.826356,107.62,25,2.54246,2.070742,103.7776,23,4
2.418749,1.950224,110.4135,23,2.173536,1.728958,84.20193,24,4
1.980327,1.655114,94.18053,24,2.060667,1.632761,85.27593,23,4
1.965303,1.618398,89.78112,23,2.343743,1.801931,86.87251,23,4
1.862534,1.487274,82.53506,22,2.493523,1.986816,101.5166,22,4
1.760413,1.359657,72.03943,22,2.323859,1.837002,92.75878,21,4
1.722641,1.3121,74.0686,22,2.594991,2.152649,105.7326,19,4
1.741379,1.34267,64.65577,22,2.687227,2.272157,105.1399,21,4
1.782124,1.421495,66.33561,24,2.330961,1.953824,96.07565,21,4
2.035865,1.656394,76.77521,25,2.34458,1.976121,99.68429,24,4
2.059338,1.680214,69.27737,25,2.253091,1.900574,97.85229,24,4
1.894194,1.502299,62.08098,23,2.297123,1.875373,95.57649,22,4
1.930931,1.501179,71.36529,22,2.399635,1.919977,102.266,21,4
2.183676,1.69041,88.66347,21,2.4726,1.991839,105.2863,20,4
1.999063,1.545656,76.85224,19,2.36215,1.851084,85.37544,19,4
1.982642,1.569515,75.37595,17,2.268338,1.754097,73.1395,19,4
2.152203,1.745852,87.68745,18,2.398938,1.831972,87.34123,21,4
2.20457,1.78508,89.39189,21,2.812413,2.115225,100.481,22,4
2.071323,1.673554,86.59623,21,2.8492,2.220173,95.86411,23,4
1.97702,1.59829,88.06907,23,2.898189,2.238668,96.00032,24,4
2.139403,1.686935,88.83806,22,2.940372,2.305766,104.2109,22,4
2.261594,1.790363,92.12821,21,2.602729,1.973848,86.52574,23,4
2.070426,1.635861,79.16652,21,1.995676,1.533929,72.12615,24,4
1.96869,1.501416,70.50968,21,1.988597,1.520364,76.32518,24,4
2.183021,1.640105,79.44183,20,2.20528,1.695185,91.01451,24,4
2.06397,1.595441,82.3142,20,2.396036,1.862508,109.0401,25,4
1.797038,1.364194,70.60086,20,2.450091,1.989238,107.7527,25,4
1.801275,1.350761,71.85965,20,2.294076,1.854841,94.58714,25,4
1.802426,1.407408,75.70073,21,2.415307,1.913615,109.5039,22,4
1.515146,1.230606,64.64396,21,2.240979,1.803657,103.8332,25,4
1.725952,1.355892,60.87423,24,2.207016,1.806185,91.9208,26,4
1.826205,1.391445,61.69887,24,2.398895,1.927736,103.9741,25,4
2.03452,1.594796,77.93477,24,2.498607,2.053675,118.9519,25,4
2.296467,1.735245,77.59293,24,2.507418,2.054724,106.5272,23,4
2.301112,1.75586,82.42548,23,2.558451,2.120392,105.0878,23,4
2.170733,1.622876,87.06273,20,2.407851,1.945844,99.76443,22,4
2.154846,1.724253,82.6948,21,2.063843,1.632125,77.47465,22,4
2.106835,1.661468,74.56478,22,2.068043,1.616867,73.2481,23,4
1.804964,1.50071,71.251,21,1.992503,1.598589,79.90668,25,4
1.864404,1.588067,65.83556,21,2.054667,1.620824,78.40972,25,4
1.761371,1.527292,65.21581,23,2.136104,1.679071,83.93335,25,4
1.819949,1.52868,69.07175,22,2.446208,1.973344,104.8922,25,4
1.834439,1.516272,67.30571,20,2.42898,1.98022,102.568,25,4
1.966115,1.666966,66.13879,21,2.305321,1.827959,93.88068,24,4
1.990288,1.632688,78.66095,22,2.202173,1.725986,97.37428,24,4
1.955802,1.563535,78.72753,23,2.041087,1.571106,86.14719,24,4
1.991019,1.609192,86.77649,24,1.784959,1.381951,77.08691,25,4
1.928265,1.567075,89.10913,25,1.910505,1.480333,84.09153,25,4
1.752586,1.36126,85.68382,25,2.010157,1.568283,88.0023,25,4
1.742461,1.351487,81.29115,23,1.898133,1.477539,77.0881,25,4
1.85438,1.433777,79.11504,21,2.003013,1.602425,78.74915,24,4
1.530655,1.12705,58.25447,24,4.083578,3.130553,189.49,23,4
1.569923,1.217267,55.34793,23,3.83672,2.978091,162.2398,22,4
1.638502,1.295186,48.77617,20,4.799761,3.751992,211.4488,22,4
1.466501,1.19767,46.61318,20,5.314578,4.161251,239.3919,24,4
1.610584,1.243824,55.25494,19,5.532766,4.301756,263.1457,25,4
1.957334,1.52534,64.48758,19,5.756888,4.429996,283.3548,26,4
1.885412,1.4242,68.21513,20,6.368153,5.048406,325.2242,25,4
1.993463,1.509477,77.03848,21,6.165584,4.87607,326.0909,26,4
2.076415,1.615827,85.52399,22,6.021201,4.830837,341.8891,26,4
2.022646,1.591449,85.72571,21,6.556821,5.215362,348.9233,25,4
1.87403,1.536361,90.3413,23,6.598746,5.284597,336.567,24,4
2.280432,1.84588,107.6109,22,6.208324,4.958512,323.01,24,4
2.43039,1.935805,113.7082,22,5.95517,4.830823,280.7445,23,4
2.469258,1.970162,118.7339,24,6.380822,5.036374,262.7651,22,4
2.464979,1.982804,114.7333,24,5.612234,4.529168,240.9581,19,4
2.376572,1.860453,106.9472,25,5.077469,4.077927,205.9792,16,4
2.018636,1.621918,88.53008,24,4.651148,3.447682,175.3939,19,4
1.919848,1.586885,79.39075,24,4.373883,3.073243,177.3146,20,4
1.861292,1.544514,78.39591,24,2.910853,2.403713,131.2832,19,4
2.034273,1.662663,90.71307,23,3.247818,2.57286,138.9683,21,4
2.065334,1.675013,94.97504,23,4.073556,3.144353,198.853,23,4
2.163244,1.744278,99.22128,23,4.156647,3.295243,202.0501,22,4
1.952003,1.550828,89.9431,23,4.192966,3.354723,194.4034,22,4
1.911892,1.508385,78.5075,22,4.166947,3.363587,182.57,25,4
1.713464,1.337052,62.42299,20,3.7548,3.026926,171.25,24,4
1.753051,1.38238,58.81741,19,2.751381,2.327765,108.0778,24,4
1.790491,1.410615,62.06343,18,3.780648,2.868796,134.1134,23,4
1.954914,1.541107,70.62,19,4.859273,3.685806,200.6098,22,4
2.067127,1.615489,76.40218,19,4.745405,3.450389,202.1368,20,4
1.963029,1.530355,77.18911,20,5.278198,3.921956,210.9596,22,4
2.221215,1.652704,79.51785,19,5.263133,3.927029,211.1423,22,4
2.291526,1.678394,82.38663,20,5.029264,3.856743,221.8192,24,4
2.15776,1.57945,80.61802,21,4.962222,3.767946,213.2031,24,4
2.154935,1.56405,81.38325,21,5.00705,3.880273,225.8737,24,4
2.247694,1.65131,84.6666,20,4.817045,3.758206,238.0594,24,4
2.021791,1.57971,75.88741,23,5.868742,4.55073,284.6519,23,4
1.885151,1.531432,78.68313,24,5.751279,4.486627,274.792,23,4
1.865935,1.473882,76.47297,24,5.524406,4.404,259.8499,23,4
1.873584,1.545366,78.75325,24,6.105392,4.98796,280.7919,23,4
1.990573,1.649203,89.7893,26,5.812535,4.620014,254.2026,23,4
2.242792,1.820012,117.092,24,5.62258,4.660954,258.2106,23,4
2.374622,1.954759,127.9515,26,5.817193,4.845644,251.2117,21,4
2.772817,2.372056,150.459,26,5.497966,4.402964,229.6936,21,4
2.771639,2.297513,152.0142,26,5.639195,4.503952,246.4487,23,4
2.974275,2.443277,154.8027,25,5.71667,4.592178,256.1145,21,4
2.756176,2.181445,130.2525,24,5.177138,4.123007,221.5473,21,4
2.774963,2.18416,113.2786,25,4.824264,3.736874,215.7624,23,4
2.406223,1.848638,96.62324,26,4.790311,3.782369,221.4064,23,4
2.434258,1.922443,98.72251,25,3.781394,2.970526,170.3458,23,4
2.294931,1.865526,101.8778,25,3.96488,3.103099,170.8307,25,4
2.310562,1.891155,105.336,26,4.249332,3.212314,172.5326,25,4
2.188102,1.787634,108.1189,24,4.249444,3.247315,169.8285,24,4
2.313798,1.832533,109.1458,22,4.796239,3.502919,187.8444,25,4
2.572822,2.052442,122.9754,20,4.911857,3.717482,206.6787,24,4
2.515513,1.987241,116.3523,21,4.685962,3.45017,201.4492,24,4
2.560231,2.07274,120.8436,21,4.434103,3.375653,225.3401,24,4
2.476775,1.981127,103.2897,21,4.818286,3.681084,245.7206,25,4
2.439111,1.96458,101.5978,21,4.135188,3.309423,212.5458,24,4
1.992347,1.558009,75.18358,21,4.138816,3.306058,206.8123,24,4
1.825021,1.465009,74.03786,21,4.074971,3.279747,198.492,24,4
1.858278,1.479774,85.11939,23,3.785768,3.029246,156.5446,21,4
2.025462,1.590475,102.9164,23,2.964828,2.407361,122.5331,21,4
1.861286,1.456764,97.58044,23,3.962527,2.982188,130.2293,19,4
2.10153,1.644012,103.3265,23,5.007587,3.557572,174.5398,19,4
2.036307,1.590149,92.35894,22,5.202113,3.831648,187.3304,19,4
1.867202,1.443123,67.21474,20,5.217091,3.866844,195.1338,19,4
1.880783,1.490571,57.85961,20,5.356015,4.135506,197.5917,16,4
2.044473,1.625731,71.05507,20,5.086655,3.970533,219.0255,20,4
1.933949,1.605007,72.69452,23,4.321087,3.593456,198.5717,20,4
1.95247,1.562966,72.58964,24,4.471808,3.637664,221.5762,22,4
2.237636,1.718459,88.99023,24,4.370028,3.460061,210.3571,23,4
2.153729,1.60267,94.91341,26,4.237769,3.27928,211.9445,25,4
2.066872,1.572631,84.83266,26,3.566298,2.694569,170.7348,24,4
2.054174,1.538757,85.243,24,3.113741,2.405294,154.265,22,4
2.051053,1.580964,88.09409,23,3.559018,2.627945,161.0501,23,4
1.744979,1.410762,77.83286,21,4.118865,3.107107,196.5442,22,4
1.668312,1.353076,73.05198,22,4.213172,3.284806,195.3418,22,4
1.769817,1.440597,80.03742,22,4.375575,3.451554,201.1183,22,4
1.795268,1.450195,74.71666,21,4.419177,3.507682,203.5787,22,4
1.703551,1.366569,74.0656,22,3.641903,2.968102,163.7055,22,4
1.988312,1.597407,73.44563,22,2.961292,2.505132,129.0378,22,4
2.216555,1.815884,76.2878,18,2.987795,2.48529,149.2448,22,4
2.057784,1.632667,65.63418,19,2.668575,2.246364,146.3239,23,4
2.119764,1.699394,66.62326,23,2.82957,2.316633,143.2197,24,4
2.216568,1.822781,76.17916,22,2.90084,2.451401,136.4875,22,4
2.035708,1.690975,78.47969,21,3.008427,2.501844,151.5571,24,4
1.904499,1.578245,82.18047,23,2.892528,2.398043,127.0676,23,4
2.083546,1.762873,91.96154,23,2.949301,2.482961,121.6846,22,4
1.940424,1.650197,85.7449,24,3.068439,2.589839,120.3332,22,4
1.932642,1.64549,72.81248,24,2.881817,2.305503,120.4192,23,4
2.140024,1.786726,98.62209,25,3.069939,2.504053,130.2059,23,4
2.040838,1.689532,95.23512,25,3.082904,2.487423,135.9809,25,4
1.959026,1.623386,89.8648,23,3.265183,2.662843,140.8427,25,4
2.103959,1.723385,104.7511,23,2.867833,2.350345,132.97,24,4
2.055588,1.660007,109.3212,24,3.339086,2.80125,169.4109,24,4
1.973907,1.623221,89.03504,22,3.081546,2.471982,144.562,24,4
2.068713,1.762985,90.01833,22,3.009141,2.419045,131.6747,23,4
2.083333,1.751233,94.48475,22,3.08788,2.459414,134.5061,22,4
1.992617,1.657597,82.45168,20,2.96749,2.273091,119.9163,22,4
2.164644,1.804969,86.84378,21,2.534444,1.972487,98.9226,21,4
2.016906,1.634883,86.2812,23,2.837833,2.318548,117.0809,19,4
2.037789,1.668432,74.43391,22,2.969034,2.395552,134.4691,19,4
2.097049,1.738397,75.48873,23,2.688381,2.178796,129.5085,20,4
2.094639,1.790543,76.70244,23,2.826177,2.337404,138.7279,21,4
2.071303,1.778996,77.29742,24,2.705002,2.21232,121.5967,21,4
2.120755,1.85499,70.44854,23,2.357139,1.925952,96.5334,21,4
2.020343,1.709496,78.08198,22,2.172704,1.80987,85.5611,18,4
2.10545,1.796167,80.58858,23,2.436796,1.894271,77.33472,19,4
2.139106,1.794353,79.73664,22,2.309728,1.764448,74.30271,19,4
1.994949,1.661632,67.43258,22,2.45547,1.84632,72.55718,17,4
1.874621,1.50811,71.67413,23,2.555974,1.938339,85.87231,19,4
2.026772,1.649723,73.74253,23,2.524128,1.895518,87.35483,21,4
2.289877,1.764114,72.92245,22,2.319076,1.8373,93.90488,22,4
2.19507,1.663012,79.26848,23,2.704797,2.114098,108.0722,22,4
2.156274,1.620086,77.85943,25,2.630965,2.039933,109.5208,23,4
2.151792,1.631133,76.19312,24,2.51063,1.924398,110.6175,22,4
1.952876,1.416555,70.48373,25,2.518279,1.97021,114.4009,24,4
2.120938,1.442364,84.50108,25,2.383749,1.852353,101.2064,23,4
2.128058,1.481401,82.90347,23,2.215168,1.802962,87.93813,23,4
2.202054,1.565835,92.64217,22,2.534977,2.002854,104.4862,24,4
2.513252,1.874032,107.8361,21,2.731264,2.132242,112.8008,24,4
2.550559,1.960076,110.0166,21,2.801064,2.18501,115.902,24,4
1.986679,1.641978,84.5202,20,2.714397,2.082131,118.4228,24,4
2.084104,1.69464,78.63632,22,2.687214,2.08135,116.5671,22,4
2.091063,1.707069,75.62344,23,2.332909,1.866274,99.73026,20,4
1.835297,1.52763,60.26052,24,2.352745,1.900082,80.26166,17,4
1.843851,1.504853,57.24737,25,2.226119,1.801529,71.43407,16,4
1.868492,1.547822,64.22016,28,2.318383,1.900599,77.82301,16,4
1.994261,1.666202,79.76545,27,2.363518,1.886693,82.77886,18,4
1.880051,1.498157,73.35792,28,2.502366,1.993717,93.46997,20,4
1.773328,1.408507,70.29999,28,2.241531,1.809732,95.3791,22,4
1.669726,1.297731,72.86903,27,2.317136,1.835022,101.663,22,4
1.738762,1.320497,79.91043,27,2.456176,1.839146,96.1133,23,4
1.495775,1.117424,65.85045,28,2.132599,1.559224,87.16179,24,4
1.666294,1.307239,70.01533,26,1.901881,1.397116,65.78331,23,4
1.755495,1.383018,71.58605,24,2.177654,1.54182,75.88321,23,4
1.84535,1.490381,72.73705,21,2.155267,1.582915,68.55299,22,4
1.900993,1.525187,63.44983,22,2.150417,1.664294,82.29401,21,4
2.031189,1.654384,66.46198,21,2.308247,1.838035,89.96741,20,4
2.030314,1.66147,74.49657,20,2.551678,2.054358,105.0326,19,4
2.072787,1.697381,81.58752,23,2.536584,2.017018,102.6842,19,4
2.157181,1.757176,92.28359,22,2.607479,2.053376,106.8602,20,4
2.032633,1.629822,90.8632,23,2.478446,1.98898,98.31534,21,4
2.09487,1.616536,100.682,24,2.369767,1.874796,92.48855,23,4
1.622692,1.266412,67.2818,23,2.858004,2.153675,118.3716,20,4
1.589279,1.257205,71.68269,24,3.066957,2.36842,137.4386,21,4
1.713681,1.323947,70.09961,23,4.153675,3.181839,175.5992,20,4
1.930186,1.514656,78.12263,21,4.169477,3.199411,161.4918,20,4
1.933877,1.504239,80.6728,21,4.16827,3.216679,169.683,21,4
2.005206,1.560105,73.13425,21,4.343601,3.461609,192.722,23,4
2.131132,1.717598,78.64988,20,5.720162,4.410527,246.0115,25,4
2.087045,1.725728,87.15967,21,5.381122,4.070195,246.9011,23,4
1.982377,1.659098,73.09057,21,5.695446,4.375174,279.4063,24,4
1.855872,1.572726,70.39957,22,5.872174,4.626266,294.285,25,4
1.962609,1.636444,81.92992,23,6.258973,4.991291,306.2775,24,4
1.933819,1.5791,78.11004,24,5.258282,4.330246,268.3367,23,4
1.94195,1.575766,77.18206,23,5.676091,4.616202,294.1524,23,4
2.403635,1.864595,99.99599,24,5.59066,4.573559,279.2737,22,4
2.541584,2.038725,106.1143,23,5.52107,4.485458,257.8246,21,4
2.558413,2.068523,117.3312,23,5.714414,4.66537,268.882,20,4
2.710868,2.247184,129.8436,23,5.820899,4.704888,269.7608,19,4
2.759001,2.286326,130.879,24,5.311599,4.381122,233.6754,19,4
2.333493,1.942153,111.3677,25,5.078703,4.160435,217.4543,18,4
2.228572,1.845567,101.9331,23,5.336835,4.355346,221.0114,18,4
2.02502,1.643252,84.68503,23,4.546636,3.685796,197.1783,18,4
1.647573,1.260749,61.60719,26,4.356671,3.561635,181.6667,20,4
1.426372,1.109597,54.07173,25,4.131666,3.316734,176.9213,20,4
1.611872,1.190402,53.68871,24,4.070114,3.256778,174.1828,21,4
1.845092,1.32157,66.99416,25,3.914793,3.202416,186.9965,22,4
1.892326,1.39634,63.71617,25,4.12073,3.469143,204.1869,24,4
2.05351,1.632092,72.35159,25,3.839007,3.218997,198.6589,23,4
2.190795,1.774049,82.0658,25,3.827465,3.234303,192.6914,24,4
2.132955,1.779626,90.98213,25,3.757607,3.127782,199.9315,24,4
2.026634,1.69604,91.88523,25,3.800133,3.085906,189.9281,24,4
2.131915,1.75558,102.2955,24,3.803624,3.057588,180.604,23,4
2.029823,1.62271,99.82488,22,4.133409,3.315361,193.6155,24,4
1.960263,1.578416,91.66834,22,3.999491,3.114309,189.7915,23,4
1.895597,1.519117,83.84185,21,3.885656,2.980295,182.2857,25,4
1.784861,1.418462,70.70192,21,3.714868,2.816628,172.9753,23,4
1.549551,1.243877,59.94896,22,3.963853,2.984072,187.5531,24,4
1.829239,1.443375,74.33987,22,3.636714,2.729392,174.5827,23,4
1.839346,1.409205,77.58896,23,3.697315,2.803041,179.1894,23,4
1.768945,1.349815,77.08044,23,4.096477,3.215406,211.6269,23,4
1.770499,1.372263,73.71545,24,4.004736,3.2786,208.9253,25,4
2.497659,1.834754,107.5097,23,3.770804,3.092421,203.4515,27,4
2.559478,1.963465,98.04427,24,3.794779,3.146599,205.0708,28,4
2.49565,1.905308,95.93694,24,4.163142,3.464829,213.1962,24,4
2.709333,2.170861,101.8094,25,3.968628,3.288151,199.5011,23,4
2.692752,2.136564,106.958,25,3.949905,3.200787,198.5218,21,4
2.121896,1.764131,80.23836,27,3.588629,2.90804,160.269,22,4
1.838668,1.499428,84.06096,23,4.663844,3.677448,194.4238,20,4
1.88595,1.538285,81.05531,22,4.510854,3.552332,194.7884,21,4
1.873059,1.488641,83.97343,21,4.767731,3.773086,205.058,22,4
2.019917,1.645308,87.40019,19,5.089539,4.051854,224.5758,22,4
1.935571,1.557317,77.50005,18,5.444316,4.384405,246.4164,22,4
1.88837,1.491212,71.04225,19,4.604786,3.639354,213.3157,25,4
2.052161,1.645906,81.67015,22,4.846526,3.762583,228.8646,26,4
2.066246,1.620524,86.87661,22,4.639629,3.62763,210.1228,27,4
1.878111,1.409237,78.98961,24,4.572686,3.538149,208.952,28,4
2.035144,1.564641,88.67491,25,4.289229,3.339463,202.416,26,4
2.112059,1.680456,91.48079,25,4.379165,3.438993,216.9716,25,4
2.512216,1.878828,105.0944,25,4.312317,3.462245,219.4044,26,4
2.387311,1.778631,91.79702,22,4.406071,3.554404,243.2467,25,4
2.401932,1.814071,88.91116,20,3.904912,3.154715,215.4987,24,4
2.294602,1.697337,85.39269,20,3.801562,3.06689,215.3598,25,4
2.267216,1.670318,84.9297,19,3.597723,2.911254,182.8934,24,4
1.880209,1.521161,56.60172,19,3.143708,2.581546,149.189,24,4
1.749061,1.428525,59.47381,21,2.958216,2.459149,119.6827,24,4
1.707699,1.390086,61.86581,23,3.142603,2.648139,130.6365,23,4
1.821179,1.517198,62.20583,25,3.387616,2.899187,134.2103,23,4
1.720375,1.34974,58.50862,26,3.649452,3.134039,153.3051,22,4
1.313799,1.055172,57.1185,26,4.068899,3.45464,176.4529,21,4
1.471112,1.206772,59.44692,26,3.858744,3.192734,175.6263,21,4
1.772697,1.364904,65.11817,25,3.803797,3.118056,171.1609,21,4
1.71004,1.297508,58.63414,23,4.05397,3.244338,199.1045,21,4
1.835334,1.470684,62.79839,24,3.891143,3.11167,194.5166,21,4
2.124962,1.759307,66.65829,23,3.510851,2.891156,173.258,22,4
2.113683,1.714612,75.13519,22,3.799485,3.097547,182.6899,22,4
2.022949,1.749304,72.26986,21,3.87934,3.204221,185.813,22,4
2.135135,1.84401,82.02872,21,3.345426,2.794189,152.6455,21,4
2.048157,1.726166,77.44833,22,3.264731,2.710439,147.3917,22,4
1.942686,1.623462,77.90518,23,3.568884,2.90575,178.0563,22,4
1.805153,1.47438,66.13508,21,3.223735,2.663591,154.5181,22,4
1.705263,1.347621,66.15623,20,3.388753,2.782841,164.1033,22,4
1.629431,1.301598,61.98933,21,3.381479,2.787866,158.8687,24,4
1.921753,1.552735,69.06033,21,3.543958,2.908457,163.696,24,4
1.874672,1.522221,64.56274,20,3.591243,2.999395,166.9531,24,4
1.909085,1.577051,63.46097,18,4.045841,3.416277,205.0588,24,4
1.876146,1.57526,56.43574,19,3.89307,3.280673,183.3658,23,4
1.91776,1.585052,55.19641,20,3.963963,3.364818,189.9155,21,4
1.699013,1.42464,48.33537,18,3.852211,3.257693,184.6402,21,4
1.894604,1.527789,68.98304,18,3.432114,2.838186,153.0497,22,4
1.984647,1.585991,74.09621,20,2.998488,2.498233,116.3771,24,4
2.059408,1.636729,85.41406,21,3.252471,2.66882,138.8152,25,4
1.833112,1.358591,75.76001,21,3.158672,2.534514,137.4318,25,4
1.94296,1.458664,79.66779,24,3.149895,2.529975,127.8609,23,4
1.684094,1.305579,62.0455,23,3.31484,2.678846,126.2608,20,4
1.74611,1.383532,67.49103,24,3.475818,2.84543,127.4802,16,4
2.303574,1.710737,75.29179,23,2.999959,2.384609,100.1925,18,4
2.405861,1.911191,81.05086,21,3.207057,2.587384,115.6467,19,4
2.276408,1.725505,78.32895,21,3.498605,2.809032,157.6915,21,4
2.265246,1.691817,81.68353,20,3.429975,2.812655,161.8501,22,4
2.245948,1.678734,72.36843,20,3.365362,2.776131,169.6346,25,4
1.65401,1.352617,65.73312,22,3.426268,2.840442,168.4267,25,4
1.724446,1.39663,70.57935,23,3.256655,2.715261,141.7535,24,4
1.783252,1.471391,79.26636,23,2.877216,2.432899,113.4268,23,4
1.809036,1.511369,83.9517,22,2.716879,2.286161,99.56915,22,4
1.636667,1.332929,80.29172,22,2.50654,2.120526,91.81076,23,4
1.652888,1.349338,78.33688,23,2.471735,2.116721,93.32188,21,4
1.676151,1.398827,76.01853,23,2.44911,2.086832,104.7818,21,4
1.634189,1.352443,65.83379,23,2.433702,2.077037,104.3625,22,4
1.913098,1.548595,68.38847,22,2.496045,2.09821,114.8716,23,4
2.101007,1.729912,69.43076,19,2.39141,1.960262,109.3919,22,4
2.099735,1.710563,67.35307,18,2.725423,2.210031,124.3793,22,4
2.087799,1.714315,64.75353,18,2.764009,2.220604,120.7184,22,4
2.180193,1.833142,71.36871,17,2.894953,2.356392,130.7012,22,4
1.918796,1.575512,59.64674,18,2.98106,2.406559,134.7692,21,4
1.740785,1.409675,60.58789,20,3.474119,2.879157,168.7279,21,4
1.697245,1.362909,62.95078,22,3.310491,2.703765,155.6683,21,4
1.467164,1.09531,56.11615,22,3.35498,2.738519,165.9526,22,4
1.317094,0.9791945,54.496,21,3.485531,2.808666,167.9546,23,4
1.268634,0.9913677,60.94816,22,3.326111,2.660912,158.8561,23,4
1.449107,1.142023,75.7076,22,3.015186,2.429371,135.2778,23,4
1.374262,1.108843,77.36642,23,3.013264,2.465859,137.4246,22,4
1.805813,1.470152,86.57996,24,3.107951,2.587543,136.2373,19,4
1.812621,1.468788,84.72725,24,2.684909,2.256446,104.9676,21,4
1.73984,1.356564,80.68304,27,2.758233,2.297916,114.1683,21,4
1.632631,1.267041,66.29449,26,2.736204,2.272579,112.4745,21,4
1.62084,1.255022,58.40544,26,2.938136,2.362605,114.3178,21,4
1.312184,1.063354,59.04825,25,2.674223,2.112039,106.1937,22,4
1.467241,1.18698,60.82174,22,2.648634,2.038073,106.6867,23,4
1.598793,1.332793,60.34016,22,2.428148,1.814272,90.70224,22,4
1.53911,1.295501,57.23636,20,2.426823,1.759588,97.22709,23,4
1.638135,1.380352,62.48858,18,2.45589,1.728007,96.28368,23,4
1.770084,1.459033,71.1858,20,2.691224,1.9138,96.54408,21,4
1.820179,1.496547,76.94062,21,2.755006,2.02331,99.95097,18,4
1.862722,1.533646,88.411,21,2.886962,2.221172,103.8805,20,4
2.089589,1.684168,104.9521,22,2.72181,2.134221,89.69594,21,4
2.080356,1.660563,101.5108,25,2.4904,2.111237,97.72924,21,4
1.930226,1.527432,86.69448,25,2.097318,1.804045,91.59566,21,4
1.812585,1.42693,71.59303,24,2.020174,1.731929,88.10621,22,4
1.734727,1.369509,59.52989,22,2.288625,1.846783,102.7961,23,4
1.575159,1.314464,49.99889,21,2.332655,1.827677,107.0615,23,4
1.688914,1.38895,46.53276,19,2.362003,1.807972,103.7356,25,4
1.632522,1.319593,44.77445,20,2.341539,1.764127,100.5125,25,4
1.619542,1.289786,51.32956,19,2.597892,1.969261,109.6884,23,4
1.72716,1.370814,59.12085,21,2.256201,1.727391,89.08647,22,4
1.661644,1.287825,56.04558,21,2.161456,1.673729,80.14501,20,4
1.384609,1.055419,55.32774,21,1.972277,1.557118,75.9692,19,4
1.463158,1.163152,62.1907,21,2.251095,1.839322,92.70188,20,4
1.491807,1.212386,67.44975,22,1.992101,1.683392,79.60619,19,4
1.353633,1.108041,62.30523,23,1.955474,1.637948,81.0606,20,4
1.466923,1.2097,71.06264,23,2.034577,1.704829,86.71737,22,4
1.84486,1.486937,87.47838,23,1.978731,1.647443,85.18842,22,4
